"age","code","date","daily.deaths","cum.deaths"
"0-0","TX",2020-05-06,NA,0
"1-9","TX",2020-05-06,NA,0
"10-19","TX",2020-05-06,NA,0
"20-29","TX",2020-05-06,NA,4
"30-39","TX",2020-05-06,NA,9
"40-49","TX",2020-05-06,NA,20
"50-59","TX",2020-05-06,NA,46
"60-64","TX",2020-05-06,NA,39
"65-69","TX",2020-05-06,NA,56
"70-74","TX",2020-05-06,NA,40
"75-79","TX",2020-05-06,NA,42
"80+","TX",2020-05-06,NA,177
"0-0","TX",2020-05-07,0,0
"1-9","TX",2020-05-07,0,0
"10-19","TX",2020-05-07,0,0
"20-29","TX",2020-05-07,0,4
"30-39","TX",2020-05-07,0,9
"40-49","TX",2020-05-07,0,20
"50-59","TX",2020-05-07,0,46
"60-64","TX",2020-05-07,1,40
"65-69","TX",2020-05-07,1,57
"70-74","TX",2020-05-07,1,41
"75-79","TX",2020-05-07,0,42
"80+","TX",2020-05-07,3,180
"0-0","TX",2020-05-08,0,0
"1-9","TX",2020-05-08,0,0
"10-19","TX",2020-05-08,0,0
"20-29","TX",2020-05-08,0,4
"30-39","TX",2020-05-08,0,9
"40-49","TX",2020-05-08,0,20
"50-59","TX",2020-05-08,1,47
"60-64","TX",2020-05-08,1,41
"65-69","TX",2020-05-08,0,57
"70-74","TX",2020-05-08,2,43
"75-79","TX",2020-05-08,0,42
"80+","TX",2020-05-08,0,180
"0-0","TX",2020-05-09,0,0
"1-9","TX",2020-05-09,0,0
"10-19","TX",2020-05-09,0,0
"20-29","TX",2020-05-09,0,4
"30-39","TX",2020-05-09,0,9
"40-49","TX",2020-05-09,1,21
"50-59","TX",2020-05-09,3,50
"60-64","TX",2020-05-09,0,41
"65-69","TX",2020-05-09,1,58
"70-74","TX",2020-05-09,1,44
"75-79","TX",2020-05-09,2,44
"80+","TX",2020-05-09,9,189
"0-0","TX",2020-05-10,0,0
"1-9","TX",2020-05-10,0,0
"10-19","TX",2020-05-10,0,0
"20-29","TX",2020-05-10,0,4
"30-39","TX",2020-05-10,0,9
"40-49","TX",2020-05-10,0,21
"50-59","TX",2020-05-10,0,50
"60-64","TX",2020-05-10,0,41
"65-69","TX",2020-05-10,0,58
"70-74","TX",2020-05-10,0,44
"75-79","TX",2020-05-10,0,44
"80+","TX",2020-05-10,0,189
"0-0","TX",2020-05-11,0,0
"1-9","TX",2020-05-11,0,0
"10-19","TX",2020-05-11,0,0
"20-29","TX",2020-05-11,0,4
"30-39","TX",2020-05-11,0,9
"40-49","TX",2020-05-11,0,21
"50-59","TX",2020-05-11,2,52
"60-64","TX",2020-05-11,3,44
"65-69","TX",2020-05-11,0,58
"70-74","TX",2020-05-11,1,45
"75-79","TX",2020-05-11,0,44
"80+","TX",2020-05-11,5,194
"0-0","TX",2020-05-12,0,0
"1-9","TX",2020-05-12,0,0
"10-19","TX",2020-05-12,0,0
"20-29","TX",2020-05-12,0,4
"30-39","TX",2020-05-12,0,9
"40-49","TX",2020-05-12,0,21
"50-59","TX",2020-05-12,0,52
"60-64","TX",2020-05-12,0,44
"65-69","TX",2020-05-12,0,58
"70-74","TX",2020-05-12,0,45
"75-79","TX",2020-05-12,0,44
"80+","TX",2020-05-12,0,194
"0-0","TX",2020-05-13,0,0
"1-9","TX",2020-05-13,0,0
"10-19","TX",2020-05-13,0,0
"20-29","TX",2020-05-13,0,4
"30-39","TX",2020-05-13,0,9
"40-49","TX",2020-05-13,0,21
"50-59","TX",2020-05-13,0,52
"60-64","TX",2020-05-13,1,45
"65-69","TX",2020-05-13,0,58
"70-74","TX",2020-05-13,0,45
"75-79","TX",2020-05-13,0,44
"80+","TX",2020-05-13,1,195
"0-0","TX",2020-05-14,0,0
"1-9","TX",2020-05-14,0,0
"10-19","TX",2020-05-14,0,0
"20-29","TX",2020-05-14,0,4
"30-39","TX",2020-05-14,0,9
"40-49","TX",2020-05-14,0,21
"50-59","TX",2020-05-14,0,52
"60-64","TX",2020-05-14,0,45
"65-69","TX",2020-05-14,0,58
"70-74","TX",2020-05-14,0,45
"75-79","TX",2020-05-14,0,44
"80+","TX",2020-05-14,0,195
"0-0","TX",2020-05-15,0,0
"1-9","TX",2020-05-15,0,0
"10-19","TX",2020-05-15,0,0
"20-29","TX",2020-05-15,0,4
"30-39","TX",2020-05-15,0,9
"40-49","TX",2020-05-15,0,21
"50-59","TX",2020-05-15,2,54
"60-64","TX",2020-05-15,0,45
"65-69","TX",2020-05-15,0,58
"70-74","TX",2020-05-15,0,45
"75-79","TX",2020-05-15,1,45
"80+","TX",2020-05-15,1,196
"0-0","TX",2020-05-16,0,0
"0-0","TX",2020-05-17,0,0
"1-9","TX",2020-05-16,0,0
"1-9","TX",2020-05-17,0,0
"10-19","TX",2020-05-16,0,0
"10-19","TX",2020-05-17,0,0
"20-29","TX",2020-05-16,0,4
"20-29","TX",2020-05-17,0,4
"30-39","TX",2020-05-16,0,9
"30-39","TX",2020-05-17,0,9
"40-49","TX",2020-05-16,0,21
"40-49","TX",2020-05-17,0,21
"50-59","TX",2020-05-16,0,54
"50-59","TX",2020-05-17,0,54
"60-64","TX",2020-05-16,0,45
"60-64","TX",2020-05-17,0,45
"65-69","TX",2020-05-16,0,58
"65-69","TX",2020-05-17,0,58
"70-74","TX",2020-05-16,0,45
"70-74","TX",2020-05-17,0,45
"75-79","TX",2020-05-16,0,45
"75-79","TX",2020-05-17,0,45
"80+","TX",2020-05-16,0,196
"80+","TX",2020-05-17,0,196
"0-0","TX",2020-05-18,0,0
"1-9","TX",2020-05-18,0,0
"10-19","TX",2020-05-18,0,0
"20-29","TX",2020-05-18,0,4
"30-39","TX",2020-05-18,0,9
"40-49","TX",2020-05-18,0,21
"50-59","TX",2020-05-18,0,54
"60-64","TX",2020-05-18,0,45
"65-69","TX",2020-05-18,0,58
"70-74","TX",2020-05-18,0,45
"75-79","TX",2020-05-18,0,45
"80+","TX",2020-05-18,0,196
"0-0","TX",2020-05-19,0,0
"0-0","TX",2020-05-20,0,0
"0-0","TX",2020-05-21,0,0
"0-0","TX",2020-05-22,0,0
"0-0","TX",2020-05-23,0,0
"1-9","TX",2020-05-19,0,0
"1-9","TX",2020-05-20,0,0
"1-9","TX",2020-05-21,0,0
"1-9","TX",2020-05-22,0,0
"1-9","TX",2020-05-23,0,0
"10-19","TX",2020-05-19,0,0
"10-19","TX",2020-05-20,0,0
"10-19","TX",2020-05-21,0,0
"10-19","TX",2020-05-22,0,0
"10-19","TX",2020-05-23,0,0
"20-29","TX",2020-05-19,0,4
"20-29","TX",2020-05-20,0,4
"20-29","TX",2020-05-21,0,4
"20-29","TX",2020-05-22,0,4
"20-29","TX",2020-05-23,0,4
"30-39","TX",2020-05-19,0,9
"30-39","TX",2020-05-20,0,9
"30-39","TX",2020-05-21,0,9
"30-39","TX",2020-05-22,0,9
"30-39","TX",2020-05-23,0,9
"40-49","TX",2020-05-19,0,21
"40-49","TX",2020-05-20,0,21
"40-49","TX",2020-05-21,0,21
"40-49","TX",2020-05-22,0,21
"40-49","TX",2020-05-23,0,21
"50-59","TX",2020-05-19,0,54
"50-59","TX",2020-05-20,0,54
"50-59","TX",2020-05-21,0,54
"50-59","TX",2020-05-22,0,54
"50-59","TX",2020-05-23,0,54
"60-64","TX",2020-05-19,0,45
"60-64","TX",2020-05-20,0,45
"60-64","TX",2020-05-21,0,45
"60-64","TX",2020-05-22,0,45
"60-64","TX",2020-05-23,0,45
"65-69","TX",2020-05-19,0,58
"65-69","TX",2020-05-20,0,58
"65-69","TX",2020-05-21,0,58
"65-69","TX",2020-05-22,0,58
"65-69","TX",2020-05-23,0,58
"70-74","TX",2020-05-19,0,45
"70-74","TX",2020-05-20,0,45
"70-74","TX",2020-05-21,0,45
"70-74","TX",2020-05-22,0,45
"70-74","TX",2020-05-23,0,45
"75-79","TX",2020-05-19,0,45
"75-79","TX",2020-05-20,0,45
"75-79","TX",2020-05-21,0,45
"75-79","TX",2020-05-22,0,45
"75-79","TX",2020-05-23,0,45
"80+","TX",2020-05-19,0,196
"80+","TX",2020-05-20,0,196
"80+","TX",2020-05-21,0,196
"80+","TX",2020-05-22,0,196
"80+","TX",2020-05-23,0,196
"0-0","TX",2020-05-24,0,0
"1-9","TX",2020-05-24,0,0
"10-19","TX",2020-05-24,0,0
"20-29","TX",2020-05-24,0,4
"30-39","TX",2020-05-24,0,9
"40-49","TX",2020-05-24,0,21
"50-59","TX",2020-05-24,0,54
"60-64","TX",2020-05-24,0,45
"65-69","TX",2020-05-24,0,58
"70-74","TX",2020-05-24,0,45
"75-79","TX",2020-05-24,0,45
"80+","TX",2020-05-24,0,196
"0-0","TX",2020-05-25,0,0
"1-9","TX",2020-05-25,0,0
"10-19","TX",2020-05-25,0,0
"20-29","TX",2020-05-25,0,4
"30-39","TX",2020-05-25,0,9
"40-49","TX",2020-05-25,0,21
"50-59","TX",2020-05-25,0,54
"60-64","TX",2020-05-25,0,45
"65-69","TX",2020-05-25,0,58
"70-74","TX",2020-05-25,0,45
"75-79","TX",2020-05-25,0,45
"80+","TX",2020-05-25,1,196
"0-0","TX",2020-05-26,0,0
"1-9","TX",2020-05-26,0,0
"10-19","TX",2020-05-26,0,0
"20-29","TX",2020-05-26,0,4
"30-39","TX",2020-05-26,0,9
"40-49","TX",2020-05-26,0,21
"50-59","TX",2020-05-26,0,54
"60-64","TX",2020-05-26,0,45
"65-69","TX",2020-05-26,0,58
"70-74","TX",2020-05-26,0,45
"75-79","TX",2020-05-26,0,45
"80+","TX",2020-05-26,0,197
"0-0","TX",2020-05-27,0,0
"1-9","TX",2020-05-27,0,0
"10-19","TX",2020-05-27,0,0
"20-29","TX",2020-05-27,0,4
"30-39","TX",2020-05-27,0,9
"40-49","TX",2020-05-27,0,21
"50-59","TX",2020-05-27,0,54
"60-64","TX",2020-05-27,0,45
"65-69","TX",2020-05-27,0,58
"70-74","TX",2020-05-27,0,45
"75-79","TX",2020-05-27,0,45
"80+","TX",2020-05-27,1,198
"0-0","TX",2020-05-28,0,0
"1-9","TX",2020-05-28,0,0
"10-19","TX",2020-05-28,0,0
"20-29","TX",2020-05-28,0,4
"30-39","TX",2020-05-28,0,9
"40-49","TX",2020-05-28,0,21
"50-59","TX",2020-05-28,0,54
"60-64","TX",2020-05-28,0,45
"65-69","TX",2020-05-28,0,58
"70-74","TX",2020-05-28,0,45
"75-79","TX",2020-05-28,0,45
"80+","TX",2020-05-28,0,198
"0-0","TX",2020-05-29,0,0
"1-9","TX",2020-05-29,0,0
"10-19","TX",2020-05-29,0,0
"20-29","TX",2020-05-29,0,4
"30-39","TX",2020-05-29,0,9
"40-49","TX",2020-05-29,0,21
"50-59","TX",2020-05-29,0,54
"60-64","TX",2020-05-29,0,45
"65-69","TX",2020-05-29,0,58
"70-74","TX",2020-05-29,0,45
"75-79","TX",2020-05-29,0,45
"80+","TX",2020-05-29,0,198
"0-0","TX",2020-05-30,0,0
"1-9","TX",2020-05-30,0,0
"10-19","TX",2020-05-30,0,0
"20-29","TX",2020-05-30,0,4
"30-39","TX",2020-05-30,0,9
"40-49","TX",2020-05-30,0,21
"50-59","TX",2020-05-30,0,54
"60-64","TX",2020-05-30,0,45
"65-69","TX",2020-05-30,0,58
"70-74","TX",2020-05-30,0,45
"75-79","TX",2020-05-30,0,45
"80+","TX",2020-05-30,0,198
"0-0","TX",2020-05-31,0,0
"1-9","TX",2020-05-31,0,0
"10-19","TX",2020-05-31,0,0
"20-29","TX",2020-05-31,0,4
"30-39","TX",2020-05-31,0,9
"40-49","TX",2020-05-31,0,21
"50-59","TX",2020-05-31,0,54
"60-64","TX",2020-05-31,0,45
"65-69","TX",2020-05-31,0,58
"70-74","TX",2020-05-31,2,47
"75-79","TX",2020-05-31,0,45
"80+","TX",2020-05-31,1,199
"0-0","TX",2020-06-01,0,0
"1-9","TX",2020-06-01,0,0
"10-19","TX",2020-06-01,0,0
"20-29","TX",2020-06-01,0,4
"30-39","TX",2020-06-01,0,9
"40-49","TX",2020-06-01,0,21
"50-59","TX",2020-06-01,0,54
"60-64","TX",2020-06-01,0,45
"65-69","TX",2020-06-01,0,58
"70-74","TX",2020-06-01,0,47
"75-79","TX",2020-06-01,0,45
"80+","TX",2020-06-01,0,199
"0-0","TX",2020-06-02,0,0
"1-9","TX",2020-06-02,0,0
"10-19","TX",2020-06-02,0,0
"20-29","TX",2020-06-02,0,4
"30-39","TX",2020-06-02,0,9
"40-49","TX",2020-06-02,0,21
"50-59","TX",2020-06-02,0,54
"60-64","TX",2020-06-02,0,45
"65-69","TX",2020-06-02,0,58
"70-74","TX",2020-06-02,0,47
"75-79","TX",2020-06-02,1,46
"80+","TX",2020-06-02,0,199
"0-0","TX",2020-06-03,0,0
"1-9","TX",2020-06-03,0,0
"10-19","TX",2020-06-03,0,0
"20-29","TX",2020-06-03,0,4
"30-39","TX",2020-06-03,0,9
"40-49","TX",2020-06-03,0,21
"50-59","TX",2020-06-03,0,54
"60-64","TX",2020-06-03,0,45
"65-69","TX",2020-06-03,0,58
"70-74","TX",2020-06-03,0,47
"75-79","TX",2020-06-03,0,46
"80+","TX",2020-06-03,0,199
"0-0","TX",2020-06-04,0,0
"1-9","TX",2020-06-04,0,0
"10-19","TX",2020-06-04,0,0
"20-29","TX",2020-06-04,0,4
"30-39","TX",2020-06-04,1,10
"40-49","TX",2020-06-04,4,25
"50-59","TX",2020-06-04,18,72
"60-64","TX",2020-06-04,15,60
"65-69","TX",2020-06-04,16,74
"70-74","TX",2020-06-04,22,69
"75-79","TX",2020-06-04,24,70
"80+","TX",2020-06-04,66,265
"0-0","TX",2020-06-05,0,0
"1-9","TX",2020-06-05,0,0
"10-19","TX",2020-06-05,0,0
"20-29","TX",2020-06-05,0,4
"30-39","TX",2020-06-05,0,10
"40-49","TX",2020-06-05,0,25
"50-59","TX",2020-06-05,0,72
"60-64","TX",2020-06-05,0,60
"65-69","TX",2020-06-05,0,74
"70-74","TX",2020-06-05,0,69
"75-79","TX",2020-06-05,0,70
"80+","TX",2020-06-05,0,265
"0-0","TX",2020-06-06,0,0
"1-9","TX",2020-06-06,0,0
"10-19","TX",2020-06-06,0,0
"20-29","TX",2020-06-06,0,4
"30-39","TX",2020-06-06,0,10
"40-49","TX",2020-06-06,0,25
"50-59","TX",2020-06-06,0,72
"60-64","TX",2020-06-06,0,60
"65-69","TX",2020-06-06,0,74
"70-74","TX",2020-06-06,0,69
"75-79","TX",2020-06-06,0,70
"80+","TX",2020-06-06,0,265
"0-0","TX",2020-06-07,0,0
"1-9","TX",2020-06-07,0,0
"10-19","TX",2020-06-07,0,0
"20-29","TX",2020-06-07,0,4
"30-39","TX",2020-06-07,0,10
"40-49","TX",2020-06-07,0,25
"50-59","TX",2020-06-07,0,72
"60-64","TX",2020-06-07,0,60
"65-69","TX",2020-06-07,0,74
"70-74","TX",2020-06-07,0,69
"75-79","TX",2020-06-07,0,70
"80+","TX",2020-06-07,0,265
"0-0","TX",2020-06-08,0,0
"1-9","TX",2020-06-08,0,0
"10-19","TX",2020-06-08,0,0
"20-29","TX",2020-06-08,0,4
"30-39","TX",2020-06-08,0,10
"40-49","TX",2020-06-08,0,25
"50-59","TX",2020-06-08,0,72
"60-64","TX",2020-06-08,0,60
"65-69","TX",2020-06-08,0,74
"70-74","TX",2020-06-08,0,69
"75-79","TX",2020-06-08,0,70
"80+","TX",2020-06-08,0,265
"0-0","TX",2020-06-09,0,0
"1-9","TX",2020-06-09,0,0
"10-19","TX",2020-06-09,0,0
"20-29","TX",2020-06-09,0,4
"30-39","TX",2020-06-09,0,10
"40-49","TX",2020-06-09,0,25
"50-59","TX",2020-06-09,0,72
"60-64","TX",2020-06-09,0,60
"65-69","TX",2020-06-09,0,74
"70-74","TX",2020-06-09,0,69
"75-79","TX",2020-06-09,0,70
"80+","TX",2020-06-09,0,265
"0-0","TX",2020-06-10,0,0
"1-9","TX",2020-06-10,0,0
"10-19","TX",2020-06-10,0,0
"20-29","TX",2020-06-10,0,4
"30-39","TX",2020-06-10,0,10
"40-49","TX",2020-06-10,0,25
"50-59","TX",2020-06-10,0,72
"60-64","TX",2020-06-10,0,60
"65-69","TX",2020-06-10,0,74
"70-74","TX",2020-06-10,0,69
"75-79","TX",2020-06-10,0,70
"80+","TX",2020-06-10,0,265
"0-0","TX",2020-06-11,0,0
"1-9","TX",2020-06-11,0,0
"10-19","TX",2020-06-11,0,0
"20-29","TX",2020-06-11,0,4
"30-39","TX",2020-06-11,0,10
"40-49","TX",2020-06-11,0,25
"50-59","TX",2020-06-11,0,72
"60-64","TX",2020-06-11,0,60
"65-69","TX",2020-06-11,0,74
"70-74","TX",2020-06-11,0,69
"75-79","TX",2020-06-11,0,70
"80+","TX",2020-06-11,0,265
"0-0","TX",2020-06-12,0,0
"1-9","TX",2020-06-12,0,0
"10-19","TX",2020-06-12,0,0
"20-29","TX",2020-06-12,0,4
"30-39","TX",2020-06-12,0,10
"40-49","TX",2020-06-12,0,25
"50-59","TX",2020-06-12,0,72
"60-64","TX",2020-06-12,0,60
"65-69","TX",2020-06-12,0,74
"70-74","TX",2020-06-12,0,69
"75-79","TX",2020-06-12,0,70
"80+","TX",2020-06-12,0,265
"0-0","TX",2020-06-13,0,0
"1-9","TX",2020-06-13,0,0
"10-19","TX",2020-06-13,0,0
"20-29","TX",2020-06-13,0,4
"30-39","TX",2020-06-13,0,10
"40-49","TX",2020-06-13,0,25
"50-59","TX",2020-06-13,0,72
"60-64","TX",2020-06-13,0,60
"65-69","TX",2020-06-13,0,74
"70-74","TX",2020-06-13,0,69
"75-79","TX",2020-06-13,0,70
"80+","TX",2020-06-13,0,265
"0-0","TX",2020-06-14,0,0
"1-9","TX",2020-06-14,0,0
"10-19","TX",2020-06-14,0,0
"20-29","TX",2020-06-14,0,4
"30-39","TX",2020-06-14,0,10
"40-49","TX",2020-06-14,0,25
"50-59","TX",2020-06-14,0,72
"60-64","TX",2020-06-14,0,60
"65-69","TX",2020-06-14,0,74
"70-74","TX",2020-06-14,0,69
"75-79","TX",2020-06-14,0,70
"80+","TX",2020-06-14,0,265
"0-0","TX",2020-06-15,0,0
"1-9","TX",2020-06-15,0,0
"10-19","TX",2020-06-15,0,0
"20-29","TX",2020-06-15,0,4
"30-39","TX",2020-06-15,0,10
"40-49","TX",2020-06-15,0,25
"50-59","TX",2020-06-15,0,72
"60-64","TX",2020-06-15,0,60
"65-69","TX",2020-06-15,0,74
"70-74","TX",2020-06-15,0,69
"75-79","TX",2020-06-15,0,70
"80+","TX",2020-06-15,0,265
"0-0","TX",2020-06-16,0,0
"1-9","TX",2020-06-16,0,0
"10-19","TX",2020-06-16,0,0
"20-29","TX",2020-06-16,0,4
"30-39","TX",2020-06-16,0,10
"40-49","TX",2020-06-16,0,25
"50-59","TX",2020-06-16,0,72
"60-64","TX",2020-06-16,0,60
"65-69","TX",2020-06-16,0,74
"70-74","TX",2020-06-16,0,69
"75-79","TX",2020-06-16,0,70
"80+","TX",2020-06-16,0,265
"0-0","TX",2020-06-17,0,0
"1-9","TX",2020-06-17,0,0
"10-19","TX",2020-06-17,0,0
"20-29","TX",2020-06-17,0,4
"30-39","TX",2020-06-17,0,10
"40-49","TX",2020-06-17,0,25
"50-59","TX",2020-06-17,0,72
"60-64","TX",2020-06-17,0,60
"65-69","TX",2020-06-17,0,74
"70-74","TX",2020-06-17,0,69
"75-79","TX",2020-06-17,0,70
"80+","TX",2020-06-17,0,265
"0-0","TX",2020-06-18,0,0
"1-9","TX",2020-06-18,0,0
"10-19","TX",2020-06-18,0,0
"20-29","TX",2020-06-18,0,4
"30-39","TX",2020-06-18,0,10
"40-49","TX",2020-06-18,0,25
"50-59","TX",2020-06-18,0,72
"60-64","TX",2020-06-18,0,60
"65-69","TX",2020-06-18,0,74
"70-74","TX",2020-06-18,0,69
"75-79","TX",2020-06-18,0,70
"80+","TX",2020-06-18,0,265
"0-0","TX",2020-06-19,0,0
"1-9","TX",2020-06-19,0,0
"10-19","TX",2020-06-19,0,0
"20-29","TX",2020-06-19,0,4
"30-39","TX",2020-06-19,0,10
"40-49","TX",2020-06-19,0,25
"50-59","TX",2020-06-19,0,72
"60-64","TX",2020-06-19,0,60
"65-69","TX",2020-06-19,0,74
"70-74","TX",2020-06-19,0,69
"75-79","TX",2020-06-19,0,70
"80+","TX",2020-06-19,0,265
"0-0","TX",2020-06-20,0,0
"1-9","TX",2020-06-20,0,0
"10-19","TX",2020-06-20,0,0
"20-29","TX",2020-06-20,0,4
"30-39","TX",2020-06-20,0,10
"40-49","TX",2020-06-20,0,25
"50-59","TX",2020-06-20,0,72
"60-64","TX",2020-06-20,0,60
"65-69","TX",2020-06-20,0,74
"70-74","TX",2020-06-20,0,69
"75-79","TX",2020-06-20,0,70
"80+","TX",2020-06-20,0,265
"0-0","TX",2020-06-21,0,0
"1-9","TX",2020-06-21,0,0
"10-19","TX",2020-06-21,0,0
"20-29","TX",2020-06-21,0,4
"30-39","TX",2020-06-21,0,10
"40-49","TX",2020-06-21,0,25
"50-59","TX",2020-06-21,0,72
"60-64","TX",2020-06-21,0,60
"65-69","TX",2020-06-21,0,74
"70-74","TX",2020-06-21,0,69
"75-79","TX",2020-06-21,0,70
"80+","TX",2020-06-21,0,265
"0-0","TX",2020-06-22,0,0
"1-9","TX",2020-06-22,0,0
"10-19","TX",2020-06-22,0,0
"20-29","TX",2020-06-22,0,4
"30-39","TX",2020-06-22,0,10
"40-49","TX",2020-06-22,0,25
"50-59","TX",2020-06-22,0,72
"60-64","TX",2020-06-22,0,60
"65-69","TX",2020-06-22,0,74
"70-74","TX",2020-06-22,0,69
"75-79","TX",2020-06-22,0,70
"80+","TX",2020-06-22,0,265
"0-0","TX",2020-06-23,0,0
"1-9","TX",2020-06-23,0,0
"10-19","TX",2020-06-23,0,0
"20-29","TX",2020-06-23,0,4
"30-39","TX",2020-06-23,0,10
"40-49","TX",2020-06-23,0,25
"50-59","TX",2020-06-23,0,72
"60-64","TX",2020-06-23,0,60
"65-69","TX",2020-06-23,0,74
"70-74","TX",2020-06-23,0,69
"75-79","TX",2020-06-23,0,70
"80+","TX",2020-06-23,0,265
"0-0","TX",2020-06-24,0,0
"1-9","TX",2020-06-24,0,0
"10-19","TX",2020-06-24,0,0
"20-29","TX",2020-06-24,0,4
"30-39","TX",2020-06-24,0,10
"40-49","TX",2020-06-24,0,25
"50-59","TX",2020-06-24,0,72
"60-64","TX",2020-06-24,0,60
"65-69","TX",2020-06-24,0,74
"70-74","TX",2020-06-24,0,69
"75-79","TX",2020-06-24,0,70
"80+","TX",2020-06-24,0,265
"0-0","TX",2020-06-25,0,0
"1-9","TX",2020-06-25,0,0
"10-19","TX",2020-06-25,0,0
"20-29","TX",2020-06-25,0,4
"30-39","TX",2020-06-25,0,10
"40-49","TX",2020-06-25,0,25
"50-59","TX",2020-06-25,0,72
"60-64","TX",2020-06-25,0,60
"65-69","TX",2020-06-25,0,74
"70-74","TX",2020-06-25,0,69
"75-79","TX",2020-06-25,0,70
"80+","TX",2020-06-25,0,265
"0-0","TX",2020-06-26,0,0
"1-9","TX",2020-06-26,0,0
"10-19","TX",2020-06-26,0,0
"20-29","TX",2020-06-26,0,4
"30-39","TX",2020-06-26,0,10
"40-49","TX",2020-06-26,0,25
"50-59","TX",2020-06-26,0,72
"60-64","TX",2020-06-26,0,60
"65-69","TX",2020-06-26,0,74
"70-74","TX",2020-06-26,0,69
"75-79","TX",2020-06-26,0,70
"80+","TX",2020-06-26,0,265
"0-0","TX",2020-06-27,0,0
"1-9","TX",2020-06-27,0,0
"10-19","TX",2020-06-27,0,0
"20-29","TX",2020-06-27,0,4
"30-39","TX",2020-06-27,0,10
"40-49","TX",2020-06-27,0,25
"50-59","TX",2020-06-27,0,72
"60-64","TX",2020-06-27,0,60
"65-69","TX",2020-06-27,0,74
"70-74","TX",2020-06-27,0,69
"75-79","TX",2020-06-27,0,70
"80+","TX",2020-06-27,0,265
"0-0","TX",2020-06-28,0,0
"1-9","TX",2020-06-28,0,0
"10-19","TX",2020-06-28,0,0
"20-29","TX",2020-06-28,0,4
"30-39","TX",2020-06-28,0,10
"40-49","TX",2020-06-28,0,25
"50-59","TX",2020-06-28,0,72
"60-64","TX",2020-06-28,0,60
"65-69","TX",2020-06-28,0,74
"70-74","TX",2020-06-28,0,69
"75-79","TX",2020-06-28,0,70
"80+","TX",2020-06-28,0,265
"0-0","TX",2020-06-29,0,0
"1-9","TX",2020-06-29,0,0
"10-19","TX",2020-06-29,0,0
"20-29","TX",2020-06-29,0,4
"30-39","TX",2020-06-29,0,10
"40-49","TX",2020-06-29,0,25
"50-59","TX",2020-06-29,0,72
"60-64","TX",2020-06-29,0,60
"65-69","TX",2020-06-29,0,74
"70-74","TX",2020-06-29,0,69
"75-79","TX",2020-06-29,0,70
"80+","TX",2020-06-29,0,265
"0-0","TX",2020-06-30,0,0
"1-9","TX",2020-06-30,0,0
"10-19","TX",2020-06-30,0,0
"20-29","TX",2020-06-30,0,4
"30-39","TX",2020-06-30,0,10
"40-49","TX",2020-06-30,0,25
"50-59","TX",2020-06-30,0,72
"60-64","TX",2020-06-30,0,60
"65-69","TX",2020-06-30,0,74
"70-74","TX",2020-06-30,0,69
"75-79","TX",2020-06-30,0,70
"80+","TX",2020-06-30,0,265
"0-0","TX",2020-07-01,0,0
"1-9","TX",2020-07-01,0,0
"10-19","TX",2020-07-01,0,0
"20-29","TX",2020-07-01,0,4
"30-39","TX",2020-07-01,0,10
"40-49","TX",2020-07-01,0,25
"50-59","TX",2020-07-01,0,72
"60-64","TX",2020-07-01,0,60
"65-69","TX",2020-07-01,0,74
"70-74","TX",2020-07-01,0,69
"75-79","TX",2020-07-01,0,70
"80+","TX",2020-07-01,0,265
"0-0","TX",2020-07-02,0,0
"1-9","TX",2020-07-02,0,0
"10-19","TX",2020-07-02,0,0
"20-29","TX",2020-07-02,0,4
"30-39","TX",2020-07-02,0,10
"40-49","TX",2020-07-02,0,25
"50-59","TX",2020-07-02,0,72
"60-64","TX",2020-07-02,0,60
"65-69","TX",2020-07-02,0,74
"70-74","TX",2020-07-02,0,69
"75-79","TX",2020-07-02,0,70
"80+","TX",2020-07-02,0,265
"0-0","TX",2020-07-03,0,0
"1-9","TX",2020-07-03,0,0
"10-19","TX",2020-07-03,0,0
"20-29","TX",2020-07-03,0,4
"30-39","TX",2020-07-03,0,10
"40-49","TX",2020-07-03,0,25
"50-59","TX",2020-07-03,0,72
"60-64","TX",2020-07-03,0,60
"65-69","TX",2020-07-03,0,74
"70-74","TX",2020-07-03,0,69
"75-79","TX",2020-07-03,0,70
"80+","TX",2020-07-03,0,265
"0-0","TX",2020-07-04,0,0
"1-9","TX",2020-07-04,0,0
"10-19","TX",2020-07-04,0,0
"20-29","TX",2020-07-04,0,4
"30-39","TX",2020-07-04,0,10
"40-49","TX",2020-07-04,0,25
"50-59","TX",2020-07-04,0,72
"60-64","TX",2020-07-04,10,70
"65-69","TX",2020-07-04,1,75
"70-74","TX",2020-07-04,2,71
"75-79","TX",2020-07-04,6,76
"80+","TX",2020-07-04,11,276
"0-0","TX",2020-07-05,0,0
"1-9","TX",2020-07-05,0,0
"10-19","TX",2020-07-05,0,0
"20-29","TX",2020-07-05,0,4
"30-39","TX",2020-07-05,1,11
"40-49","TX",2020-07-05,0,25
"50-59","TX",2020-07-05,0,72
"60-64","TX",2020-07-05,0,70
"65-69","TX",2020-07-05,0,75
"70-74","TX",2020-07-05,0,71
"75-79","TX",2020-07-05,0,76
"80+","TX",2020-07-05,0,276
"0-0","TX",2020-07-06,0,0
"1-9","TX",2020-07-06,0,0
"10-19","TX",2020-07-06,0,0
"20-29","TX",2020-07-06,0,4
"30-39","TX",2020-07-06,0,11
"40-49","TX",2020-07-06,0,25
"50-59","TX",2020-07-06,0,72
"60-64","TX",2020-07-06,0,70
"65-69","TX",2020-07-06,0,75
"70-74","TX",2020-07-06,0,71
"75-79","TX",2020-07-06,0,76
"80+","TX",2020-07-06,0,276
"0-0","TX",2020-07-07,0,0
"1-9","TX",2020-07-07,0,0
"10-19","TX",2020-07-07,0,0
"20-29","TX",2020-07-07,0,4
"30-39","TX",2020-07-07,1,12
"40-49","TX",2020-07-07,0,25
"50-59","TX",2020-07-07,0,72
"60-64","TX",2020-07-07,0,70
"65-69","TX",2020-07-07,1,76
"70-74","TX",2020-07-07,2,73
"75-79","TX",2020-07-07,1,77
"80+","TX",2020-07-07,4,280
"0-0","TX",2020-07-08,0,0
"1-9","TX",2020-07-08,0,0
"10-19","TX",2020-07-08,0,0
"20-29","TX",2020-07-08,0,4
"30-39","TX",2020-07-08,0,12
"40-49","TX",2020-07-08,0,25
"50-59","TX",2020-07-08,0,72
"60-64","TX",2020-07-08,0,70
"65-69","TX",2020-07-08,0,76
"70-74","TX",2020-07-08,0,73
"75-79","TX",2020-07-08,0,77
"80+","TX",2020-07-08,0,280
"0-0","TX",2020-07-09,0,0
"1-9","TX",2020-07-09,0,0
"10-19","TX",2020-07-09,0,0
"20-29","TX",2020-07-09,0,4
"30-39","TX",2020-07-09,0,12
"40-49","TX",2020-07-09,0,25
"50-59","TX",2020-07-09,3,75
"60-64","TX",2020-07-09,1,71
"65-69","TX",2020-07-09,4,80
"70-74","TX",2020-07-09,2,75
"75-79","TX",2020-07-09,3,80
"80+","TX",2020-07-09,1,281
"0-0","TX",2020-07-10,0,0
"1-9","TX",2020-07-10,0,0
"10-19","TX",2020-07-10,0,0
"20-29","TX",2020-07-10,0,4
"30-39","TX",2020-07-10,0,12
"40-49","TX",2020-07-10,1,26
"50-59","TX",2020-07-10,0,75
"60-64","TX",2020-07-10,0,71
"65-69","TX",2020-07-10,2,82
"70-74","TX",2020-07-10,3,78
"75-79","TX",2020-07-10,0,80
"80+","TX",2020-07-10,1,282
"0-0","TX",2020-07-11,0,0
"1-9","TX",2020-07-11,0,0
"10-19","TX",2020-07-11,0,0
"20-29","TX",2020-07-11,0,4
"30-39","TX",2020-07-11,0,12
"40-49","TX",2020-07-11,0,26
"50-59","TX",2020-07-11,0,75
"60-64","TX",2020-07-11,0,71
"65-69","TX",2020-07-11,0,82
"70-74","TX",2020-07-11,0,78
"75-79","TX",2020-07-11,0,80
"80+","TX",2020-07-11,0,282
"0-0","TX",2020-07-12,0,0
"1-9","TX",2020-07-12,0,0
"10-19","TX",2020-07-12,0,0
"20-29","TX",2020-07-12,0,4
"30-39","TX",2020-07-12,0,12
"40-49","TX",2020-07-12,0,26
"50-59","TX",2020-07-12,1,76
"60-64","TX",2020-07-12,0,71
"65-69","TX",2020-07-12,0,82
"70-74","TX",2020-07-12,1,78
"75-79","TX",2020-07-12,2,81
"80+","TX",2020-07-12,1,283
"0-0","TX",2020-07-13,0,0
"1-9","TX",2020-07-13,0,0
"10-19","TX",2020-07-13,0,0
"20-29","TX",2020-07-13,0,4
"30-39","TX",2020-07-13,0,12
"40-49","TX",2020-07-13,0,26
"50-59","TX",2020-07-13,1,77
"60-64","TX",2020-07-13,0,71
"65-69","TX",2020-07-13,0,82
"70-74","TX",2020-07-13,0,79
"75-79","TX",2020-07-13,1,83
"80+","TX",2020-07-13,1,284
"0-0","TX",2020-07-14,0,0
"1-9","TX",2020-07-14,0,0
"10-19","TX",2020-07-14,0,0
"20-29","TX",2020-07-14,0,4
"30-39","TX",2020-07-14,0,12
"40-49","TX",2020-07-14,0,26
"50-59","TX",2020-07-14,0,77
"60-64","TX",2020-07-14,0,71
"65-69","TX",2020-07-14,0,82
"70-74","TX",2020-07-14,0,79
"75-79","TX",2020-07-14,0,83
"80+","TX",2020-07-14,0,284
"0-0","TX",2020-07-15,0,0
"1-9","TX",2020-07-15,0,0
"10-19","TX",2020-07-15,0,0
"20-29","TX",2020-07-15,0,4
"30-39","TX",2020-07-15,0,12
"40-49","TX",2020-07-15,2,28
"50-59","TX",2020-07-15,0,77
"60-64","TX",2020-07-15,3,74
"65-69","TX",2020-07-15,2,84
"70-74","TX",2020-07-15,0,79
"75-79","TX",2020-07-15,2,85
"80+","TX",2020-07-15,1,285
"0-0","TX",2020-07-16,0,0
"1-9","TX",2020-07-16,0,0
"10-19","TX",2020-07-16,0,0
"20-29","TX",2020-07-16,0,4
"30-39","TX",2020-07-16,0,12
"40-49","TX",2020-07-16,0,28
"50-59","TX",2020-07-16,0,77
"60-64","TX",2020-07-16,2,76
"65-69","TX",2020-07-16,0,84
"70-74","TX",2020-07-16,0,79
"75-79","TX",2020-07-16,2,87
"80+","TX",2020-07-16,3,288
"0-0","TX",2020-07-17,0,0
"1-9","TX",2020-07-17,0,0
"10-19","TX",2020-07-17,0,0
"20-29","TX",2020-07-17,0,4
"30-39","TX",2020-07-17,0,12
"40-49","TX",2020-07-17,0,28
"50-59","TX",2020-07-17,1,78
"60-64","TX",2020-07-17,0,76
"65-69","TX",2020-07-17,1,85
"70-74","TX",2020-07-17,1,80
"75-79","TX",2020-07-17,0,87
"80+","TX",2020-07-17,2,290
"0-0","TX",2020-07-18,0,0
"1-9","TX",2020-07-18,0,0
"10-19","TX",2020-07-18,0,0
"20-29","TX",2020-07-18,1,5
"30-39","TX",2020-07-18,0,12
"40-49","TX",2020-07-18,1,29
"50-59","TX",2020-07-18,2,80
"60-64","TX",2020-07-18,1,77
"65-69","TX",2020-07-18,1,86
"70-74","TX",2020-07-18,1,81
"75-79","TX",2020-07-18,1,88
"80+","TX",2020-07-18,1,291
"0-0","TX",2020-07-19,0,0
"1-9","TX",2020-07-19,0,0
"10-19","TX",2020-07-19,0,0
"20-29","TX",2020-07-19,0,5
"30-39","TX",2020-07-19,0,12
"40-49","TX",2020-07-19,0,29
"50-59","TX",2020-07-19,0,80
"60-64","TX",2020-07-19,0,77
"65-69","TX",2020-07-19,1,87
"70-74","TX",2020-07-19,1,82
"75-79","TX",2020-07-19,0,88
"80+","TX",2020-07-19,2,293
"0-0","TX",2020-07-20,0,0
"1-9","TX",2020-07-20,0,0
"10-19","TX",2020-07-20,0,0
"20-29","TX",2020-07-20,0,5
"30-39","TX",2020-07-20,0,12
"40-49","TX",2020-07-20,0,29
"50-59","TX",2020-07-20,0,80
"60-64","TX",2020-07-20,0,77
"65-69","TX",2020-07-20,0,87
"70-74","TX",2020-07-20,0,82
"75-79","TX",2020-07-20,0,88
"80+","TX",2020-07-20,0,293
"0-0","TX",2020-07-21,0,0
"1-9","TX",2020-07-21,0,0
"10-19","TX",2020-07-21,0,0
"20-29","TX",2020-07-21,2,7
"30-39","TX",2020-07-21,0,12
"40-49","TX",2020-07-21,1,30
"50-59","TX",2020-07-21,0,80
"60-64","TX",2020-07-21,1,78
"65-69","TX",2020-07-21,1,88
"70-74","TX",2020-07-21,0,82
"75-79","TX",2020-07-21,0,88
"80+","TX",2020-07-21,0,293
"0-0","TX",2020-07-22,0,0
"1-9","TX",2020-07-22,0,0
"10-19","TX",2020-07-22,0,0
"20-29","TX",2020-07-22,0,7
"30-39","TX",2020-07-22,0,12
"40-49","TX",2020-07-22,0,30
"50-59","TX",2020-07-22,0,80
"60-64","TX",2020-07-22,0,78
"65-69","TX",2020-07-22,0,88
"70-74","TX",2020-07-22,2,84
"75-79","TX",2020-07-22,1,89
"80+","TX",2020-07-22,2,295
"0-0","TX",2020-07-23,0,0
"1-9","TX",2020-07-23,0,0
"10-19","TX",2020-07-23,0,0
"20-29","TX",2020-07-23,0,7
"30-39","TX",2020-07-23,0,12
"40-49","TX",2020-07-23,3,33
"50-59","TX",2020-07-23,0,80
"60-64","TX",2020-07-23,2,80
"65-69","TX",2020-07-23,0,88
"70-74","TX",2020-07-23,0,84
"75-79","TX",2020-07-23,1,90
"80+","TX",2020-07-23,4,299
"0-0","TX",2020-07-24,0,0
"1-9","TX",2020-07-24,0,0
"10-19","TX",2020-07-24,0,0
"20-29","TX",2020-07-24,0,7
"30-39","TX",2020-07-24,0,12
"40-49","TX",2020-07-24,1,34
"50-59","TX",2020-07-24,0,80
"60-64","TX",2020-07-24,0,80
"65-69","TX",2020-07-24,0,88
"70-74","TX",2020-07-24,1,85
"75-79","TX",2020-07-24,0,90
"80+","TX",2020-07-24,1,300
"0-0","TX",2020-07-25,0,0
"1-9","TX",2020-07-25,0,0
"10-19","TX",2020-07-25,0,0
"20-29","TX",2020-07-25,0,7
"30-39","TX",2020-07-25,0,12
"40-49","TX",2020-07-25,2,36
"50-59","TX",2020-07-25,1,81
"60-64","TX",2020-07-25,2,82
"65-69","TX",2020-07-25,0,88
"70-74","TX",2020-07-25,1,86
"75-79","TX",2020-07-25,0,90
"80+","TX",2020-07-25,2,302
"0-0","TX",2020-07-26,0,0
"1-9","TX",2020-07-26,0,0
"10-19","TX",2020-07-26,0,0
"20-29","TX",2020-07-26,1,8
"30-39","TX",2020-07-26,0,12
"40-49","TX",2020-07-26,0,36
"50-59","TX",2020-07-26,0,81
"60-64","TX",2020-07-26,1,83
"65-69","TX",2020-07-26,0,88
"70-74","TX",2020-07-26,0,86
"75-79","TX",2020-07-26,0,90
"80+","TX",2020-07-26,1,303
"0-0","TX",2020-07-27,2,2
"1-9","TX",2020-07-27,1,1
"10-19","TX",2020-07-27,7,7
"20-29","TX",2020-07-27,39,47
"30-39","TX",2020-07-27,109,121
"40-49","TX",2020-07-27,279,315
"50-59","TX",2020-07-27,553,634
"60-64","TX",2020-07-27,450,533
"65-69","TX",2020-07-27,572,660
"70-74","TX",2020-07-27,631,717
"75-79","TX",2020-07-27,612,702
"80+","TX",2020-07-27,1670,1973
"0-0","TX",2020-07-28,0,2
"1-9","TX",2020-07-28,0,1
"10-19","TX",2020-07-28,0,7
"20-29","TX",2020-07-28,0,47
"30-39","TX",2020-07-28,0,121
"40-49","TX",2020-07-28,0,315
"50-59","TX",2020-07-28,0,634
"60-64","TX",2020-07-28,0,533
"65-69","TX",2020-07-28,0,660
"70-74","TX",2020-07-28,0,717
"75-79","TX",2020-07-28,0,702
"80+","TX",2020-07-28,0,1973
"0-0","TX",2020-07-29,0,2
"1-9","TX",2020-07-29,1,2
"10-19","TX",2020-07-29,0,7
"20-29","TX",2020-07-29,5,52
"30-39","TX",2020-07-29,10,131
"40-49","TX",2020-07-29,26,341
"50-59","TX",2020-07-29,55,689
"60-64","TX",2020-07-29,35,568
"65-69","TX",2020-07-29,54,714
"70-74","TX",2020-07-29,65,782
"75-79","TX",2020-07-29,61,763
"80+","TX",2020-07-29,164,2137
"0-0","TX",2020-07-30,0,2
"1-9","TX",2020-07-30,0,2
"10-19","TX",2020-07-30,0,7
"20-29","TX",2020-07-30,1,53
"30-39","TX",2020-07-30,0,131
"40-49","TX",2020-07-30,10,351
"50-59","TX",2020-07-30,18,707
"60-64","TX",2020-07-30,5,573
"65-69","TX",2020-07-30,2,716
"70-74","TX",2020-07-30,33,815
"75-79","TX",2020-07-30,5,768
"80+","TX",2020-07-30,12,2149
"0-0","TX",2020-07-31,0,2
"1-9","TX",2020-07-31,0,2
"10-19","TX",2020-07-31,0,7
"20-29","TX",2020-07-31,1,54
"30-39","TX",2020-07-31,6,137
"40-49","TX",2020-07-31,11,362
"50-59","TX",2020-07-31,28,735
"60-64","TX",2020-07-31,32,605
"65-69","TX",2020-07-31,31,747
"70-74","TX",2020-07-31,40,855
"75-79","TX",2020-07-31,38,806
"80+","TX",2020-07-31,108,2257
"0-0","TX",2020-08-01,0,2
"1-9","TX",2020-08-01,0,2
"10-19","TX",2020-08-01,0,7
"20-29","TX",2020-08-01,2,56
"30-39","TX",2020-08-01,6,143
"40-49","TX",2020-08-01,13,375
"50-59","TX",2020-08-01,34,769
"60-64","TX",2020-08-01,24,629
"65-69","TX",2020-08-01,24,771
"70-74","TX",2020-08-01,40,895
"75-79","TX",2020-08-01,40,846
"80+","TX",2020-08-01,85,2342
"0-0","TX",2020-08-02,0,2
"1-9","TX",2020-08-02,0,2
"10-19","TX",2020-08-02,0,7
"20-29","TX",2020-08-02,0,56
"30-39","TX",2020-08-02,0,143
"40-49","TX",2020-08-02,0,375
"50-59","TX",2020-08-02,0,769
"60-64","TX",2020-08-02,0,629
"65-69","TX",2020-08-02,0,771
"70-74","TX",2020-08-02,0,895
"75-79","TX",2020-08-02,0,846
"80+","TX",2020-08-02,0,2342
"0-0","TX",2020-08-03,0,2
"1-9","TX",2020-08-03,0,2
"10-19","TX",2020-08-03,0,7
"20-29","TX",2020-08-03,2,58
"30-39","TX",2020-08-03,3,146
"40-49","TX",2020-08-03,6,381
"50-59","TX",2020-08-03,21,790
"60-64","TX",2020-08-03,21,650
"65-69","TX",2020-08-03,26,797
"70-74","TX",2020-08-03,23,918
"75-79","TX",2020-08-03,16,862
"80+","TX",2020-08-03,61,2403
"0-0","TX",2020-08-04,0,2
"1-9","TX",2020-08-04,2,4
"10-19","TX",2020-08-04,0,7
"20-29","TX",2020-08-04,1,59
"30-39","TX",2020-08-04,3,149
"40-49","TX",2020-08-04,11,392
"50-59","TX",2020-08-04,29,819
"60-64","TX",2020-08-04,23,673
"65-69","TX",2020-08-04,36,833
"70-74","TX",2020-08-04,29,947
"75-79","TX",2020-08-04,40,902
"80+","TX",2020-08-04,71,2474
"0-0","TX",2020-08-05,0,2
"1-9","TX",2020-08-05,0,4
"10-19","TX",2020-08-05,0,7
"20-29","TX",2020-08-05,1,60
"30-39","TX",2020-08-05,5,154
"40-49","TX",2020-08-05,13,405
"50-59","TX",2020-08-05,36,855
"60-64","TX",2020-08-05,20,693
"65-69","TX",2020-08-05,25,858
"70-74","TX",2020-08-05,30,977
"75-79","TX",2020-08-05,23,925
"80+","TX",2020-08-05,83,2557
"0-0","TX",2020-08-06,0,2
"1-9","TX",2020-08-06,0,4
"10-19","TX",2020-08-06,1,8
"20-29","TX",2020-08-06,1,61
"30-39","TX",2020-08-06,7,161
"40-49","TX",2020-08-06,16,421
"50-59","TX",2020-08-06,30,885
"60-64","TX",2020-08-06,33,726
"65-69","TX",2020-08-06,39,897
"70-74","TX",2020-08-06,38,1015
"75-79","TX",2020-08-06,46,971
"80+","TX",2020-08-06,95,2652
"0-0","TX",2020-08-07,0,2
"1-9","TX",2020-08-07,0,4
"10-19","TX",2020-08-07,0,8
"20-29","TX",2020-08-07,0,61
"30-39","TX",2020-08-07,7,168
"40-49","TX",2020-08-07,18,439
"50-59","TX",2020-08-07,37,922
"60-64","TX",2020-08-07,44,770
"65-69","TX",2020-08-07,35,932
"70-74","TX",2020-08-07,30,1045
"75-79","TX",2020-08-07,33,1004
"80+","TX",2020-08-07,89,2741
"0-0","TX",2020-08-08,0,2
"1-9","TX",2020-08-08,1,5
"10-19","TX",2020-08-08,0,8
"20-29","TX",2020-08-08,2,63
"30-39","TX",2020-08-08,6,174
"40-49","TX",2020-08-08,16,455
"50-59","TX",2020-08-08,39,961
"60-64","TX",2020-08-08,14,784
"65-69","TX",2020-08-08,24,956
"70-74","TX",2020-08-08,34,1079
"75-79","TX",2020-08-08,35,1039
"80+","TX",2020-08-08,76,2817
"0-0","TX",2020-08-09,0,2
"1-9","TX",2020-08-09,0,5
"10-19","TX",2020-08-09,0,8
"20-29","TX",2020-08-09,0,63
"30-39","TX",2020-08-09,1,175
"40-49","TX",2020-08-09,4,459
"50-59","TX",2020-08-09,16,977
"60-64","TX",2020-08-09,14,798
"65-69","TX",2020-08-09,15,971
"70-74","TX",2020-08-09,18,1097
"75-79","TX",2020-08-09,10,1049
"80+","TX",2020-08-09,38,2855
"0-0","TX",2020-08-10,0,2
"1-9","TX",2020-08-10,0,5
"10-19","TX",2020-08-10,1,9
"20-29","TX",2020-08-10,0,63
"30-39","TX",2020-08-10,0,175
"40-49","TX",2020-08-10,0,459
"50-59","TX",2020-08-10,4,981
"60-64","TX",2020-08-10,1,799
"65-69","TX",2020-08-10,1,972
"70-74","TX",2020-08-10,4,1101
"75-79","TX",2020-08-10,5,1054
"80+","TX",2020-08-10,15,2870
"0-0","TX",2020-08-11,0,2
"1-9","TX",2020-08-11,0,5
"10-19","TX",2020-08-11,0,9
"20-29","TX",2020-08-11,0,63
"30-39","TX",2020-08-11,0,175
"40-49","TX",2020-08-11,0,459
"50-59","TX",2020-08-11,0,981
"60-64","TX",2020-08-11,0,799
"65-69","TX",2020-08-11,0,972
"70-74","TX",2020-08-11,0,1101
"75-79","TX",2020-08-11,0,1054
"80+","TX",2020-08-11,0,2870
"0-0","TX",2020-08-12,0,2
"1-9","TX",2020-08-12,0,5
"10-19","TX",2020-08-12,0,9
"20-29","TX",2020-08-12,2,65
"30-39","TX",2020-08-12,12,187
"40-49","TX",2020-08-12,21,480
"50-59","TX",2020-08-12,69,1050
"60-64","TX",2020-08-12,46,845
"65-69","TX",2020-08-12,56,1028
"70-74","TX",2020-08-12,88,1189
"75-79","TX",2020-08-12,61,1115
"80+","TX",2020-08-12,189,3059
"0-0","TX",2020-08-13,0,2
"1-9","TX",2020-08-13,0,5
"10-19","TX",2020-08-13,0,9
"20-29","TX",2020-08-13,1,66
"30-39","TX",2020-08-13,3,190
"40-49","TX",2020-08-13,15,495
"50-59","TX",2020-08-13,35,1085
"60-64","TX",2020-08-13,21,866
"65-69","TX",2020-08-13,40,1068
"70-74","TX",2020-08-13,33,1222
"75-79","TX",2020-08-13,26,1141
"80+","TX",2020-08-13,81,3140
"0-0","TX",2020-08-14,0,2
"1-9","TX",2020-08-14,0,5
"10-19","TX",2020-08-14,0,9
"20-29","TX",2020-08-14,1,67
"30-39","TX",2020-08-14,3,193
"40-49","TX",2020-08-14,20,515
"50-59","TX",2020-08-14,39,1124
"60-64","TX",2020-08-14,35,901
"65-69","TX",2020-08-14,33,1101
"70-74","TX",2020-08-14,30,1252
"75-79","TX",2020-08-14,45,1186
"80+","TX",2020-08-14,107,3247
"0-0","TX",2020-08-15,0,2
"1-9","TX",2020-08-15,0,5
"10-19","TX",2020-08-15,1,9
"20-29","TX",2020-08-15,2,68
"30-39","TX",2020-08-15,3,196
"40-49","TX",2020-08-15,10,525
"50-59","TX",2020-08-15,21,1144
"60-64","TX",2020-08-15,19,919
"65-69","TX",2020-08-15,23,1124
"70-74","TX",2020-08-15,25,1277
"75-79","TX",2020-08-15,23,1209
"80+","TX",2020-08-15,66,3312
"0-0","TX",2020-08-16,0,2
"1-9","TX",2020-08-16,0,5
"10-19","TX",2020-08-16,0,10
"20-29","TX",2020-08-16,1,70
"30-39","TX",2020-08-16,3,199
"40-49","TX",2020-08-16,10,535
"50-59","TX",2020-08-16,20,1165
"60-64","TX",2020-08-16,18,938
"65-69","TX",2020-08-16,23,1147
"70-74","TX",2020-08-16,25,1302
"75-79","TX",2020-08-16,23,1232
"80+","TX",2020-08-16,65,3378
"0-0","TX",2020-08-17,0,2
"1-9","TX",2020-08-17,0,5
"10-19","TX",2020-08-17,0,10
"20-29","TX",2020-08-17,0,70
"30-39","TX",2020-08-17,1,200
"40-49","TX",2020-08-17,5,540
"50-59","TX",2020-08-17,8,1173
"60-64","TX",2020-08-17,8,946
"65-69","TX",2020-08-17,7,1154
"70-74","TX",2020-08-17,6,1308
"75-79","TX",2020-08-17,5,1237
"80+","TX",2020-08-17,11,3389
"0-0","TX",2020-08-18,0,2
"1-9","TX",2020-08-18,0,5
"10-19","TX",2020-08-18,1,11
"20-29","TX",2020-08-18,2,72
"30-39","TX",2020-08-18,2,202
"40-49","TX",2020-08-18,9,549
"50-59","TX",2020-08-18,21,1194
"60-64","TX",2020-08-18,23,969
"65-69","TX",2020-08-18,34,1188
"70-74","TX",2020-08-18,26,1334
"75-79","TX",2020-08-18,26,1263
"80+","TX",2020-08-18,72,3461
"0-0","TX",2020-08-19,0,2
"1-9","TX",2020-08-19,0,5
"10-19","TX",2020-08-19,0,11
"20-29","TX",2020-08-19,2,74
"30-39","TX",2020-08-19,9,211
"40-49","TX",2020-08-19,13,562
"50-59","TX",2020-08-19,46,1240
"60-64","TX",2020-08-19,29,998
"65-69","TX",2020-08-19,45,1233
"70-74","TX",2020-08-19,38,1372
"75-79","TX",2020-08-19,37,1300
"80+","TX",2020-08-19,90,3551
"0-0","TX",2020-08-20,0,2
"1-9","TX",2020-08-20,0,5
"10-19","TX",2020-08-20,0,11
"20-29","TX",2020-08-20,2,76
"30-39","TX",2020-08-20,4,215
"40-49","TX",2020-08-20,14,576
"50-59","TX",2020-08-20,24,1264
"60-64","TX",2020-08-20,26,1024
"65-69","TX",2020-08-20,25,1258
"70-74","TX",2020-08-20,33,1405
"75-79","TX",2020-08-20,31,1331
"80+","TX",2020-08-20,75,3626
"0-0","TX",2020-08-21,0,2
"1-9","TX",2020-08-21,0,5
"10-19","TX",2020-08-21,0,11
"20-29","TX",2020-08-21,0,76
"30-39","TX",2020-08-21,2,217
"40-49","TX",2020-08-21,11,587
"50-59","TX",2020-08-21,36,1300
"60-64","TX",2020-08-21,25,1049
"65-69","TX",2020-08-21,29,1287
"70-74","TX",2020-08-21,32,1437
"75-79","TX",2020-08-21,33,1364
"80+","TX",2020-08-21,90,3716
"0-0","TX",2020-08-22,1,3
"1-9","TX",2020-08-22,0,5
"10-19","TX",2020-08-22,0,11
"20-29","TX",2020-08-22,3,79
"30-39","TX",2020-08-22,7,224
"40-49","TX",2020-08-22,20,607
"50-59","TX",2020-08-22,22,1322
"60-64","TX",2020-08-22,22,1071
"65-69","TX",2020-08-22,31,1318
"70-74","TX",2020-08-22,29,1466
"75-79","TX",2020-08-22,20,1384
"80+","TX",2020-08-22,60,3776
"0-0","TX",2020-08-23,0,3
"1-9","TX",2020-08-23,0,5
"10-19","TX",2020-08-23,0,11
"20-29","TX",2020-08-23,0,79
"30-39","TX",2020-08-23,2,226
"40-49","TX",2020-08-23,7,614
"50-59","TX",2020-08-23,18,1340
"60-64","TX",2020-08-23,9,1080
"65-69","TX",2020-08-23,12,1330
"70-74","TX",2020-08-23,18,1484
"75-79","TX",2020-08-23,13,1397
"80+","TX",2020-08-23,25,3801
"0-0","TX",2020-08-24,0,3
"1-9","TX",2020-08-24,0,5
"10-19","TX",2020-08-24,0,11
"20-29","TX",2020-08-24,0,79
"30-39","TX",2020-08-24,0,226
"40-49","TX",2020-08-24,0,614
"50-59","TX",2020-08-24,0,1340
"60-64","TX",2020-08-24,0,1080
"65-69","TX",2020-08-24,0,1330
"70-74","TX",2020-08-24,0,1484
"75-79","TX",2020-08-24,0,1397
"80+","TX",2020-08-24,0,3801
"0-0","TX",2020-08-25,0,3
"1-9","TX",2020-08-25,0,5
"10-19","TX",2020-08-25,0,11
"20-29","TX",2020-08-25,0,79
"30-39","TX",2020-08-25,0,226
"40-49","TX",2020-08-25,1,615
"50-59","TX",2020-08-25,4,1344
"60-64","TX",2020-08-25,3,1083
"65-69","TX",2020-08-25,1,1331
"70-74","TX",2020-08-25,3,1487
"75-79","TX",2020-08-25,2,1399
"80+","TX",2020-08-25,11,3812
"0-0","TX",2020-08-26,0,3
"1-9","TX",2020-08-26,0,5
"10-19","TX",2020-08-26,0,11
"20-29","TX",2020-08-26,1,80
"30-39","TX",2020-08-26,4,230
"40-49","TX",2020-08-26,20,635
"50-59","TX",2020-08-26,58,1402
"60-64","TX",2020-08-26,51,1134
"65-69","TX",2020-08-26,40,1371
"70-74","TX",2020-08-26,53,1540
"75-79","TX",2020-08-26,52,1451
"80+","TX",2020-08-26,131,3943
"0-0","TX",2020-08-27,0,3
"1-9","TX",2020-08-27,0,5
"10-19","TX",2020-08-27,0,11
"20-29","TX",2020-08-27,0,80
"30-39","TX",2020-08-27,0,230
"40-49","TX",2020-08-27,0,635
"50-59","TX",2020-08-27,0,1402
"60-64","TX",2020-08-27,0,1134
"65-69","TX",2020-08-27,0,1371
"70-74","TX",2020-08-27,0,1540
"75-79","TX",2020-08-27,0,1451
"80+","TX",2020-08-27,0,3943
"0-0","TX",2020-08-28,0,3
"1-9","TX",2020-08-28,0,5
"10-19","TX",2020-08-28,1,12
"20-29","TX",2020-08-28,3,83
"30-39","TX",2020-08-28,4,234
"40-49","TX",2020-08-28,22,656
"50-59","TX",2020-08-28,36,1437
"60-64","TX",2020-08-28,29,1163
"65-69","TX",2020-08-28,36,1406
"70-74","TX",2020-08-28,43,1582
"75-79","TX",2020-08-28,32,1483
"80+","TX",2020-08-28,104,4046
"0-0","TX",2020-08-29,0,3
"1-9","TX",2020-08-29,0,5
"10-19","TX",2020-08-29,1,13
"20-29","TX",2020-08-29,3,86
"30-39","TX",2020-08-29,4,238
"40-49","TX",2020-08-29,21,678
"50-59","TX",2020-08-29,35,1473
"60-64","TX",2020-08-29,29,1192
"65-69","TX",2020-08-29,35,1442
"70-74","TX",2020-08-29,42,1625
"75-79","TX",2020-08-29,32,1515
"80+","TX",2020-08-29,103,4150
"0-0","TX",2020-08-30,0,3
"1-9","TX",2020-08-30,0,5
"10-19","TX",2020-08-30,1,14
"20-29","TX",2020-08-30,0,86
"30-39","TX",2020-08-30,2,240
"40-49","TX",2020-08-30,6,684
"50-59","TX",2020-08-30,10,1483
"60-64","TX",2020-08-30,6,1198
"65-69","TX",2020-08-30,14,1456
"70-74","TX",2020-08-30,9,1634
"75-79","TX",2020-08-30,15,1530
"80+","TX",2020-08-30,27,4177
"0-0","TX",2020-08-31,0,3
"1-9","TX",2020-08-31,0,5
"10-19","TX",2020-08-31,0,14
"20-29","TX",2020-08-31,0,86
"30-39","TX",2020-08-31,1,241
"40-49","TX",2020-08-31,2,686
"50-59","TX",2020-08-31,4,1487
"60-64","TX",2020-08-31,1,1199
"65-69","TX",2020-08-31,2,1458
"70-74","TX",2020-08-31,6,1640
"75-79","TX",2020-08-31,3,1533
"80+","TX",2020-08-31,7,4184
"0-0","TX",2020-09-01,0,3
"1-9","TX",2020-09-01,0,5
"10-19","TX",2020-09-01,0,14
"20-29","TX",2020-09-01,0,86
"30-39","TX",2020-09-01,2,243
"40-49","TX",2020-09-01,12,698
"50-59","TX",2020-09-01,16,1503
"60-64","TX",2020-09-01,21,1220
"65-69","TX",2020-09-01,15,1473
"70-74","TX",2020-09-01,15,1655
"75-79","TX",2020-09-01,19,1552
"80+","TX",2020-09-01,45,4229
"0-0","TX",2020-09-02,0,3
"1-9","TX",2020-09-02,0,5
"10-19","TX",2020-09-02,0,14
"20-29","TX",2020-09-02,2,88
"30-39","TX",2020-09-02,0,243
"40-49","TX",2020-09-02,15,713
"50-59","TX",2020-09-02,29,1532
"60-64","TX",2020-09-02,11,1231
"65-69","TX",2020-09-02,23,1496
"70-74","TX",2020-09-02,33,1688
"75-79","TX",2020-09-02,19,1571
"80+","TX",2020-09-02,57,4286
"0-0","TX",2020-09-03,0,3
"1-9","TX",2020-09-03,0,5
"10-19","TX",2020-09-03,0,14
"20-29","TX",2020-09-03,1,89
"30-39","TX",2020-09-03,5,248
"40-49","TX",2020-09-03,11,724
"50-59","TX",2020-09-03,31,1563
"60-64","TX",2020-09-03,24,1255
"65-69","TX",2020-09-03,28,1524
"70-74","TX",2020-09-03,22,1710
"75-79","TX",2020-09-03,29,1600
"80+","TX",2020-09-03,70,4356
"0-0","TX",2020-09-04,0,3
"1-9","TX",2020-09-04,0,5
"10-19","TX",2020-09-04,0,14
"20-29","TX",2020-09-04,1,90
"30-39","TX",2020-09-04,1,249
"40-49","TX",2020-09-04,3,727
"50-59","TX",2020-09-04,20,1583
"60-64","TX",2020-09-04,20,1275
"65-69","TX",2020-09-04,19,1543
"70-74","TX",2020-09-04,11,1721
"75-79","TX",2020-09-04,23,1623
"80+","TX",2020-09-04,42,4398
"0-0","TX",2020-09-05,0,3
"1-9","TX",2020-09-05,0,5
"10-19","TX",2020-09-05,1,15
"20-29","TX",2020-09-05,1,91
"30-39","TX",2020-09-05,1,250
"40-49","TX",2020-09-05,7,734
"50-59","TX",2020-09-05,21,1604
"60-64","TX",2020-09-05,18,1293
"65-69","TX",2020-09-05,23,1566
"70-74","TX",2020-09-05,19,1740
"75-79","TX",2020-09-05,24,1647
"80+","TX",2020-09-05,62,4460
"0-0","TX",2020-09-06,0,3
"1-9","TX",2020-09-06,0,5
"10-19","TX",2020-09-06,0,15
"20-29","TX",2020-09-06,0,91
"30-39","TX",2020-09-06,0,250
"40-49","TX",2020-09-06,0,734
"50-59","TX",2020-09-06,0,1604
"60-64","TX",2020-09-06,0,1293
"65-69","TX",2020-09-06,0,1566
"70-74","TX",2020-09-06,0,1740
"75-79","TX",2020-09-06,0,1647
"80+","TX",2020-09-06,0,4460
"0-0","TX",2020-09-07,0,3
"1-9","TX",2020-09-07,0,5
"10-19","TX",2020-09-07,0,15
"20-29","TX",2020-09-07,1,92
"30-39","TX",2020-09-07,1,251
"40-49","TX",2020-09-07,4,738
"50-59","TX",2020-09-07,12,1616
"60-64","TX",2020-09-07,8,1301
"65-69","TX",2020-09-07,10,1576
"70-74","TX",2020-09-07,14,1754
"75-79","TX",2020-09-07,9,1656
"80+","TX",2020-09-07,25,4485
"0-0","TX",2020-09-08,0,3
"1-9","TX",2020-09-08,0,5
"10-19","TX",2020-09-08,0,15
"20-29","TX",2020-09-08,0,92
"30-39","TX",2020-09-08,1,252
"40-49","TX",2020-09-08,4,742
"50-59","TX",2020-09-08,8,1624
"60-64","TX",2020-09-08,4,1305
"65-69","TX",2020-09-08,13,1589
"70-74","TX",2020-09-08,6,1760
"75-79","TX",2020-09-08,8,1664
"80+","TX",2020-09-08,16,4501
"0-0","TX",2020-09-09,0,3
"1-9","TX",2020-09-09,1,6
"10-19","TX",2020-09-09,0,15
"20-29","TX",2020-09-09,1,93
"30-39","TX",2020-09-09,0,252
"40-49","TX",2020-09-09,8,750
"50-59","TX",2020-09-09,17,1641
"60-64","TX",2020-09-09,6,1311
"65-69","TX",2020-09-09,16,1605
"70-74","TX",2020-09-09,20,1780
"75-79","TX",2020-09-09,16,1680
"80+","TX",2020-09-09,55,4556
"0-0","TX",2020-09-10,0,3
"1-9","TX",2020-09-10,0,6
"10-19","TX",2020-09-10,1,16
"20-29","TX",2020-09-10,0,93
"30-39","TX",2020-09-10,2,254
"40-49","TX",2020-09-10,9,759
"50-59","TX",2020-09-10,19,1660
"60-64","TX",2020-09-10,12,1323
"65-69","TX",2020-09-10,17,1622
"70-74","TX",2020-09-10,25,1805
"75-79","TX",2020-09-10,19,1699
"80+","TX",2020-09-10,57,4613
"0-0","TX",2020-09-11,0,3
"1-9","TX",2020-09-11,0,6
"10-19","TX",2020-09-11,0,16
"20-29","TX",2020-09-11,0,93
"30-39","TX",2020-09-11,3,257
"40-49","TX",2020-09-11,7,766
"50-59","TX",2020-09-11,20,1680
"60-64","TX",2020-09-11,13,1336
"65-69","TX",2020-09-11,28,1650
"70-74","TX",2020-09-11,19,1824
"75-79","TX",2020-09-11,11,1710
"80+","TX",2020-09-11,43,4656
"0-0","TX",2020-09-12,0,3
"1-9","TX",2020-09-12,0,6
"10-19","TX",2020-09-12,0,16
"20-29","TX",2020-09-12,0,93
"30-39","TX",2020-09-12,0,257
"40-49","TX",2020-09-12,0,766
"50-59","TX",2020-09-12,0,1680
"60-64","TX",2020-09-12,0,1336
"65-69","TX",2020-09-12,0,1650
"70-74","TX",2020-09-12,0,1824
"75-79","TX",2020-09-12,0,1710
"80+","TX",2020-09-12,0,4656
"0-0","TX",2020-09-13,0,3
"1-9","TX",2020-09-13,0,6
"10-19","TX",2020-09-13,0,16
"20-29","TX",2020-09-13,0,93
"30-39","TX",2020-09-13,6,263
"40-49","TX",2020-09-13,23,789
"50-59","TX",2020-09-13,27,1707
"60-64","TX",2020-09-13,15,1351
"65-69","TX",2020-09-13,22,1672
"70-74","TX",2020-09-13,27,1851
"75-79","TX",2020-09-13,17,1727
"80+","TX",2020-09-13,55,4711
"0-0","TX",2020-09-14,0,3
"1-9","TX",2020-09-14,0,6
"10-19","TX",2020-09-14,0,16
"20-29","TX",2020-09-14,0,93
"30-39","TX",2020-09-14,0,263
"40-49","TX",2020-09-14,0,789
"50-59","TX",2020-09-14,0,1707
"60-64","TX",2020-09-14,0,1351
"65-69","TX",2020-09-14,0,1672
"70-74","TX",2020-09-14,0,1851
"75-79","TX",2020-09-14,0,1727
"80+","TX",2020-09-14,0,4711
"0-0","TX",2020-09-15,0,3
"1-9","TX",2020-09-15,0,6
"10-19","TX",2020-09-15,0,16
"20-29","TX",2020-09-15,0,93
"30-39","TX",2020-09-15,4,267
"40-49","TX",2020-09-15,12,801
"50-59","TX",2020-09-15,23,1730
"60-64","TX",2020-09-15,7,1358
"65-69","TX",2020-09-15,13,1685
"70-74","TX",2020-09-15,24,1875
"75-79","TX",2020-09-15,25,1752
"80+","TX",2020-09-15,45,4756
"0-0","TX",2020-09-16,0,3
"1-9","TX",2020-09-16,0,6
"10-19","TX",2020-09-16,0,16
"20-29","TX",2020-09-16,0,93
"30-39","TX",2020-09-16,4,271
"40-49","TX",2020-09-16,6,807
"50-59","TX",2020-09-16,16,1746
"60-64","TX",2020-09-16,15,1373
"65-69","TX",2020-09-16,10,1695
"70-74","TX",2020-09-16,14,1889
"75-79","TX",2020-09-16,22,1774
"80+","TX",2020-09-16,48,4804
"0-0","TX",2020-09-17,0,3
"1-9","TX",2020-09-17,0,6
"10-19","TX",2020-09-17,0,16
"20-29","TX",2020-09-17,0,93
"30-39","TX",2020-09-17,2,273
"40-49","TX",2020-09-17,6,813
"50-59","TX",2020-09-17,21,1767
"60-64","TX",2020-09-17,11,1384
"65-69","TX",2020-09-17,14,1709
"70-74","TX",2020-09-17,14,1903
"75-79","TX",2020-09-17,16,1790
"80+","TX",2020-09-17,29,4833
"0-0","TX",2020-09-18,0,3
"1-9","TX",2020-09-18,0,6
"10-19","TX",2020-09-18,0,16
"20-29","TX",2020-09-18,1,94
"30-39","TX",2020-09-18,3,276
"40-49","TX",2020-09-18,8,821
"50-59","TX",2020-09-18,19,1786
"60-64","TX",2020-09-18,18,1402
"65-69","TX",2020-09-18,14,1723
"70-74","TX",2020-09-18,10,1913
"75-79","TX",2020-09-18,11,1801
"80+","TX",2020-09-18,39,4872
"0-0","TX",2020-09-19,0,3
"1-9","TX",2020-09-19,0,6
"10-19","TX",2020-09-19,0,16
"20-29","TX",2020-09-19,2,96
"30-39","TX",2020-09-19,2,278
"40-49","TX",2020-09-19,7,828
"50-59","TX",2020-09-19,13,1799
"60-64","TX",2020-09-19,22,1424
"65-69","TX",2020-09-19,15,1738
"70-74","TX",2020-09-19,17,1930
"75-79","TX",2020-09-19,17,1818
"80+","TX",2020-09-19,40,4912
"0-0","TX",2020-09-20,0,3
"1-9","TX",2020-09-20,0,6
"10-19","TX",2020-09-20,0,16
"20-29","TX",2020-09-20,0,96
"30-39","TX",2020-09-20,0,278
"40-49","TX",2020-09-20,0,828
"50-59","TX",2020-09-20,9,1808
"60-64","TX",2020-09-20,4,1428
"65-69","TX",2020-09-20,8,1746
"70-74","TX",2020-09-20,9,1939
"75-79","TX",2020-09-20,5,1823
"80+","TX",2020-09-20,10,4922
"0-0","TX",2020-09-21,0,3
"1-9","TX",2020-09-21,0,6
"10-19","TX",2020-09-21,0,16
"20-29","TX",2020-09-21,0,96
"30-39","TX",2020-09-21,0,278
"40-49","TX",2020-09-21,2,830
"50-59","TX",2020-09-21,6,1814
"60-64","TX",2020-09-21,0,1428
"65-69","TX",2020-09-21,7,1753
"70-74","TX",2020-09-21,2,1941
"75-79","TX",2020-09-21,2,1825
"80+","TX",2020-09-21,5,4927
"0-0","TX",2020-09-22,0,3
"1-9","TX",2020-09-22,0,6
"10-19","TX",2020-09-22,0,16
"20-29","TX",2020-09-22,0,96
"30-39","TX",2020-09-22,2,280
"40-49","TX",2020-09-22,4,834
"50-59","TX",2020-09-22,14,1828
"60-64","TX",2020-09-22,9,1437
"65-69","TX",2020-09-22,7,1760
"70-74","TX",2020-09-22,12,1953
"75-79","TX",2020-09-22,8,1833
"80+","TX",2020-09-22,21,4948
"0-0","TX",2020-09-23,0,3
"1-9","TX",2020-09-23,0,6
"10-19","TX",2020-09-23,0,16
"20-29","TX",2020-09-23,0,96
"30-39","TX",2020-09-23,1,281
"40-49","TX",2020-09-23,8,842
"50-59","TX",2020-09-23,22,1850
"60-64","TX",2020-09-23,17,1454
"65-69","TX",2020-09-23,21,1781
"70-74","TX",2020-09-23,10,1963
"75-79","TX",2020-09-23,14,1847
"80+","TX",2020-09-23,42,4990
"0-0","TX",2020-09-24,0,3
"1-9","TX",2020-09-24,0,6
"10-19","TX",2020-09-24,0,16
"20-29","TX",2020-09-24,0,96
"30-39","TX",2020-09-24,0,281
"40-49","TX",2020-09-24,0,842
"50-59","TX",2020-09-24,0,1850
"60-64","TX",2020-09-24,0,1454
"65-69","TX",2020-09-24,0,1781
"70-74","TX",2020-09-24,0,1963
"75-79","TX",2020-09-24,0,1847
"80+","TX",2020-09-24,0,4990
"0-0","TX",2020-09-25,0,3
"0-0","TX",2020-09-26,0,3
"0-0","TX",2020-09-27,0,3
"0-0","TX",2020-09-28,0,3
"0-0","TX",2020-09-29,0,3
"0-0","TX",2020-09-30,0,3
"1-9","TX",2020-09-25,0,6
"1-9","TX",2020-09-26,0,6
"1-9","TX",2020-09-27,0,6
"1-9","TX",2020-09-28,0,6
"1-9","TX",2020-09-29,0,6
"1-9","TX",2020-09-30,0,6
"10-19","TX",2020-09-25,0,16
"10-19","TX",2020-09-26,0,16
"10-19","TX",2020-09-27,0,16
"10-19","TX",2020-09-28,0,16
"10-19","TX",2020-09-29,1,16
"10-19","TX",2020-09-30,1,16
"20-29","TX",2020-09-25,1,96
"20-29","TX",2020-09-26,1,96
"20-29","TX",2020-09-27,1,96
"20-29","TX",2020-09-28,1,96
"20-29","TX",2020-09-29,1,96
"20-29","TX",2020-09-30,1,96
"30-39","TX",2020-09-25,2,283
"30-39","TX",2020-09-26,2,285
"30-39","TX",2020-09-27,2,287
"30-39","TX",2020-09-28,3,289
"30-39","TX",2020-09-29,3,291
"30-39","TX",2020-09-30,3,293
"40-49","TX",2020-09-25,7,849
"40-49","TX",2020-09-26,7,856
"40-49","TX",2020-09-27,7,863
"40-49","TX",2020-09-28,7,870
"40-49","TX",2020-09-29,8,877
"40-49","TX",2020-09-30,8,884
"50-59","TX",2020-09-25,14,1864
"50-59","TX",2020-09-26,14,1878
"50-59","TX",2020-09-27,15,1892
"50-59","TX",2020-09-28,15,1906
"50-59","TX",2020-09-29,15,1920
"50-59","TX",2020-09-30,15,1934
"60-64","TX",2020-09-25,10,1463
"60-64","TX",2020-09-26,10,1472
"60-64","TX",2020-09-27,10,1481
"60-64","TX",2020-09-28,10,1490
"60-64","TX",2020-09-29,10,1499
"60-64","TX",2020-09-30,10,1508
"65-69","TX",2020-09-25,10,1791
"65-69","TX",2020-09-26,10,1801
"65-69","TX",2020-09-27,10,1811
"65-69","TX",2020-09-28,10,1821
"65-69","TX",2020-09-29,10,1831
"65-69","TX",2020-09-30,10,1841
"70-74","TX",2020-09-25,17,1980
"70-74","TX",2020-09-26,17,1997
"70-74","TX",2020-09-27,17,2014
"70-74","TX",2020-09-28,17,2031
"70-74","TX",2020-09-29,17,2048
"70-74","TX",2020-09-30,17,2065
"75-79","TX",2020-09-25,14,1861
"75-79","TX",2020-09-26,15,1875
"75-79","TX",2020-09-27,15,1889
"75-79","TX",2020-09-28,15,1903
"75-79","TX",2020-09-29,15,1917
"75-79","TX",2020-09-30,15,1931
"80+","TX",2020-09-25,32,5022
"80+","TX",2020-09-26,32,5054
"80+","TX",2020-09-27,32,5086
"80+","TX",2020-09-28,33,5118
"80+","TX",2020-09-29,33,5150
"80+","TX",2020-09-30,33,5182
"0-0","TX",2020-10-01,0,3
"1-9","TX",2020-10-01,0,6
"10-19","TX",2020-10-01,0,18
"20-29","TX",2020-10-01,0,102
"30-39","TX",2020-10-01,2,298
"40-49","TX",2020-10-01,7,893
"50-59","TX",2020-10-01,14,1952
"60-64","TX",2020-10-01,9,1523
"65-69","TX",2020-10-01,10,1851
"70-74","TX",2020-10-01,17,2082
"75-79","TX",2020-10-01,14,1950
"80+","TX",2020-10-01,32,5217
"0-0","TX",2020-10-02,0,3
"0-0","TX",2020-10-03,0,3
"0-0","TX",2020-10-04,0,3
"0-0","TX",2020-10-05,0,3
"0-0","TX",2020-10-06,0,3
"0-0","TX",2020-10-07,0,3
"1-9","TX",2020-10-02,0,6
"1-9","TX",2020-10-03,0,6
"1-9","TX",2020-10-04,0,6
"1-9","TX",2020-10-05,0,6
"1-9","TX",2020-10-06,0,6
"1-9","TX",2020-10-07,0,6
"10-19","TX",2020-10-02,0,18
"10-19","TX",2020-10-03,0,18
"10-19","TX",2020-10-04,0,18
"10-19","TX",2020-10-05,0,18
"10-19","TX",2020-10-06,0,18
"10-19","TX",2020-10-07,0,18
"20-29","TX",2020-10-02,0,102
"20-29","TX",2020-10-03,0,102
"20-29","TX",2020-10-04,0,102
"20-29","TX",2020-10-05,0,102
"20-29","TX",2020-10-06,0,102
"20-29","TX",2020-10-07,0,102
"30-39","TX",2020-10-02,0,298
"30-39","TX",2020-10-03,0,298
"30-39","TX",2020-10-04,0,298
"30-39","TX",2020-10-05,0,298
"30-39","TX",2020-10-06,0,298
"30-39","TX",2020-10-07,0,298
"40-49","TX",2020-10-02,0,893
"40-49","TX",2020-10-03,0,893
"40-49","TX",2020-10-04,0,893
"40-49","TX",2020-10-05,0,893
"40-49","TX",2020-10-06,0,893
"40-49","TX",2020-10-07,0,893
"50-59","TX",2020-10-02,0,1952
"50-59","TX",2020-10-03,0,1952
"50-59","TX",2020-10-04,0,1952
"50-59","TX",2020-10-05,0,1952
"50-59","TX",2020-10-06,0,1952
"50-59","TX",2020-10-07,0,1952
"60-64","TX",2020-10-02,0,1523
"60-64","TX",2020-10-03,0,1523
"60-64","TX",2020-10-04,0,1523
"60-64","TX",2020-10-05,0,1523
"60-64","TX",2020-10-06,0,1523
"60-64","TX",2020-10-07,0,1523
"65-69","TX",2020-10-02,0,1851
"65-69","TX",2020-10-03,0,1851
"65-69","TX",2020-10-04,0,1851
"65-69","TX",2020-10-05,0,1851
"65-69","TX",2020-10-06,0,1851
"65-69","TX",2020-10-07,0,1851
"70-74","TX",2020-10-02,0,2082
"70-74","TX",2020-10-03,0,2082
"70-74","TX",2020-10-04,0,2082
"70-74","TX",2020-10-05,0,2082
"70-74","TX",2020-10-06,0,2082
"70-74","TX",2020-10-07,0,2082
"75-79","TX",2020-10-02,0,1950
"75-79","TX",2020-10-03,0,1950
"75-79","TX",2020-10-04,0,1950
"75-79","TX",2020-10-05,0,1950
"75-79","TX",2020-10-06,0,1950
"75-79","TX",2020-10-07,0,1950
"80+","TX",2020-10-02,0,5217
"80+","TX",2020-10-03,0,5217
"80+","TX",2020-10-04,0,5217
"80+","TX",2020-10-05,0,5217
"80+","TX",2020-10-06,0,5217
"80+","TX",2020-10-07,0,5217
"0-0","TX",2020-10-08,0,3
"1-9","TX",2020-10-08,0,6
"10-19","TX",2020-10-08,0,18
"20-29","TX",2020-10-08,0,102
"30-39","TX",2020-10-08,0,298
"40-49","TX",2020-10-08,0,893
"50-59","TX",2020-10-08,0,1952
"60-64","TX",2020-10-08,0,1523
"65-69","TX",2020-10-08,0,1851
"70-74","TX",2020-10-08,0,2082
"75-79","TX",2020-10-08,0,1950
"80+","TX",2020-10-08,0,5217
"0-0","TX",2020-10-09,0,3
"0-0","TX",2020-10-10,0,3
"0-0","TX",2020-10-11,0,3
"0-0","TX",2020-10-12,0,3
"0-0","TX",2020-10-13,0,3
"0-0","TX",2020-10-14,1,3
"1-9","TX",2020-10-09,0,6
"1-9","TX",2020-10-10,0,6
"1-9","TX",2020-10-11,0,6
"1-9","TX",2020-10-12,0,6
"1-9","TX",2020-10-13,0,6
"1-9","TX",2020-10-14,0,6
"10-19","TX",2020-10-09,0,18
"10-19","TX",2020-10-10,0,18
"10-19","TX",2020-10-11,0,18
"10-19","TX",2020-10-12,0,18
"10-19","TX",2020-10-13,0,18
"10-19","TX",2020-10-14,0,18
"20-29","TX",2020-10-09,0,102
"20-29","TX",2020-10-10,0,102
"20-29","TX",2020-10-11,1,102
"20-29","TX",2020-10-12,1,102
"20-29","TX",2020-10-13,1,102
"20-29","TX",2020-10-14,1,102
"30-39","TX",2020-10-09,2,300
"30-39","TX",2020-10-10,2,302
"30-39","TX",2020-10-11,2,304
"30-39","TX",2020-10-12,2,306
"30-39","TX",2020-10-13,2,308
"30-39","TX",2020-10-14,2,310
"40-49","TX",2020-10-09,7,900
"40-49","TX",2020-10-10,7,907
"40-49","TX",2020-10-11,8,914
"40-49","TX",2020-10-12,8,921
"40-49","TX",2020-10-13,8,928
"40-49","TX",2020-10-14,8,935
"50-59","TX",2020-10-09,17,1969
"50-59","TX",2020-10-10,17,1986
"50-59","TX",2020-10-11,17,2003
"50-59","TX",2020-10-12,17,2020
"50-59","TX",2020-10-13,17,2037
"50-59","TX",2020-10-14,17,2054
"60-64","TX",2020-10-09,13,1536
"60-64","TX",2020-10-10,13,1549
"60-64","TX",2020-10-11,13,1562
"60-64","TX",2020-10-12,13,1575
"60-64","TX",2020-10-13,13,1588
"60-64","TX",2020-10-14,13,1601
"65-69","TX",2020-10-09,19,1870
"65-69","TX",2020-10-10,19,1889
"65-69","TX",2020-10-11,19,1908
"65-69","TX",2020-10-12,20,1927
"65-69","TX",2020-10-13,20,1946
"65-69","TX",2020-10-14,20,1965
"70-74","TX",2020-10-09,18,2099
"70-74","TX",2020-10-10,18,2116
"70-74","TX",2020-10-11,18,2133
"70-74","TX",2020-10-12,18,2150
"70-74","TX",2020-10-13,18,2167
"70-74","TX",2020-10-14,18,2184
"75-79","TX",2020-10-09,18,1968
"75-79","TX",2020-10-10,18,1986
"75-79","TX",2020-10-11,18,2004
"75-79","TX",2020-10-12,19,2022
"75-79","TX",2020-10-13,19,2040
"75-79","TX",2020-10-14,19,2058
"80+","TX",2020-10-09,48,5265
"80+","TX",2020-10-10,48,5313
"80+","TX",2020-10-11,48,5361
"80+","TX",2020-10-12,48,5409
"80+","TX",2020-10-13,48,5457
"80+","TX",2020-10-14,48,5505
"0-0","TX",2020-10-15,0,4
"1-9","TX",2020-10-15,0,6
"10-19","TX",2020-10-15,0,18
"20-29","TX",2020-10-15,0,106
"30-39","TX",2020-10-15,2,312
"40-49","TX",2020-10-15,7,946
"50-59","TX",2020-10-15,17,2071
"60-64","TX",2020-10-15,13,1614
"65-69","TX",2020-10-15,19,1987
"70-74","TX",2020-10-15,17,2207
"75-79","TX",2020-10-15,18,2079
"80+","TX",2020-10-15,48,5553
"0-0","TX",2020-10-16,0,4
"0-0","TX",2020-10-17,0,4
"0-0","TX",2020-10-18,0,4
"0-0","TX",2020-10-19,0,4
"0-0","TX",2020-10-20,0,4
"0-0","TX",2020-10-21,0,4
"1-9","TX",2020-10-16,0,6
"1-9","TX",2020-10-17,0,6
"1-9","TX",2020-10-18,0,6
"1-9","TX",2020-10-19,0,6
"1-9","TX",2020-10-20,0,6
"1-9","TX",2020-10-21,0,6
"10-19","TX",2020-10-16,0,18
"10-19","TX",2020-10-17,0,18
"10-19","TX",2020-10-18,0,18
"10-19","TX",2020-10-19,0,18
"10-19","TX",2020-10-20,0,18
"10-19","TX",2020-10-21,0,18
"20-29","TX",2020-10-16,0,106
"20-29","TX",2020-10-17,0,106
"20-29","TX",2020-10-18,0,106
"20-29","TX",2020-10-19,0,106
"20-29","TX",2020-10-20,1,106
"20-29","TX",2020-10-21,1,106
"30-39","TX",2020-10-16,1,313
"30-39","TX",2020-10-17,1,314
"30-39","TX",2020-10-18,1,315
"30-39","TX",2020-10-19,1,316
"30-39","TX",2020-10-20,1,317
"30-39","TX",2020-10-21,2,318
"40-49","TX",2020-10-16,3,949
"40-49","TX",2020-10-17,3,952
"40-49","TX",2020-10-18,3,955
"40-49","TX",2020-10-19,4,958
"40-49","TX",2020-10-20,4,961
"40-49","TX",2020-10-21,4,964
"50-59","TX",2020-10-16,8,2079
"50-59","TX",2020-10-17,8,2087
"50-59","TX",2020-10-18,8,2095
"50-59","TX",2020-10-19,8,2103
"50-59","TX",2020-10-20,8,2111
"50-59","TX",2020-10-21,8,2119
"60-64","TX",2020-10-16,6,1620
"60-64","TX",2020-10-17,6,1626
"60-64","TX",2020-10-18,6,1632
"60-64","TX",2020-10-19,6,1638
"60-64","TX",2020-10-20,6,1644
"60-64","TX",2020-10-21,7,1650
"65-69","TX",2020-10-16,7,1994
"65-69","TX",2020-10-17,7,2001
"65-69","TX",2020-10-18,8,2008
"65-69","TX",2020-10-19,8,2015
"65-69","TX",2020-10-20,8,2022
"65-69","TX",2020-10-21,8,2029
"70-74","TX",2020-10-16,7,2214
"70-74","TX",2020-10-17,8,2221
"70-74","TX",2020-10-18,8,2228
"70-74","TX",2020-10-19,8,2235
"70-74","TX",2020-10-20,8,2242
"70-74","TX",2020-10-21,8,2249
"75-79","TX",2020-10-16,9,2088
"75-79","TX",2020-10-17,10,2097
"75-79","TX",2020-10-18,10,2106
"75-79","TX",2020-10-19,10,2115
"75-79","TX",2020-10-20,10,2124
"75-79","TX",2020-10-21,10,2133
"80+","TX",2020-10-16,23,5576
"80+","TX",2020-10-17,23,5599
"80+","TX",2020-10-18,23,5622
"80+","TX",2020-10-19,24,5645
"80+","TX",2020-10-20,24,5668
"80+","TX",2020-10-21,24,5691
"0-0","TX",2020-10-22,0,4
"1-9","TX",2020-10-22,0,6
"10-19","TX",2020-10-22,0,18
"20-29","TX",2020-10-22,0,108
"30-39","TX",2020-10-22,1,320
"40-49","TX",2020-10-22,3,970
"50-59","TX",2020-10-22,8,2127
"60-64","TX",2020-10-22,6,1657
"65-69","TX",2020-10-22,7,2040
"70-74","TX",2020-10-22,7,2261
"75-79","TX",2020-10-22,9,2147
"80+","TX",2020-10-22,23,5717
"0-0","TX",2020-10-23,0,4
"0-0","TX",2020-10-24,0,4
"0-0","TX",2020-10-25,0,4
"0-0","TX",2020-10-26,0,4
"0-0","TX",2020-10-27,0,4
"0-0","TX",2020-10-28,0,4
"1-9","TX",2020-10-23,0,6
"1-9","TX",2020-10-24,0,6
"1-9","TX",2020-10-25,0,6
"1-9","TX",2020-10-26,0,6
"1-9","TX",2020-10-27,0,6
"1-9","TX",2020-10-28,0,6
"10-19","TX",2020-10-23,0,18
"10-19","TX",2020-10-24,0,18
"10-19","TX",2020-10-25,0,18
"10-19","TX",2020-10-26,0,18
"10-19","TX",2020-10-27,0,18
"10-19","TX",2020-10-28,0,18
"20-29","TX",2020-10-23,0,108
"20-29","TX",2020-10-24,0,108
"20-29","TX",2020-10-25,0,108
"20-29","TX",2020-10-26,0,108
"20-29","TX",2020-10-27,0,108
"20-29","TX",2020-10-28,0,108
"30-39","TX",2020-10-23,0,320
"30-39","TX",2020-10-24,0,320
"30-39","TX",2020-10-25,0,320
"30-39","TX",2020-10-26,0,320
"30-39","TX",2020-10-27,0,320
"30-39","TX",2020-10-28,0,320
"40-49","TX",2020-10-23,0,970
"40-49","TX",2020-10-24,0,970
"40-49","TX",2020-10-25,0,970
"40-49","TX",2020-10-26,0,970
"40-49","TX",2020-10-27,0,970
"40-49","TX",2020-10-28,0,970
"50-59","TX",2020-10-23,0,2127
"50-59","TX",2020-10-24,0,2127
"50-59","TX",2020-10-25,0,2127
"50-59","TX",2020-10-26,0,2127
"50-59","TX",2020-10-27,0,2127
"50-59","TX",2020-10-28,0,2127
"60-64","TX",2020-10-23,0,1657
"60-64","TX",2020-10-24,0,1657
"60-64","TX",2020-10-25,0,1657
"60-64","TX",2020-10-26,0,1657
"60-64","TX",2020-10-27,0,1657
"60-64","TX",2020-10-28,0,1657
"65-69","TX",2020-10-23,0,2040
"65-69","TX",2020-10-24,0,2040
"65-69","TX",2020-10-25,0,2040
"65-69","TX",2020-10-26,0,2040
"65-69","TX",2020-10-27,0,2040
"65-69","TX",2020-10-28,0,2040
"70-74","TX",2020-10-23,0,2261
"70-74","TX",2020-10-24,0,2261
"70-74","TX",2020-10-25,0,2261
"70-74","TX",2020-10-26,0,2261
"70-74","TX",2020-10-27,0,2261
"70-74","TX",2020-10-28,0,2261
"75-79","TX",2020-10-23,0,2147
"75-79","TX",2020-10-24,0,2147
"75-79","TX",2020-10-25,0,2147
"75-79","TX",2020-10-26,0,2147
"75-79","TX",2020-10-27,0,2147
"75-79","TX",2020-10-28,0,2147
"80+","TX",2020-10-23,0,5717
"80+","TX",2020-10-24,0,5717
"80+","TX",2020-10-25,0,5717
"80+","TX",2020-10-26,0,5717
"80+","TX",2020-10-27,0,5717
"80+","TX",2020-10-28,0,5717
"0-0","TX",2020-10-29,0,4
"1-9","TX",2020-10-29,0,6
"10-19","TX",2020-10-29,0,18
"20-29","TX",2020-10-29,0,108
"30-39","TX",2020-10-29,0,320
"40-49","TX",2020-10-29,0,970
"50-59","TX",2020-10-29,0,2127
"60-64","TX",2020-10-29,0,1657
"65-69","TX",2020-10-29,0,2040
"70-74","TX",2020-10-29,0,2261
"75-79","TX",2020-10-29,0,2147
"80+","TX",2020-10-29,0,5717
"0-0","TX",2020-10-30,0,4
"0-0","TX",2020-10-31,0,4
"0-0","TX",2020-11-01,0,4
"0-0","TX",2020-11-02,0,4
"0-0","TX",2020-11-03,0,4
"0-0","TX",2020-11-04,0,4
"1-9","TX",2020-10-30,0,6
"1-9","TX",2020-10-31,0,6
"1-9","TX",2020-11-01,0,6
"1-9","TX",2020-11-02,0,6
"1-9","TX",2020-11-03,0,6
"1-9","TX",2020-11-04,0,6
"10-19","TX",2020-10-30,0,18
"10-19","TX",2020-10-31,0,18
"10-19","TX",2020-11-01,0,18
"10-19","TX",2020-11-02,0,18
"10-19","TX",2020-11-03,0,18
"10-19","TX",2020-11-04,1,18
"20-29","TX",2020-10-30,0,108
"20-29","TX",2020-10-31,0,108
"20-29","TX",2020-11-01,0,108
"20-29","TX",2020-11-02,1,108
"20-29","TX",2020-11-03,1,108
"20-29","TX",2020-11-04,1,108
"30-39","TX",2020-10-30,1,321
"30-39","TX",2020-10-31,1,322
"30-39","TX",2020-11-01,2,323
"30-39","TX",2020-11-02,2,324
"30-39","TX",2020-11-03,2,325
"30-39","TX",2020-11-04,2,326
"40-49","TX",2020-10-30,4,973
"40-49","TX",2020-10-31,4,976
"40-49","TX",2020-11-01,4,979
"40-49","TX",2020-11-02,4,982
"40-49","TX",2020-11-03,4,985
"40-49","TX",2020-11-04,4,988
"50-59","TX",2020-10-30,8,2135
"50-59","TX",2020-10-31,8,2143
"50-59","TX",2020-11-01,9,2151
"50-59","TX",2020-11-02,9,2159
"50-59","TX",2020-11-03,9,2167
"50-59","TX",2020-11-04,9,2175
"60-64","TX",2020-10-30,8,1665
"60-64","TX",2020-10-31,8,1673
"60-64","TX",2020-11-01,8,1681
"60-64","TX",2020-11-02,9,1689
"60-64","TX",2020-11-03,9,1697
"60-64","TX",2020-11-04,9,1705
"65-69","TX",2020-10-30,8,2048
"65-69","TX",2020-10-31,8,2056
"65-69","TX",2020-11-01,8,2064
"65-69","TX",2020-11-02,8,2072
"65-69","TX",2020-11-03,8,2080
"65-69","TX",2020-11-04,9,2088
"70-74","TX",2020-10-30,12,2273
"70-74","TX",2020-10-31,12,2285
"70-74","TX",2020-11-01,12,2297
"70-74","TX",2020-11-02,12,2309
"70-74","TX",2020-11-03,13,2321
"70-74","TX",2020-11-04,13,2333
"75-79","TX",2020-10-30,10,2156
"75-79","TX",2020-10-31,10,2165
"75-79","TX",2020-11-01,10,2174
"75-79","TX",2020-11-02,10,2183
"75-79","TX",2020-11-03,10,2192
"75-79","TX",2020-11-04,10,2201
"80+","TX",2020-10-30,26,5743
"80+","TX",2020-10-31,26,5769
"80+","TX",2020-11-01,27,5795
"80+","TX",2020-11-02,27,5821
"80+","TX",2020-11-03,27,5847
"80+","TX",2020-11-04,27,5873
"0-0","TX",2020-11-05,0,4
"1-9","TX",2020-11-05,0,6
"10-19","TX",2020-11-05,0,19
"20-29","TX",2020-11-05,0,111
"30-39","TX",2020-11-05,1,331
"40-49","TX",2020-11-05,3,997
"50-59","TX",2020-11-05,8,2187
"60-64","TX",2020-11-05,8,1716
"65-69","TX",2020-11-05,8,2097
"70-74","TX",2020-11-05,12,2347
"75-79","TX",2020-11-05,9,2216
"80+","TX",2020-11-05,26,5903
"0-0","TX",2020-11-06,0,4
"0-0","TX",2020-11-07,0,4
"0-0","TX",2020-11-08,0,4
"0-0","TX",2020-11-09,0,4
"0-0","TX",2020-11-10,0,4
"0-0","TX",2020-11-11,0,4
"1-9","TX",2020-11-06,0,6
"1-9","TX",2020-11-07,0,6
"1-9","TX",2020-11-08,0,6
"1-9","TX",2020-11-09,0,6
"1-9","TX",2020-11-10,0,6
"1-9","TX",2020-11-11,1,6
"10-19","TX",2020-11-06,0,19
"10-19","TX",2020-11-07,0,19
"10-19","TX",2020-11-08,0,19
"10-19","TX",2020-11-09,0,19
"10-19","TX",2020-11-10,1,19
"10-19","TX",2020-11-11,1,19
"20-29","TX",2020-11-06,0,111
"20-29","TX",2020-11-07,0,111
"20-29","TX",2020-11-08,0,111
"20-29","TX",2020-11-09,1,111
"20-29","TX",2020-11-10,1,111
"20-29","TX",2020-11-11,1,111
"30-39","TX",2020-11-06,2,332
"30-39","TX",2020-11-07,2,333
"30-39","TX",2020-11-08,2,334
"30-39","TX",2020-11-09,2,335
"30-39","TX",2020-11-10,2,336
"30-39","TX",2020-11-11,2,337
"40-49","TX",2020-11-06,4,1001
"40-49","TX",2020-11-07,4,1005
"40-49","TX",2020-11-08,5,1009
"40-49","TX",2020-11-09,5,1013
"40-49","TX",2020-11-10,5,1017
"40-49","TX",2020-11-11,5,1021
"50-59","TX",2020-11-06,8,2195
"50-59","TX",2020-11-07,8,2203
"50-59","TX",2020-11-08,8,2211
"50-59","TX",2020-11-09,9,2219
"50-59","TX",2020-11-10,9,2227
"50-59","TX",2020-11-11,9,2235
"60-64","TX",2020-11-06,9,1725
"60-64","TX",2020-11-07,9,1734
"60-64","TX",2020-11-08,9,1743
"60-64","TX",2020-11-09,9,1752
"60-64","TX",2020-11-10,9,1761
"60-64","TX",2020-11-11,9,1770
"65-69","TX",2020-11-06,10,2107
"65-69","TX",2020-11-07,11,2117
"65-69","TX",2020-11-08,11,2127
"65-69","TX",2020-11-09,11,2137
"65-69","TX",2020-11-10,11,2147
"65-69","TX",2020-11-11,11,2157
"70-74","TX",2020-11-06,11,2358
"70-74","TX",2020-11-07,11,2369
"70-74","TX",2020-11-08,11,2380
"70-74","TX",2020-11-09,11,2391
"70-74","TX",2020-11-10,11,2402
"70-74","TX",2020-11-11,11,2413
"75-79","TX",2020-11-06,12,2228
"75-79","TX",2020-11-07,12,2240
"75-79","TX",2020-11-08,12,2252
"75-79","TX",2020-11-09,13,2264
"75-79","TX",2020-11-10,13,2276
"75-79","TX",2020-11-11,13,2288
"80+","TX",2020-11-06,34,5937
"80+","TX",2020-11-07,35,5971
"80+","TX",2020-11-08,35,6005
"80+","TX",2020-11-09,35,6039
"80+","TX",2020-11-10,35,6073
"80+","TX",2020-11-11,35,6107
"0-0","TX",2020-11-12,0,4
"1-9","TX",2020-11-12,0,7
"10-19","TX",2020-11-12,0,21
"20-29","TX",2020-11-12,0,114
"30-39","TX",2020-11-12,1,344
"40-49","TX",2020-11-12,4,1029
"50-59","TX",2020-11-12,8,2246
"60-64","TX",2020-11-12,9,1779
"65-69","TX",2020-11-12,10,2172
"70-74","TX",2020-11-12,11,2424
"75-79","TX",2020-11-12,12,2303
"80+","TX",2020-11-12,34,6146
"0-0","TX",2020-11-13,0,4
"0-0","TX",2020-11-14,0,4
"0-0","TX",2020-11-15,0,4
"0-0","TX",2020-11-16,0,4
"0-0","TX",2020-11-17,0,4
"0-0","TX",2020-11-18,0,4
"1-9","TX",2020-11-13,0,7
"1-9","TX",2020-11-14,0,7
"1-9","TX",2020-11-15,0,7
"1-9","TX",2020-11-16,0,7
"1-9","TX",2020-11-17,0,7
"1-9","TX",2020-11-18,1,7
"10-19","TX",2020-11-13,0,21
"10-19","TX",2020-11-14,0,21
"10-19","TX",2020-11-15,0,21
"10-19","TX",2020-11-16,0,21
"10-19","TX",2020-11-17,0,21
"10-19","TX",2020-11-18,1,21
"20-29","TX",2020-11-13,1,115
"20-29","TX",2020-11-14,1,116
"20-29","TX",2020-11-15,1,117
"20-29","TX",2020-11-16,1,118
"20-29","TX",2020-11-17,1,119
"20-29","TX",2020-11-18,1,120
"30-39","TX",2020-11-13,3,347
"30-39","TX",2020-11-14,3,350
"30-39","TX",2020-11-15,4,353
"30-39","TX",2020-11-16,4,356
"30-39","TX",2020-11-17,4,359
"30-39","TX",2020-11-18,4,362
"40-49","TX",2020-11-13,10,1039
"40-49","TX",2020-11-14,10,1049
"40-49","TX",2020-11-15,10,1059
"40-49","TX",2020-11-16,10,1069
"40-49","TX",2020-11-17,10,1079
"40-49","TX",2020-11-18,11,1089
"50-59","TX",2020-11-13,22,2268
"50-59","TX",2020-11-14,22,2290
"50-59","TX",2020-11-15,23,2312
"50-59","TX",2020-11-16,23,2334
"50-59","TX",2020-11-17,23,2356
"50-59","TX",2020-11-18,23,2378
"60-64","TX",2020-11-13,24,1803
"60-64","TX",2020-11-14,24,1827
"60-64","TX",2020-11-15,24,1851
"60-64","TX",2020-11-16,24,1875
"60-64","TX",2020-11-17,24,1899
"60-64","TX",2020-11-18,24,1923
"65-69","TX",2020-11-13,27,2199
"65-69","TX",2020-11-14,27,2226
"65-69","TX",2020-11-15,28,2253
"65-69","TX",2020-11-16,28,2280
"65-69","TX",2020-11-17,28,2307
"65-69","TX",2020-11-18,28,2334
"70-74","TX",2020-11-13,32,2456
"70-74","TX",2020-11-14,32,2488
"70-74","TX",2020-11-15,32,2520
"70-74","TX",2020-11-16,32,2552
"70-74","TX",2020-11-17,33,2584
"70-74","TX",2020-11-18,33,2616
"75-79","TX",2020-11-13,33,2335
"75-79","TX",2020-11-14,33,2367
"75-79","TX",2020-11-15,33,2399
"75-79","TX",2020-11-16,33,2431
"75-79","TX",2020-11-17,33,2463
"75-79","TX",2020-11-18,33,2495
"80+","TX",2020-11-13,89,6235
"80+","TX",2020-11-14,89,6324
"80+","TX",2020-11-15,90,6413
"80+","TX",2020-11-16,90,6502
"80+","TX",2020-11-17,90,6591
"80+","TX",2020-11-18,90,6680
"0-0","TX",2020-11-19,0,4
"1-9","TX",2020-11-19,0,8
"10-19","TX",2020-11-19,0,22
"20-29","TX",2020-11-19,1,121
"30-39","TX",2020-11-19,3,369
"40-49","TX",2020-11-19,10,1100
"50-59","TX",2020-11-19,22,2404
"60-64","TX",2020-11-19,24,1947
"65-69","TX",2020-11-19,27,2365
"70-74","TX",2020-11-19,32,2650
"75-79","TX",2020-11-19,32,2533
"80+","TX",2020-11-19,89,6773
"0-0","TX",2020-11-20,0,4
"0-0","TX",2020-11-21,0,4
"0-0","TX",2020-11-22,0,4
"0-0","TX",2020-11-23,0,4
"0-0","TX",2020-11-24,0,4
"0-0","TX",2020-11-25,0,4
"1-9","TX",2020-11-20,0,8
"1-9","TX",2020-11-21,0,8
"1-9","TX",2020-11-22,0,8
"1-9","TX",2020-11-23,0,8
"1-9","TX",2020-11-24,0,8
"1-9","TX",2020-11-25,0,8
"10-19","TX",2020-11-20,0,22
"10-19","TX",2020-11-21,0,22
"10-19","TX",2020-11-22,0,22
"10-19","TX",2020-11-23,0,22
"10-19","TX",2020-11-24,0,22
"10-19","TX",2020-11-25,0,22
"20-29","TX",2020-11-20,0,121
"20-29","TX",2020-11-21,0,121
"20-29","TX",2020-11-22,0,121
"20-29","TX",2020-11-23,0,121
"20-29","TX",2020-11-24,0,121
"20-29","TX",2020-11-25,0,121
"30-39","TX",2020-11-20,0,369
"30-39","TX",2020-11-21,0,369
"30-39","TX",2020-11-22,0,369
"30-39","TX",2020-11-23,0,369
"30-39","TX",2020-11-24,0,369
"30-39","TX",2020-11-25,0,369
"40-49","TX",2020-11-20,0,1100
"40-49","TX",2020-11-21,0,1100
"40-49","TX",2020-11-22,0,1100
"40-49","TX",2020-11-23,0,1100
"40-49","TX",2020-11-24,0,1100
"40-49","TX",2020-11-25,0,1100
"50-59","TX",2020-11-20,0,2404
"50-59","TX",2020-11-21,0,2404
"50-59","TX",2020-11-22,0,2404
"50-59","TX",2020-11-23,0,2404
"50-59","TX",2020-11-24,0,2404
"50-59","TX",2020-11-25,0,2404
"60-64","TX",2020-11-20,0,1947
"60-64","TX",2020-11-21,0,1947
"60-64","TX",2020-11-22,0,1947
"60-64","TX",2020-11-23,0,1947
"60-64","TX",2020-11-24,0,1947
"60-64","TX",2020-11-25,0,1947
"65-69","TX",2020-11-20,0,2365
"65-69","TX",2020-11-21,0,2365
"65-69","TX",2020-11-22,0,2365
"65-69","TX",2020-11-23,0,2365
"65-69","TX",2020-11-24,0,2365
"65-69","TX",2020-11-25,0,2365
"70-74","TX",2020-11-20,0,2650
"70-74","TX",2020-11-21,0,2650
"70-74","TX",2020-11-22,0,2650
"70-74","TX",2020-11-23,0,2650
"70-74","TX",2020-11-24,0,2650
"70-74","TX",2020-11-25,0,2650
"75-79","TX",2020-11-20,0,2533
"75-79","TX",2020-11-21,0,2533
"75-79","TX",2020-11-22,0,2533
"75-79","TX",2020-11-23,0,2533
"75-79","TX",2020-11-24,0,2533
"75-79","TX",2020-11-25,0,2533
"80+","TX",2020-11-20,0,6773
"80+","TX",2020-11-21,0,6773
"80+","TX",2020-11-22,0,6773
"80+","TX",2020-11-23,0,6773
"80+","TX",2020-11-24,0,6773
"80+","TX",2020-11-25,0,6773
"0-0","TX",2020-11-26,0,4
"1-9","TX",2020-11-26,0,8
"10-19","TX",2020-11-26,0,22
"20-29","TX",2020-11-26,0,121
"30-39","TX",2020-11-26,0,369
"40-49","TX",2020-11-26,0,1100
"50-59","TX",2020-11-26,0,2404
"60-64","TX",2020-11-26,0,1947
"65-69","TX",2020-11-26,0,2365
"70-74","TX",2020-11-26,0,2650
"75-79","TX",2020-11-26,0,2533
"80+","TX",2020-11-26,0,6773
"0-0","TX",2020-11-27,0,4
"0-0","TX",2020-11-28,0,4
"0-0","TX",2020-11-29,0,4
"0-0","TX",2020-11-30,0,4
"0-0","TX",2020-12-01,0,4
"0-0","TX",2020-12-02,0,4
"1-9","TX",2020-11-27,0,8
"1-9","TX",2020-11-28,0,8
"1-9","TX",2020-11-29,0,8
"1-9","TX",2020-11-30,0,8
"1-9","TX",2020-12-01,0,8
"1-9","TX",2020-12-02,0,8
"10-19","TX",2020-11-27,0,22
"10-19","TX",2020-11-28,0,22
"10-19","TX",2020-11-29,0,22
"10-19","TX",2020-11-30,0,22
"10-19","TX",2020-12-01,0,22
"10-19","TX",2020-12-02,0,22
"20-29","TX",2020-11-27,1,122
"20-29","TX",2020-11-28,1,123
"20-29","TX",2020-11-29,1,124
"20-29","TX",2020-11-30,1,125
"20-29","TX",2020-12-01,1,126
"20-29","TX",2020-12-02,1,127
"30-39","TX",2020-11-27,3,371
"30-39","TX",2020-11-28,3,373
"30-39","TX",2020-11-29,3,375
"30-39","TX",2020-11-30,3,377
"30-39","TX",2020-12-01,3,379
"30-39","TX",2020-12-02,3,381
"40-49","TX",2020-11-27,11,1111
"40-49","TX",2020-11-28,11,1122
"40-49","TX",2020-11-29,11,1133
"40-49","TX",2020-11-30,12,1144
"40-49","TX",2020-12-01,12,1155
"40-49","TX",2020-12-02,12,1166
"50-59","TX",2020-11-27,25,2429
"50-59","TX",2020-11-28,25,2454
"50-59","TX",2020-11-29,25,2479
"50-59","TX",2020-11-30,25,2504
"50-59","TX",2020-12-01,26,2529
"50-59","TX",2020-12-02,26,2554
"60-64","TX",2020-11-27,22,1969
"60-64","TX",2020-11-28,23,1991
"60-64","TX",2020-11-29,23,2013
"60-64","TX",2020-11-30,23,2035
"60-64","TX",2020-12-01,23,2057
"60-64","TX",2020-12-02,23,2079
"65-69","TX",2020-11-27,33,2398
"65-69","TX",2020-11-28,33,2431
"65-69","TX",2020-11-29,33,2464
"65-69","TX",2020-11-30,33,2497
"65-69","TX",2020-12-01,33,2530
"65-69","TX",2020-12-02,34,2563
"70-74","TX",2020-11-27,34,2684
"70-74","TX",2020-11-28,34,2718
"70-74","TX",2020-11-29,34,2752
"70-74","TX",2020-11-30,35,2786
"70-74","TX",2020-12-01,35,2820
"70-74","TX",2020-12-02,35,2854
"75-79","TX",2020-11-27,42,2575
"75-79","TX",2020-11-28,42,2617
"75-79","TX",2020-11-29,42,2659
"75-79","TX",2020-11-30,43,2701
"75-79","TX",2020-12-01,43,2743
"75-79","TX",2020-12-02,43,2785
"80+","TX",2020-11-27,106,6879
"80+","TX",2020-11-28,106,6985
"80+","TX",2020-11-29,107,7091
"80+","TX",2020-11-30,107,7197
"80+","TX",2020-12-01,107,7303
"80+","TX",2020-12-02,107,7409
"0-0","TX",2020-12-03,0,4
"1-9","TX",2020-12-03,0,8
"10-19","TX",2020-12-03,0,22
"20-29","TX",2020-12-03,1,128
"30-39","TX",2020-12-03,2,389
"40-49","TX",2020-12-03,11,1180
"50-59","TX",2020-12-03,25,2581
"60-64","TX",2020-12-03,22,2106
"65-69","TX",2020-12-03,33,2597
"70-74","TX",2020-12-03,34,2891
"75-79","TX",2020-12-03,42,2830
"80+","TX",2020-12-03,106,7519
