"age","cum.deaths","daily.deaths","code","date"
"0-17",0,NA,"HI",2020-09-18
"18-29",0,NA,"HI",2020-09-18
"30-39",1,NA,"HI",2020-09-18
"40-49",5,NA,"HI",2020-09-18
"50-59",12,NA,"HI",2020-09-18
"60-69",19,NA,"HI",2020-09-18
"70-79",37,NA,"HI",2020-09-18
"80+",45,NA,"HI",2020-09-18
"0-17",0,0,"HI",2020-09-19
"0-17",0,0,"HI",2020-09-20
"0-17",0,0,"HI",2020-09-21
"0-17",0,0,"HI",2020-09-22
"0-17",0,0,"HI",2020-09-23
"0-17",0,0,"HI",2020-09-24
"18-29",0,0,"HI",2020-09-19
"18-29",0,0,"HI",2020-09-20
"18-29",0,0,"HI",2020-09-21
"18-29",0,0,"HI",2020-09-22
"18-29",0,0,"HI",2020-09-23
"18-29",0,0,"HI",2020-09-24
"30-39",1,0,"HI",2020-09-19
"30-39",1,0,"HI",2020-09-20
"30-39",1,0,"HI",2020-09-21
"30-39",1,0,"HI",2020-09-22
"30-39",1,0,"HI",2020-09-23
"30-39",1,0,"HI",2020-09-24
"40-49",5,0,"HI",2020-09-19
"40-49",5,0,"HI",2020-09-20
"40-49",5,0,"HI",2020-09-21
"40-49",5,0,"HI",2020-09-22
"40-49",5,0,"HI",2020-09-23
"40-49",5,0,"HI",2020-09-24
"50-59",12,0,"HI",2020-09-19
"50-59",12,0,"HI",2020-09-20
"50-59",12,0,"HI",2020-09-21
"50-59",12,0,"HI",2020-09-22
"50-59",12,0,"HI",2020-09-23
"50-59",12,0,"HI",2020-09-24
"60-69",19,0,"HI",2020-09-19
"60-69",19,0,"HI",2020-09-20
"60-69",19,0,"HI",2020-09-21
"60-69",19,0,"HI",2020-09-22
"60-69",19,0,"HI",2020-09-23
"60-69",19,0,"HI",2020-09-24
"70-79",37,0,"HI",2020-09-19
"70-79",37,0,"HI",2020-09-20
"70-79",37,0,"HI",2020-09-21
"70-79",37,0,"HI",2020-09-22
"70-79",37,0,"HI",2020-09-23
"70-79",37,0,"HI",2020-09-24
"80+",45,0,"HI",2020-09-19
"80+",45,0,"HI",2020-09-20
"80+",45,0,"HI",2020-09-21
"80+",45,0,"HI",2020-09-22
"80+",45,0,"HI",2020-09-23
"80+",45,0,"HI",2020-09-24
"0-17",0,0,"HI",2020-09-25
"18-29",0,0,"HI",2020-09-25
"30-39",1,0,"HI",2020-09-25
"40-49",5,0,"HI",2020-09-25
"50-59",14,2,"HI",2020-09-25
"60-69",22,3,"HI",2020-09-25
"70-79",38,1,"HI",2020-09-25
"80+",46,1,"HI",2020-09-25
"0-17",0,0,"HI",2020-09-26
"0-17",0,0,"HI",2020-09-27
"0-17",0,0,"HI",2020-09-28
"0-17",0,0,"HI",2020-09-29
"0-17",0,0,"HI",2020-09-30
"0-17",0,0,"HI",2020-10-01
"18-29",0,0,"HI",2020-09-26
"18-29",0,0,"HI",2020-09-27
"18-29",0,0,"HI",2020-09-28
"18-29",0,0,"HI",2020-09-29
"18-29",0,0,"HI",2020-09-30
"18-29",0,0,"HI",2020-10-01
"30-39",1,0,"HI",2020-09-26
"30-39",1,0,"HI",2020-09-27
"30-39",1,0,"HI",2020-09-28
"30-39",1,0,"HI",2020-09-29
"30-39",1,0,"HI",2020-09-30
"30-39",1,0,"HI",2020-10-01
"40-49",5,0,"HI",2020-09-26
"40-49",5,0,"HI",2020-09-27
"40-49",5,0,"HI",2020-09-28
"40-49",5,0,"HI",2020-09-29
"40-49",5,0,"HI",2020-09-30
"40-49",5,0,"HI",2020-10-01
"50-59",14,0,"HI",2020-09-26
"50-59",14,0,"HI",2020-09-27
"50-59",14,0,"HI",2020-09-28
"50-59",14,0,"HI",2020-09-29
"50-59",14,0,"HI",2020-09-30
"50-59",14,0,"HI",2020-10-01
"60-69",22,0,"HI",2020-09-26
"60-69",22,0,"HI",2020-09-27
"60-69",23,1,"HI",2020-09-28
"60-69",24,1,"HI",2020-09-29
"60-69",25,1,"HI",2020-09-30
"60-69",26,1,"HI",2020-10-01
"70-79",38,0,"HI",2020-09-26
"70-79",38,0,"HI",2020-09-27
"70-79",38,0,"HI",2020-09-28
"70-79",38,0,"HI",2020-09-29
"70-79",38,0,"HI",2020-09-30
"70-79",38,0,"HI",2020-10-01
"80+",46,0,"HI",2020-09-26
"80+",46,0,"HI",2020-09-27
"80+",46,0,"HI",2020-09-28
"80+",46,0,"HI",2020-09-29
"80+",46,0,"HI",2020-09-30
"80+",46,0,"HI",2020-10-01
"0-17",0,0,"HI",2020-10-02
"18-29",1,1,"HI",2020-10-02
"30-39",1,0,"HI",2020-10-02
"40-49",5,0,"HI",2020-10-02
"50-59",16,2,"HI",2020-10-02
"60-69",26,0,"HI",2020-10-02
"70-79",42,4,"HI",2020-10-02
"80+",50,4,"HI",2020-10-02
"0-17",0,0,"HI",2020-10-03
"0-17",0,0,"HI",2020-10-04
"0-17",0,0,"HI",2020-10-05
"0-17",0,0,"HI",2020-10-06
"0-17",0,0,"HI",2020-10-07
"0-17",0,0,"HI",2020-10-08
"0-17",0,0,"HI",2020-10-09
"0-17",0,0,"HI",2020-10-10
"0-17",0,0,"HI",2020-10-11
"18-29",1,0,"HI",2020-10-03
"18-29",1,0,"HI",2020-10-04
"18-29",1,0,"HI",2020-10-05
"18-29",1,0,"HI",2020-10-06
"18-29",1,0,"HI",2020-10-07
"18-29",1,0,"HI",2020-10-08
"18-29",1,0,"HI",2020-10-09
"18-29",1,0,"HI",2020-10-10
"18-29",1,0,"HI",2020-10-11
"30-39",1,0,"HI",2020-10-03
"30-39",1,0,"HI",2020-10-04
"30-39",1,0,"HI",2020-10-05
"30-39",1,0,"HI",2020-10-06
"30-39",1,0,"HI",2020-10-07
"30-39",1,0,"HI",2020-10-08
"30-39",1,0,"HI",2020-10-09
"30-39",1,0,"HI",2020-10-10
"30-39",1,0,"HI",2020-10-11
"40-49",5,0,"HI",2020-10-03
"40-49",5,0,"HI",2020-10-04
"40-49",5,0,"HI",2020-10-05
"40-49",5,0,"HI",2020-10-06
"40-49",5,0,"HI",2020-10-07
"40-49",5,0,"HI",2020-10-08
"40-49",5,0,"HI",2020-10-09
"40-49",5,0,"HI",2020-10-10
"40-49",5,0,"HI",2020-10-11
"50-59",17,1,"HI",2020-10-03
"50-59",17,0,"HI",2020-10-04
"50-59",18,1,"HI",2020-10-05
"50-59",19,1,"HI",2020-10-06
"50-59",19,0,"HI",2020-10-07
"50-59",19,0,"HI",2020-10-08
"50-59",19,0,"HI",2020-10-09
"50-59",19,0,"HI",2020-10-10
"50-59",19,0,"HI",2020-10-11
"60-69",27,1,"HI",2020-10-03
"60-69",27,0,"HI",2020-10-04
"60-69",28,1,"HI",2020-10-05
"60-69",29,1,"HI",2020-10-06
"60-69",29,0,"HI",2020-10-07
"60-69",30,1,"HI",2020-10-08
"60-69",31,1,"HI",2020-10-09
"60-69",31,0,"HI",2020-10-10
"60-69",31,0,"HI",2020-10-11
"70-79",43,1,"HI",2020-10-03
"70-79",43,0,"HI",2020-10-04
"70-79",44,1,"HI",2020-10-05
"70-79",45,1,"HI",2020-10-06
"70-79",45,0,"HI",2020-10-07
"70-79",45,0,"HI",2020-10-08
"70-79",45,0,"HI",2020-10-09
"70-79",45,0,"HI",2020-10-10
"70-79",45,0,"HI",2020-10-11
"80+",51,1,"HI",2020-10-03
"80+",51,0,"HI",2020-10-04
"80+",52,1,"HI",2020-10-05
"80+",53,1,"HI",2020-10-06
"80+",53,0,"HI",2020-10-07
"80+",53,0,"HI",2020-10-08
"80+",53,0,"HI",2020-10-09
"80+",53,0,"HI",2020-10-10
"80+",53,0,"HI",2020-10-11
"0-17",0,0,"HI",2020-10-12
"18-29",1,0,"HI",2020-10-12
"30-39",1,0,"HI",2020-10-12
"40-49",5,0,"HI",2020-10-12
"50-59",22,3,"HI",2020-10-12
"60-69",31,0,"HI",2020-10-12
"70-79",46,1,"HI",2020-10-12
"80+",62,9,"HI",2020-10-12
"0-17",0,0,"HI",2020-10-13
"0-17",0,0,"HI",2020-10-14
"0-17",0,0,"HI",2020-10-15
"0-17",0,0,"HI",2020-10-16
"0-17",0,0,"HI",2020-10-17
"0-17",0,0,"HI",2020-10-18
"18-29",1,0,"HI",2020-10-13
"18-29",1,0,"HI",2020-10-14
"18-29",1,0,"HI",2020-10-15
"18-29",1,0,"HI",2020-10-16
"18-29",1,0,"HI",2020-10-17
"18-29",1,0,"HI",2020-10-18
"30-39",1,0,"HI",2020-10-13
"30-39",1,0,"HI",2020-10-14
"30-39",1,0,"HI",2020-10-15
"30-39",1,0,"HI",2020-10-16
"30-39",1,0,"HI",2020-10-17
"30-39",1,0,"HI",2020-10-18
"40-49",5,0,"HI",2020-10-13
"40-49",5,0,"HI",2020-10-14
"40-49",5,0,"HI",2020-10-15
"40-49",5,0,"HI",2020-10-16
"40-49",5,0,"HI",2020-10-17
"40-49",5,0,"HI",2020-10-18
"50-59",24,2,"HI",2020-10-13
"50-59",24,0,"HI",2020-10-14
"50-59",24,0,"HI",2020-10-15
"50-59",24,0,"HI",2020-10-16
"50-59",24,0,"HI",2020-10-17
"50-59",24,0,"HI",2020-10-18
"60-69",33,2,"HI",2020-10-13
"60-69",33,0,"HI",2020-10-14
"60-69",33,0,"HI",2020-10-15
"60-69",33,0,"HI",2020-10-16
"60-69",33,0,"HI",2020-10-17
"60-69",33,0,"HI",2020-10-18
"70-79",48,2,"HI",2020-10-13
"70-79",48,0,"HI",2020-10-14
"70-79",48,0,"HI",2020-10-15
"70-79",48,0,"HI",2020-10-16
"70-79",48,0,"HI",2020-10-17
"70-79",48,0,"HI",2020-10-18
"80+",65,3,"HI",2020-10-13
"80+",65,0,"HI",2020-10-14
"80+",65,0,"HI",2020-10-15
"80+",65,0,"HI",2020-10-16
"80+",65,0,"HI",2020-10-17
"80+",65,0,"HI",2020-10-18
"0-17",0,0,"HI",2020-10-19
"18-29",1,0,"HI",2020-10-19
"30-39",1,0,"HI",2020-10-19
"40-49",6,1,"HI",2020-10-19
"50-59",24,0,"HI",2020-10-19
"60-69",34,1,"HI",2020-10-19
"70-79",48,0,"HI",2020-10-19
"80+",72,7,"HI",2020-10-19
"0-17",0,0,"HI",2020-10-20
"0-17",0,0,"HI",2020-10-21
"0-17",0,0,"HI",2020-10-22
"0-17",0,0,"HI",2020-10-23
"0-17",0,0,"HI",2020-10-24
"0-17",0,0,"HI",2020-10-25
"18-29",1,0,"HI",2020-10-20
"18-29",1,0,"HI",2020-10-21
"18-29",1,0,"HI",2020-10-22
"18-29",1,0,"HI",2020-10-23
"18-29",1,0,"HI",2020-10-24
"18-29",1,0,"HI",2020-10-25
"30-39",1,0,"HI",2020-10-20
"30-39",1,0,"HI",2020-10-21
"30-39",1,0,"HI",2020-10-22
"30-39",1,0,"HI",2020-10-23
"30-39",1,0,"HI",2020-10-24
"30-39",1,0,"HI",2020-10-25
"40-49",6,0,"HI",2020-10-20
"40-49",6,0,"HI",2020-10-21
"40-49",6,0,"HI",2020-10-22
"40-49",6,0,"HI",2020-10-23
"40-49",6,0,"HI",2020-10-24
"40-49",6,0,"HI",2020-10-25
"50-59",25,1,"HI",2020-10-20
"50-59",25,0,"HI",2020-10-21
"50-59",25,0,"HI",2020-10-22
"50-59",25,0,"HI",2020-10-23
"50-59",25,0,"HI",2020-10-24
"50-59",25,0,"HI",2020-10-25
"60-69",34,0,"HI",2020-10-20
"60-69",34,0,"HI",2020-10-21
"60-69",34,0,"HI",2020-10-22
"60-69",34,0,"HI",2020-10-23
"60-69",34,0,"HI",2020-10-24
"60-69",34,0,"HI",2020-10-25
"70-79",50,2,"HI",2020-10-20
"70-79",50,0,"HI",2020-10-21
"70-79",50,0,"HI",2020-10-22
"70-79",50,0,"HI",2020-10-23
"70-79",50,0,"HI",2020-10-24
"70-79",50,0,"HI",2020-10-25
"80+",78,6,"HI",2020-10-20
"80+",79,1,"HI",2020-10-21
"80+",80,1,"HI",2020-10-22
"80+",81,1,"HI",2020-10-23
"80+",81,0,"HI",2020-10-24
"80+",81,0,"HI",2020-10-25
"0-17",0,0,"HI",2020-10-26
"18-29",1,0,"HI",2020-10-26
"30-39",1,0,"HI",2020-10-26
"40-49",7,1,"HI",2020-10-26
"50-59",26,1,"HI",2020-10-26
"60-69",35,1,"HI",2020-10-26
"70-79",57,7,"HI",2020-10-26
"80+",91,10,"HI",2020-10-26
"0-17",0,0,"HI",2020-10-27
"0-17",0,0,"HI",2020-10-28
"0-17",0,0,"HI",2020-10-29
"0-17",0,0,"HI",2020-10-30
"0-17",0,0,"HI",2020-10-31
"0-17",0,0,"HI",2020-11-01
"0-17",0,0,"HI",2020-11-02
"0-17",0,0,"HI",2020-11-03
"0-17",0,0,"HI",2020-11-04
"0-17",0,0,"HI",2020-11-05
"0-17",0,0,"HI",2020-11-06
"0-17",0,0,"HI",2020-11-07
"0-17",0,0,"HI",2020-11-08
"18-29",1,0,"HI",2020-10-27
"18-29",1,0,"HI",2020-10-28
"18-29",1,0,"HI",2020-10-29
"18-29",1,0,"HI",2020-10-30
"18-29",1,0,"HI",2020-10-31
"18-29",1,0,"HI",2020-11-01
"18-29",1,0,"HI",2020-11-02
"18-29",1,0,"HI",2020-11-03
"18-29",1,0,"HI",2020-11-04
"18-29",1,0,"HI",2020-11-05
"18-29",1,0,"HI",2020-11-06
"18-29",1,0,"HI",2020-11-07
"18-29",1,0,"HI",2020-11-08
"30-39",1,0,"HI",2020-10-27
"30-39",1,0,"HI",2020-10-28
"30-39",1,0,"HI",2020-10-29
"30-39",1,0,"HI",2020-10-30
"30-39",1,0,"HI",2020-10-31
"30-39",1,0,"HI",2020-11-01
"30-39",1,0,"HI",2020-11-02
"30-39",1,0,"HI",2020-11-03
"30-39",1,0,"HI",2020-11-04
"30-39",1,0,"HI",2020-11-05
"30-39",1,0,"HI",2020-11-06
"30-39",1,0,"HI",2020-11-07
"30-39",1,0,"HI",2020-11-08
"40-49",7,0,"HI",2020-10-27
"40-49",7,0,"HI",2020-10-28
"40-49",7,0,"HI",2020-10-29
"40-49",7,0,"HI",2020-10-30
"40-49",7,0,"HI",2020-10-31
"40-49",7,0,"HI",2020-11-01
"40-49",7,0,"HI",2020-11-02
"40-49",7,0,"HI",2020-11-03
"40-49",7,0,"HI",2020-11-04
"40-49",7,0,"HI",2020-11-05
"40-49",7,0,"HI",2020-11-06
"40-49",7,0,"HI",2020-11-07
"40-49",7,0,"HI",2020-11-08
"50-59",26,0,"HI",2020-10-27
"50-59",26,0,"HI",2020-10-28
"50-59",26,0,"HI",2020-10-29
"50-59",26,0,"HI",2020-10-30
"50-59",26,0,"HI",2020-10-31
"50-59",26,0,"HI",2020-11-01
"50-59",26,0,"HI",2020-11-02
"50-59",26,0,"HI",2020-11-03
"50-59",26,0,"HI",2020-11-04
"50-59",26,0,"HI",2020-11-05
"50-59",26,0,"HI",2020-11-06
"50-59",26,0,"HI",2020-11-07
"50-59",26,0,"HI",2020-11-08
"60-69",35,0,"HI",2020-10-27
"60-69",35,0,"HI",2020-10-28
"60-69",35,0,"HI",2020-10-29
"60-69",35,0,"HI",2020-10-30
"60-69",35,0,"HI",2020-10-31
"60-69",35,0,"HI",2020-11-01
"60-69",35,0,"HI",2020-11-02
"60-69",35,0,"HI",2020-11-03
"60-69",35,0,"HI",2020-11-04
"60-69",35,0,"HI",2020-11-05
"60-69",35,0,"HI",2020-11-06
"60-69",35,0,"HI",2020-11-07
"60-69",35,0,"HI",2020-11-08
"70-79",57,0,"HI",2020-10-27
"70-79",57,0,"HI",2020-10-28
"70-79",57,0,"HI",2020-10-29
"70-79",57,0,"HI",2020-10-30
"70-79",57,0,"HI",2020-10-31
"70-79",57,0,"HI",2020-11-01
"70-79",57,0,"HI",2020-11-02
"70-79",57,0,"HI",2020-11-03
"70-79",57,0,"HI",2020-11-04
"70-79",57,0,"HI",2020-11-05
"70-79",57,0,"HI",2020-11-06
"70-79",57,0,"HI",2020-11-07
"70-79",57,0,"HI",2020-11-08
"80+",91,0,"HI",2020-10-27
"80+",91,0,"HI",2020-10-28
"80+",91,0,"HI",2020-10-29
"80+",91,0,"HI",2020-10-30
"80+",91,0,"HI",2020-10-31
"80+",91,0,"HI",2020-11-01
"80+",91,0,"HI",2020-11-02
"80+",91,0,"HI",2020-11-03
"80+",91,0,"HI",2020-11-04
"80+",91,0,"HI",2020-11-05
"80+",91,0,"HI",2020-11-06
"80+",91,0,"HI",2020-11-07
"80+",91,0,"HI",2020-11-08
"0-17",0,0,"HI",2020-11-09
"18-29",1,0,"HI",2020-11-09
"30-39",1,0,"HI",2020-11-09
"40-49",7,0,"HI",2020-11-09
"50-59",27,1,"HI",2020-11-09
"60-69",35,0,"HI",2020-11-09
"70-79",57,0,"HI",2020-11-09
"80+",92,1,"HI",2020-11-09
"0-17",0,0,"HI",2020-11-10
"0-17",0,0,"HI",2020-11-11
"0-17",0,0,"HI",2020-11-12
"0-17",0,0,"HI",2020-11-13
"0-17",0,0,"HI",2020-11-14
"0-17",0,0,"HI",2020-11-15
"18-29",1,0,"HI",2020-11-10
"18-29",1,0,"HI",2020-11-11
"18-29",1,0,"HI",2020-11-12
"18-29",1,0,"HI",2020-11-13
"18-29",1,0,"HI",2020-11-14
"18-29",1,0,"HI",2020-11-15
"30-39",1,0,"HI",2020-11-10
"30-39",1,0,"HI",2020-11-11
"30-39",1,0,"HI",2020-11-12
"30-39",1,0,"HI",2020-11-13
"30-39",1,0,"HI",2020-11-14
"30-39",1,0,"HI",2020-11-15
"40-49",7,0,"HI",2020-11-10
"40-49",7,0,"HI",2020-11-11
"40-49",7,0,"HI",2020-11-12
"40-49",7,0,"HI",2020-11-13
"40-49",7,0,"HI",2020-11-14
"40-49",7,0,"HI",2020-11-15
"50-59",27,0,"HI",2020-11-10
"50-59",27,0,"HI",2020-11-11
"50-59",27,0,"HI",2020-11-12
"50-59",27,0,"HI",2020-11-13
"50-59",27,0,"HI",2020-11-14
"50-59",27,0,"HI",2020-11-15
"60-69",35,0,"HI",2020-11-10
"60-69",35,0,"HI",2020-11-11
"60-69",35,0,"HI",2020-11-12
"60-69",35,0,"HI",2020-11-13
"60-69",35,0,"HI",2020-11-14
"60-69",35,0,"HI",2020-11-15
"70-79",57,0,"HI",2020-11-10
"70-79",57,0,"HI",2020-11-11
"70-79",57,0,"HI",2020-11-12
"70-79",57,0,"HI",2020-11-13
"70-79",57,0,"HI",2020-11-14
"70-79",57,0,"HI",2020-11-15
"80+",92,0,"HI",2020-11-10
"80+",92,0,"HI",2020-11-11
"80+",92,0,"HI",2020-11-12
"80+",92,0,"HI",2020-11-13
"80+",92,0,"HI",2020-11-14
"80+",92,0,"HI",2020-11-15
"0-17",0,0,"HI",2020-11-16
"18-29",1,0,"HI",2020-11-16
"30-39",1,0,"HI",2020-11-16
"40-49",7,0,"HI",2020-11-16
"50-59",27,0,"HI",2020-11-16
"60-69",36,1,"HI",2020-11-16
"70-79",57,0,"HI",2020-11-16
"80+",92,0,"HI",2020-11-16
"0-17",0,0,"HI",2020-11-17
"0-17",0,0,"HI",2020-11-18
"0-17",0,0,"HI",2020-11-19
"0-17",0,0,"HI",2020-11-20
"0-17",0,0,"HI",2020-11-21
"0-17",0,0,"HI",2020-11-22
"18-29",1,0,"HI",2020-11-17
"18-29",1,0,"HI",2020-11-18
"18-29",1,0,"HI",2020-11-19
"18-29",1,0,"HI",2020-11-20
"18-29",1,0,"HI",2020-11-21
"18-29",1,0,"HI",2020-11-22
"30-39",1,0,"HI",2020-11-17
"30-39",1,0,"HI",2020-11-18
"30-39",1,0,"HI",2020-11-19
"30-39",1,0,"HI",2020-11-20
"30-39",1,0,"HI",2020-11-21
"30-39",1,0,"HI",2020-11-22
"40-49",7,0,"HI",2020-11-17
"40-49",7,0,"HI",2020-11-18
"40-49",7,0,"HI",2020-11-19
"40-49",7,0,"HI",2020-11-20
"40-49",7,0,"HI",2020-11-21
"40-49",7,0,"HI",2020-11-22
"50-59",27,0,"HI",2020-11-17
"50-59",27,0,"HI",2020-11-18
"50-59",27,0,"HI",2020-11-19
"50-59",28,1,"HI",2020-11-20
"50-59",28,0,"HI",2020-11-21
"50-59",28,0,"HI",2020-11-22
"60-69",36,0,"HI",2020-11-17
"60-69",36,0,"HI",2020-11-18
"60-69",36,0,"HI",2020-11-19
"60-69",37,1,"HI",2020-11-20
"60-69",37,0,"HI",2020-11-21
"60-69",37,0,"HI",2020-11-22
"70-79",57,0,"HI",2020-11-17
"70-79",57,0,"HI",2020-11-18
"70-79",57,0,"HI",2020-11-19
"70-79",58,1,"HI",2020-11-20
"70-79",58,0,"HI",2020-11-21
"70-79",58,0,"HI",2020-11-22
"80+",92,0,"HI",2020-11-17
"80+",92,0,"HI",2020-11-18
"80+",92,0,"HI",2020-11-19
"80+",92,0,"HI",2020-11-20
"80+",92,0,"HI",2020-11-21
"80+",92,0,"HI",2020-11-22
"0-17",0,0,"HI",2020-11-23
"18-29",2,1,"HI",2020-11-23
"30-39",1,0,"HI",2020-11-23
"40-49",7,0,"HI",2020-11-23
"50-59",28,0,"HI",2020-11-23
"60-69",38,1,"HI",2020-11-23
"70-79",62,4,"HI",2020-11-23
"80+",93,1,"HI",2020-11-23
"0-17",0,0,"HI",2020-11-24
"0-17",0,0,"HI",2020-11-25
"0-17",0,0,"HI",2020-11-26
"0-17",0,0,"HI",2020-11-27
"0-17",0,0,"HI",2020-11-28
"0-17",0,0,"HI",2020-11-29
"0-17",0,0,"HI",2020-11-30
"0-17",0,0,"HI",2020-12-01
"0-17",0,0,"HI",2020-12-02
"0-17",0,0,"HI",2020-12-03
"0-17",0,0,"HI",2020-12-04
"0-17",0,0,"HI",2020-12-05
"0-17",0,0,"HI",2020-12-06
"18-29",2,0,"HI",2020-11-24
"18-29",2,0,"HI",2020-11-25
"18-29",2,0,"HI",2020-11-26
"18-29",2,0,"HI",2020-11-27
"18-29",2,0,"HI",2020-11-28
"18-29",2,0,"HI",2020-11-29
"18-29",2,0,"HI",2020-11-30
"18-29",2,0,"HI",2020-12-01
"18-29",2,0,"HI",2020-12-02
"18-29",2,0,"HI",2020-12-03
"18-29",2,0,"HI",2020-12-04
"18-29",2,0,"HI",2020-12-05
"18-29",2,0,"HI",2020-12-06
"30-39",1,0,"HI",2020-11-24
"30-39",1,0,"HI",2020-11-25
"30-39",1,0,"HI",2020-11-26
"30-39",1,0,"HI",2020-11-27
"30-39",1,0,"HI",2020-11-28
"30-39",1,0,"HI",2020-11-29
"30-39",1,0,"HI",2020-11-30
"30-39",1,0,"HI",2020-12-01
"30-39",1,0,"HI",2020-12-02
"30-39",1,0,"HI",2020-12-03
"30-39",1,0,"HI",2020-12-04
"30-39",1,0,"HI",2020-12-05
"30-39",1,0,"HI",2020-12-06
"40-49",7,0,"HI",2020-11-24
"40-49",7,0,"HI",2020-11-25
"40-49",7,0,"HI",2020-11-26
"40-49",7,0,"HI",2020-11-27
"40-49",7,0,"HI",2020-11-28
"40-49",7,0,"HI",2020-11-29
"40-49",7,0,"HI",2020-11-30
"40-49",7,0,"HI",2020-12-01
"40-49",7,0,"HI",2020-12-02
"40-49",7,0,"HI",2020-12-03
"40-49",7,0,"HI",2020-12-04
"40-49",7,0,"HI",2020-12-05
"40-49",7,0,"HI",2020-12-06
"50-59",28,0,"HI",2020-11-24
"50-59",28,0,"HI",2020-11-25
"50-59",28,0,"HI",2020-11-26
"50-59",28,0,"HI",2020-11-27
"50-59",28,0,"HI",2020-11-28
"50-59",28,0,"HI",2020-11-29
"50-59",28,0,"HI",2020-11-30
"50-59",28,0,"HI",2020-12-01
"50-59",28,0,"HI",2020-12-02
"50-59",28,0,"HI",2020-12-03
"50-59",28,0,"HI",2020-12-04
"50-59",28,0,"HI",2020-12-05
"50-59",28,0,"HI",2020-12-06
"60-69",38,0,"HI",2020-11-24
"60-69",38,0,"HI",2020-11-25
"60-69",39,1,"HI",2020-11-26
"60-69",39,0,"HI",2020-11-27
"60-69",40,1,"HI",2020-11-28
"60-69",40,0,"HI",2020-11-29
"60-69",40,0,"HI",2020-11-30
"60-69",40,0,"HI",2020-12-01
"60-69",40,0,"HI",2020-12-02
"60-69",42,2,"HI",2020-12-03
"60-69",43,1,"HI",2020-12-04
"60-69",43,0,"HI",2020-12-05
"60-69",43,0,"HI",2020-12-06
"70-79",62,0,"HI",2020-11-24
"70-79",62,0,"HI",2020-11-25
"70-79",63,1,"HI",2020-11-26
"70-79",63,0,"HI",2020-11-27
"70-79",64,1,"HI",2020-11-28
"70-79",64,0,"HI",2020-11-29
"70-79",64,0,"HI",2020-11-30
"70-79",64,0,"HI",2020-12-01
"70-79",64,0,"HI",2020-12-02
"70-79",66,2,"HI",2020-12-03
"70-79",67,1,"HI",2020-12-04
"70-79",67,0,"HI",2020-12-05
"70-79",67,0,"HI",2020-12-06
"80+",93,0,"HI",2020-11-24
"80+",93,0,"HI",2020-11-25
"80+",93,0,"HI",2020-11-26
"80+",93,0,"HI",2020-11-27
"80+",94,1,"HI",2020-11-28
"80+",94,0,"HI",2020-11-29
"80+",94,0,"HI",2020-11-30
"80+",94,0,"HI",2020-12-01
"80+",94,0,"HI",2020-12-02
"80+",97,3,"HI",2020-12-03
"80+",98,1,"HI",2020-12-04
"80+",98,0,"HI",2020-12-05
"80+",98,0,"HI",2020-12-06
"0-17",0,0,"HI",2020-12-07
"18-29",2,0,"HI",2020-12-07
"30-39",2,1,"HI",2020-12-07
"40-49",7,0,"HI",2020-12-07
"50-59",30,2,"HI",2020-12-07
"60-69",46,3,"HI",2020-12-07
"70-79",71,4,"HI",2020-12-07
"80+",102,4,"HI",2020-12-07
"0-17",0,0,"HI",2020-12-08
"0-17",0,0,"HI",2020-12-09
"0-17",0,0,"HI",2020-12-10
"0-17",0,0,"HI",2020-12-11
"0-17",0,0,"HI",2020-12-12
"0-17",0,0,"HI",2020-12-13
"18-29",2,0,"HI",2020-12-08
"18-29",2,0,"HI",2020-12-09
"18-29",2,0,"HI",2020-12-10
"18-29",2,0,"HI",2020-12-11
"18-29",2,0,"HI",2020-12-12
"18-29",2,0,"HI",2020-12-13
"30-39",2,0,"HI",2020-12-08
"30-39",2,0,"HI",2020-12-09
"30-39",2,0,"HI",2020-12-10
"30-39",2,0,"HI",2020-12-11
"30-39",2,0,"HI",2020-12-12
"30-39",2,0,"HI",2020-12-13
"40-49",7,0,"HI",2020-12-08
"40-49",7,0,"HI",2020-12-09
"40-49",7,0,"HI",2020-12-10
"40-49",7,0,"HI",2020-12-11
"40-49",7,0,"HI",2020-12-12
"40-49",7,0,"HI",2020-12-13
"50-59",31,1,"HI",2020-12-08
"50-59",31,0,"HI",2020-12-09
"50-59",31,0,"HI",2020-12-10
"50-59",31,0,"HI",2020-12-11
"50-59",31,0,"HI",2020-12-12
"50-59",31,0,"HI",2020-12-13
"60-69",47,1,"HI",2020-12-08
"60-69",47,0,"HI",2020-12-09
"60-69",47,0,"HI",2020-12-10
"60-69",47,0,"HI",2020-12-11
"60-69",48,1,"HI",2020-12-12
"60-69",48,0,"HI",2020-12-13
"70-79",72,1,"HI",2020-12-08
"70-79",72,0,"HI",2020-12-09
"70-79",72,0,"HI",2020-12-10
"70-79",72,0,"HI",2020-12-11
"70-79",73,1,"HI",2020-12-12
"70-79",73,0,"HI",2020-12-13
"80+",102,0,"HI",2020-12-08
"80+",102,0,"HI",2020-12-09
"80+",102,0,"HI",2020-12-10
"80+",102,0,"HI",2020-12-11
"80+",102,0,"HI",2020-12-12
"80+",102,0,"HI",2020-12-13
"0-17",0,0,"HI",2020-12-14
"18-29",3,1,"HI",2020-12-14
"30-39",2,0,"HI",2020-12-14
"40-49",8,1,"HI",2020-12-14
"50-59",31,0,"HI",2020-12-14
"60-69",50,2,"HI",2020-12-14
"70-79",75,2,"HI",2020-12-14
"80+",103,1,"HI",2020-12-14
"0-17",0,0,"HI",2020-12-15
"0-17",0,0,"HI",2020-12-16
"0-17",0,0,"HI",2020-12-17
"0-17",0,0,"HI",2020-12-18
"0-17",0,0,"HI",2020-12-19
"0-17",0,0,"HI",2020-12-20
"18-29",3,0,"HI",2020-12-15
"18-29",3,0,"HI",2020-12-16
"18-29",3,0,"HI",2020-12-17
"18-29",3,0,"HI",2020-12-18
"18-29",3,0,"HI",2020-12-19
"18-29",3,0,"HI",2020-12-20
"30-39",2,0,"HI",2020-12-15
"30-39",2,0,"HI",2020-12-16
"30-39",2,0,"HI",2020-12-17
"30-39",2,0,"HI",2020-12-18
"30-39",2,0,"HI",2020-12-19
"30-39",2,0,"HI",2020-12-20
"40-49",8,0,"HI",2020-12-15
"40-49",8,0,"HI",2020-12-16
"40-49",8,0,"HI",2020-12-17
"40-49",8,0,"HI",2020-12-18
"40-49",8,0,"HI",2020-12-19
"40-49",8,0,"HI",2020-12-20
"60-69",51,1,"HI",2020-12-15
"60-69",51,0,"HI",2020-12-16
"60-69",51,0,"HI",2020-12-17
"60-69",51,0,"HI",2020-12-18
"60-69",51,0,"HI",2020-12-19
"60-69",51,0,"HI",2020-12-20
"50-59",31,0,"HI",2020-12-15
"50-59",31,0,"HI",2020-12-16
"50-59",31,0,"HI",2020-12-17
"50-59",31,0,"HI",2020-12-18
"50-59",31,0,"HI",2020-12-19
"50-59",31,0,"HI",2020-12-20
"70-79",75,0,"HI",2020-12-15
"70-79",75,0,"HI",2020-12-16
"70-79",75,0,"HI",2020-12-17
"70-79",75,0,"HI",2020-12-18
"70-79",75,0,"HI",2020-12-19
"70-79",75,0,"HI",2020-12-20
"80+",103,0,"HI",2020-12-15
"80+",103,0,"HI",2020-12-16
"80+",103,0,"HI",2020-12-17
"80+",103,0,"HI",2020-12-18
"80+",103,0,"HI",2020-12-19
"80+",103,0,"HI",2020-12-20
"0-17",0,0,"HI",2020-12-21
"18-29",3,0,"HI",2020-12-21
"30-39",4,2,"HI",2020-12-21
"40-49",10,2,"HI",2020-12-21
"60-69",52,1,"HI",2020-12-21
"50-59",32,1,"HI",2020-12-21
"70-79",75,0,"HI",2020-12-21
"80+",104,1,"HI",2020-12-21
"0-17",0,0,"HI",2020-12-22
"0-17",0,0,"HI",2020-12-23
"0-17",0,0,"HI",2020-12-24
"0-17",0,0,"HI",2020-12-25
"0-17",0,0,"HI",2020-12-26
"0-17",0,0,"HI",2020-12-27
"18-29",3,0,"HI",2020-12-22
"18-29",3,0,"HI",2020-12-23
"18-29",3,0,"HI",2020-12-24
"18-29",3,0,"HI",2020-12-25
"18-29",3,0,"HI",2020-12-26
"18-29",3,0,"HI",2020-12-27
"30-39",4,0,"HI",2020-12-22
"30-39",4,0,"HI",2020-12-23
"30-39",4,0,"HI",2020-12-24
"30-39",4,0,"HI",2020-12-25
"30-39",4,0,"HI",2020-12-26
"30-39",4,0,"HI",2020-12-27
"40-49",10,0,"HI",2020-12-22
"40-49",10,0,"HI",2020-12-23
"40-49",10,0,"HI",2020-12-24
"40-49",10,0,"HI",2020-12-25
"40-49",10,0,"HI",2020-12-26
"40-49",10,0,"HI",2020-12-27
"60-69",52,0,"HI",2020-12-22
"60-69",52,0,"HI",2020-12-23
"60-69",52,0,"HI",2020-12-24
"60-69",52,0,"HI",2020-12-25
"60-69",52,0,"HI",2020-12-26
"60-69",52,0,"HI",2020-12-27
"50-59",32,0,"HI",2020-12-22
"50-59",32,0,"HI",2020-12-23
"50-59",32,0,"HI",2020-12-24
"50-59",32,0,"HI",2020-12-25
"50-59",32,0,"HI",2020-12-26
"50-59",32,0,"HI",2020-12-27
"70-79",76,1,"HI",2020-12-22
"70-79",76,0,"HI",2020-12-23
"70-79",76,0,"HI",2020-12-24
"70-79",76,0,"HI",2020-12-25
"70-79",76,0,"HI",2020-12-26
"70-79",76,0,"HI",2020-12-27
"80+",105,1,"HI",2020-12-22
"80+",105,0,"HI",2020-12-23
"80+",105,0,"HI",2020-12-24
"80+",105,0,"HI",2020-12-25
"80+",105,0,"HI",2020-12-26
"80+",105,0,"HI",2020-12-27
"0-17",0,0,"HI",2020-12-28
"18-29",3,0,"HI",2020-12-28
"30-39",4,0,"HI",2020-12-28
"40-49",10,0,"HI",2020-12-28
"60-69",52,0,"HI",2020-12-28
"50-59",33,1,"HI",2020-12-28
"70-79",76,0,"HI",2020-12-28
"80+",105,0,"HI",2020-12-28
"0-17",0,0,"HI",2020-12-29
"0-17",0,0,"HI",2020-12-30
"0-17",0,0,"HI",2020-12-31
"0-17",0,0,"HI",2021-01-01
"0-17",0,0,"HI",2021-01-02
"0-17",0,0,"HI",2021-01-03
"18-29",3,0,"HI",2020-12-29
"18-29",3,0,"HI",2020-12-30
"18-29",3,0,"HI",2020-12-31
"18-29",3,0,"HI",2021-01-01
"18-29",3,0,"HI",2021-01-02
"18-29",3,0,"HI",2021-01-03
"30-39",4,0,"HI",2020-12-29
"30-39",4,0,"HI",2020-12-30
"30-39",4,0,"HI",2020-12-31
"30-39",4,0,"HI",2021-01-01
"30-39",4,0,"HI",2021-01-02
"30-39",4,0,"HI",2021-01-03
"40-49",10,0,"HI",2020-12-29
"40-49",10,0,"HI",2020-12-30
"40-49",10,0,"HI",2020-12-31
"40-49",10,0,"HI",2021-01-01
"40-49",10,0,"HI",2021-01-02
"40-49",10,0,"HI",2021-01-03
"50-59",33,0,"HI",2020-12-29
"50-59",33,0,"HI",2020-12-30
"50-59",33,0,"HI",2020-12-31
"50-59",33,0,"HI",2021-01-01
"50-59",33,0,"HI",2021-01-02
"50-59",33,0,"HI",2021-01-03
"60-69",52,0,"HI",2020-12-29
"60-69",53,1,"HI",2020-12-30
"60-69",53,0,"HI",2020-12-31
"60-69",53,0,"HI",2021-01-01
"60-69",53,0,"HI",2021-01-02
"60-69",53,0,"HI",2021-01-03
"70-79",76,0,"HI",2020-12-29
"70-79",77,1,"HI",2020-12-30
"70-79",77,0,"HI",2020-12-31
"70-79",77,0,"HI",2021-01-01
"70-79",77,0,"HI",2021-01-02
"70-79",77,0,"HI",2021-01-03
"80+",105,0,"HI",2020-12-29
"80+",105,0,"HI",2020-12-30
"80+",105,0,"HI",2020-12-31
"80+",105,0,"HI",2021-01-01
"80+",105,0,"HI",2021-01-02
"80+",105,0,"HI",2021-01-03
"0-17",0,0,"HI",2021-01-04
"18-29",4,1,"HI",2021-01-04
"30-39",4,0,"HI",2021-01-04
"40-49",10,0,"HI",2021-01-04
"50-59",34,1,"HI",2021-01-04
"60-69",53,0,"HI",2021-01-04
"70-79",77,0,"HI",2021-01-04
"80+",105,0,"HI",2021-01-04
"0-17",0,0,"HI",2021-01-05
"0-17",0,0,"HI",2021-01-06
"0-17",0,0,"HI",2021-01-07
"0-17",0,0,"HI",2021-01-08
"0-17",0,0,"HI",2021-01-09
"0-17",0,0,"HI",2021-01-10
"18-29",4,0,"HI",2021-01-05
"18-29",4,0,"HI",2021-01-06
"18-29",4,0,"HI",2021-01-07
"18-29",4,0,"HI",2021-01-08
"18-29",4,0,"HI",2021-01-09
"18-29",4,0,"HI",2021-01-10
"30-39",4,0,"HI",2021-01-05
"30-39",4,0,"HI",2021-01-06
"30-39",4,0,"HI",2021-01-07
"30-39",4,0,"HI",2021-01-08
"30-39",4,0,"HI",2021-01-09
"30-39",4,0,"HI",2021-01-10
"40-49",10,0,"HI",2021-01-05
"40-49",10,0,"HI",2021-01-06
"40-49",10,0,"HI",2021-01-07
"40-49",10,0,"HI",2021-01-08
"40-49",10,0,"HI",2021-01-09
"40-49",10,0,"HI",2021-01-10
"50-59",34,0,"HI",2021-01-05
"50-59",34,0,"HI",2021-01-06
"50-59",34,0,"HI",2021-01-07
"50-59",34,0,"HI",2021-01-08
"50-59",34,0,"HI",2021-01-09
"50-59",34,0,"HI",2021-01-10
"60-69",55,2,"HI",2021-01-05
"60-69",55,0,"HI",2021-01-06
"60-69",56,1,"HI",2021-01-07
"60-69",57,1,"HI",2021-01-08
"60-69",57,0,"HI",2021-01-09
"60-69",57,0,"HI",2021-01-10
"70-79",79,2,"HI",2021-01-05
"70-79",79,0,"HI",2021-01-06
"70-79",80,1,"HI",2021-01-07
"70-79",81,1,"HI",2021-01-08
"70-79",81,0,"HI",2021-01-09
"70-79",81,0,"HI",2021-01-10
"80+",108,3,"HI",2021-01-05
"80+",108,0,"HI",2021-01-06
"80+",108,0,"HI",2021-01-07
"80+",108,0,"HI",2021-01-08
"80+",108,0,"HI",2021-01-09
"80+",108,0,"HI",2021-01-10
"0-17",0,0,"HI",2021-01-11
"18-29",4,0,"HI",2021-01-11
"30-39",4,0,"HI",2021-01-11
"40-49",11,1,"HI",2021-01-11
"50-59",36,2,"HI",2021-01-11
"60-69",58,1,"HI",2021-01-11
"70-79",83,2,"HI",2021-01-11
"80+",110,2,"HI",2021-01-11
"0-17",0,0,"HI",2021-01-12
"0-17",0,0,"HI",2021-01-13
"0-17",0,0,"HI",2021-01-14
"0-17",0,0,"HI",2021-01-15
"0-17",0,0,"HI",2021-01-16
"0-17",0,0,"HI",2021-01-17
"18-29",4,0,"HI",2021-01-12
"18-29",4,0,"HI",2021-01-13
"18-29",4,0,"HI",2021-01-14
"18-29",4,0,"HI",2021-01-15
"18-29",4,0,"HI",2021-01-16
"18-29",4,0,"HI",2021-01-17
"30-39",4,0,"HI",2021-01-12
"30-39",4,0,"HI",2021-01-13
"30-39",4,0,"HI",2021-01-14
"30-39",4,0,"HI",2021-01-15
"30-39",4,0,"HI",2021-01-16
"30-39",4,0,"HI",2021-01-17
"40-49",11,0,"HI",2021-01-12
"40-49",11,0,"HI",2021-01-13
"40-49",11,0,"HI",2021-01-14
"40-49",11,0,"HI",2021-01-15
"40-49",11,0,"HI",2021-01-16
"40-49",11,0,"HI",2021-01-17
"50-59",36,0,"HI",2021-01-12
"50-59",37,1,"HI",2021-01-13
"50-59",37,0,"HI",2021-01-14
"50-59",37,0,"HI",2021-01-15
"50-59",37,0,"HI",2021-01-16
"50-59",37,0,"HI",2021-01-17
"60-69",58,0,"HI",2021-01-12
"60-69",58,0,"HI",2021-01-13
"60-69",58,0,"HI",2021-01-14
"60-69",58,0,"HI",2021-01-15
"60-69",58,0,"HI",2021-01-16
"60-69",58,0,"HI",2021-01-17
"70-79",84,1,"HI",2021-01-12
"70-79",85,1,"HI",2021-01-13
"70-79",85,0,"HI",2021-01-14
"70-79",85,0,"HI",2021-01-15
"70-79",85,0,"HI",2021-01-16
"70-79",85,0,"HI",2021-01-17
"80+",111,1,"HI",2021-01-12
"80+",113,2,"HI",2021-01-13
"80+",113,0,"HI",2021-01-14
"80+",114,1,"HI",2021-01-15
"80+",115,1,"HI",2021-01-16
"80+",115,0,"HI",2021-01-17
"0-17",0,0,"HI",2021-01-18
"18-29",4,0,"HI",2021-01-18
"30-39",4,0,"HI",2021-01-18
"40-49",12,1,"HI",2021-01-18
"50-59",37,0,"HI",2021-01-18
"60-69",59,1,"HI",2021-01-18
"70-79",88,3,"HI",2021-01-18
"80+",115,0,"HI",2021-01-18
"0-17",0,0,"HI",2021-01-19
"0-17",0,0,"HI",2021-01-20
"0-17",0,0,"HI",2021-01-21
"0-17",0,0,"HI",2021-01-22
"0-17",0,0,"HI",2021-01-23
"0-17",0,0,"HI",2021-01-24
"18-29",4,0,"HI",2021-01-19
"18-29",4,0,"HI",2021-01-20
"18-29",4,0,"HI",2021-01-21
"18-29",4,0,"HI",2021-01-22
"18-29",4,0,"HI",2021-01-23
"18-29",4,0,"HI",2021-01-24
"30-39",4,0,"HI",2021-01-19
"30-39",4,0,"HI",2021-01-20
"30-39",4,0,"HI",2021-01-21
"30-39",4,0,"HI",2021-01-22
"30-39",4,0,"HI",2021-01-23
"30-39",4,0,"HI",2021-01-24
"40-49",12,0,"HI",2021-01-19
"40-49",12,0,"HI",2021-01-20
"40-49",12,0,"HI",2021-01-21
"40-49",12,0,"HI",2021-01-22
"40-49",12,0,"HI",2021-01-23
"40-49",12,0,"HI",2021-01-24
"50-59",37,0,"HI",2021-01-19
"50-59",37,0,"HI",2021-01-20
"50-59",37,0,"HI",2021-01-21
"50-59",37,0,"HI",2021-01-22
"50-59",37,0,"HI",2021-01-23
"50-59",37,0,"HI",2021-01-24
"60-69",59,0,"HI",2021-01-19
"60-69",60,1,"HI",2021-01-20
"60-69",61,1,"HI",2021-01-21
"60-69",62,1,"HI",2021-01-22
"60-69",63,1,"HI",2021-01-23
"60-69",63,0,"HI",2021-01-24
"70-79",88,0,"HI",2021-01-19
"70-79",88,0,"HI",2021-01-20
"70-79",88,0,"HI",2021-01-21
"70-79",88,0,"HI",2021-01-22
"70-79",88,0,"HI",2021-01-23
"70-79",88,0,"HI",2021-01-24
"80+",115,0,"HI",2021-01-19
"80+",116,1,"HI",2021-01-20
"80+",117,1,"HI",2021-01-21
"80+",118,1,"HI",2021-01-22
"80+",120,2,"HI",2021-01-23
"80+",120,0,"HI",2021-01-24
"0-17",0,0,"HI",2021-01-25
"18-29",5,1,"HI",2021-01-25
"30-39",4,0,"HI",2021-01-25
"40-49",13,1,"HI",2021-01-25
"50-59",37,0,"HI",2021-01-25
"60-69",64,1,"HI",2021-01-25
"70-79",90,2,"HI",2021-01-25
"80+",125,5,"HI",2021-01-25
"0-17",0,0,"HI",2021-01-26
"0-17",0,0,"HI",2021-01-27
"0-17",0,0,"HI",2021-01-28
"0-17",0,0,"HI",2021-01-29
"0-17",0,0,"HI",2021-01-30
"0-17",0,0,"HI",2021-01-31
"18-29",5,0,"HI",2021-01-26
"18-29",5,0,"HI",2021-01-27
"18-29",5,0,"HI",2021-01-28
"18-29",5,0,"HI",2021-01-29
"18-29",5,0,"HI",2021-01-30
"18-29",5,0,"HI",2021-01-31
"30-39",4,0,"HI",2021-01-26
"30-39",4,0,"HI",2021-01-27
"30-39",4,0,"HI",2021-01-28
"30-39",4,0,"HI",2021-01-29
"30-39",4,0,"HI",2021-01-30
"30-39",4,0,"HI",2021-01-31
"40-49",13,0,"HI",2021-01-26
"40-49",13,0,"HI",2021-01-27
"40-49",13,0,"HI",2021-01-28
"40-49",13,0,"HI",2021-01-29
"40-49",13,0,"HI",2021-01-30
"40-49",13,0,"HI",2021-01-31
"50-59",38,1,"HI",2021-01-26
"50-59",39,1,"HI",2021-01-27
"50-59",40,1,"HI",2021-01-28
"50-59",41,1,"HI",2021-01-29
"50-59",42,1,"HI",2021-01-30
"50-59",43,1,"HI",2021-01-31
"60-69",66,2,"HI",2021-01-26
"60-69",67,1,"HI",2021-01-27
"60-69",68,1,"HI",2021-01-28
"60-69",69,1,"HI",2021-01-29
"60-69",71,2,"HI",2021-01-30
"60-69",72,1,"HI",2021-01-31
"70-79",93,3,"HI",2021-01-26
"70-79",95,2,"HI",2021-01-27
"70-79",97,2,"HI",2021-01-28
"70-79",99,2,"HI",2021-01-29
"70-79",102,3,"HI",2021-01-30
"70-79",104,2,"HI",2021-01-31
"80+",130,5,"HI",2021-01-26
"80+",135,5,"HI",2021-01-27
"80+",139,4,"HI",2021-01-28
"80+",143,4,"HI",2021-01-29
"80+",148,5,"HI",2021-01-30
"80+",152,4,"HI",2021-01-31
"0-17",0,0,"HI",2021-02-01
"18-29",5,0,"HI",2021-02-01
"30-39",5,1,"HI",2021-02-01
"40-49",15,2,"HI",2021-02-01
"50-59",44,1,"HI",2021-02-01
"60-69",74,2,"HI",2021-02-01
"70-79",107,3,"HI",2021-02-01
"80+",156,4,"HI",2021-02-01
"0-17",0,0,"HI",2021-02-02
"0-17",0,0,"HI",2021-02-03
"0-17",0,0,"HI",2021-02-04
"0-17",0,0,"HI",2021-02-05
"0-17",0,0,"HI",2021-02-06
"0-17",0,0,"HI",2021-02-07
"18-29",5,0,"HI",2021-02-02
"18-29",5,0,"HI",2021-02-03
"18-29",5,0,"HI",2021-02-04
"18-29",5,0,"HI",2021-02-05
"18-29",5,0,"HI",2021-02-06
"18-29",5,0,"HI",2021-02-07
"30-39",5,0,"HI",2021-02-02
"30-39",5,0,"HI",2021-02-03
"30-39",5,0,"HI",2021-02-04
"30-39",5,0,"HI",2021-02-05
"30-39",5,0,"HI",2021-02-06
"30-39",5,0,"HI",2021-02-07
"40-49",15,0,"HI",2021-02-02
"40-49",15,0,"HI",2021-02-03
"40-49",15,0,"HI",2021-02-04
"40-49",15,0,"HI",2021-02-05
"40-49",15,0,"HI",2021-02-06
"40-49",15,0,"HI",2021-02-07
"50-59",44,0,"HI",2021-02-02
"50-59",44,0,"HI",2021-02-03
"50-59",44,0,"HI",2021-02-04
"50-59",44,0,"HI",2021-02-05
"50-59",44,0,"HI",2021-02-06
"50-59",44,0,"HI",2021-02-07
"60-69",75,1,"HI",2021-02-02
"60-69",75,0,"HI",2021-02-03
"60-69",75,0,"HI",2021-02-04
"60-69",75,0,"HI",2021-02-05
"60-69",75,0,"HI",2021-02-06
"60-69",75,0,"HI",2021-02-07
"70-79",108,1,"HI",2021-02-02
"70-79",108,0,"HI",2021-02-03
"70-79",108,0,"HI",2021-02-04
"70-79",108,0,"HI",2021-02-05
"70-79",108,0,"HI",2021-02-06
"70-79",108,0,"HI",2021-02-07
"80+",158,2,"HI",2021-02-02
"80+",159,1,"HI",2021-02-03
"80+",159,0,"HI",2021-02-04
"80+",159,0,"HI",2021-02-05
"80+",160,1,"HI",2021-02-06
"80+",160,0,"HI",2021-02-07
"0-17",0,0,"HI",2021-02-08
"18-29",5,0,"HI",2021-02-08
"30-39",5,0,"HI",2021-02-08
"40-49",15,0,"HI",2021-02-08
"50-59",45,1,"HI",2021-02-08
"60-69",75,0,"HI",2021-02-08
"70-79",109,1,"HI",2021-02-08
"80+",160,0,"HI",2021-02-08
"0-17",0,0,"HI",2021-02-09
"0-17",0,0,"HI",2021-02-10
"0-17",0,0,"HI",2021-02-11
"0-17",0,0,"HI",2021-02-12
"0-17",0,0,"HI",2021-02-13
"0-17",0,0,"HI",2021-02-14
"18-29",5,0,"HI",2021-02-09
"18-29",5,0,"HI",2021-02-10
"18-29",5,0,"HI",2021-02-11
"18-29",5,0,"HI",2021-02-12
"18-29",5,0,"HI",2021-02-13
"18-29",5,0,"HI",2021-02-14
"30-39",5,0,"HI",2021-02-09
"30-39",5,0,"HI",2021-02-10
"30-39",5,0,"HI",2021-02-11
"30-39",5,0,"HI",2021-02-12
"30-39",5,0,"HI",2021-02-13
"30-39",5,0,"HI",2021-02-14
"40-49",15,0,"HI",2021-02-09
"40-49",15,0,"HI",2021-02-10
"40-49",15,0,"HI",2021-02-11
"40-49",15,0,"HI",2021-02-12
"40-49",15,0,"HI",2021-02-13
"40-49",15,0,"HI",2021-02-14
"50-59",46,1,"HI",2021-02-09
"50-59",46,0,"HI",2021-02-10
"50-59",46,0,"HI",2021-02-11
"50-59",46,0,"HI",2021-02-12
"50-59",46,0,"HI",2021-02-13
"50-59",46,0,"HI",2021-02-14
"60-69",76,1,"HI",2021-02-09
"60-69",76,0,"HI",2021-02-10
"60-69",76,0,"HI",2021-02-11
"60-69",76,0,"HI",2021-02-12
"60-69",76,0,"HI",2021-02-13
"60-69",76,0,"HI",2021-02-14
"70-79",110,1,"HI",2021-02-09
"70-79",110,0,"HI",2021-02-10
"70-79",110,0,"HI",2021-02-11
"70-79",110,0,"HI",2021-02-12
"70-79",110,0,"HI",2021-02-13
"70-79",110,0,"HI",2021-02-14
"80+",162,2,"HI",2021-02-09
"80+",162,0,"HI",2021-02-10
"80+",162,0,"HI",2021-02-11
"80+",162,0,"HI",2021-02-12
"80+",162,0,"HI",2021-02-13
"80+",162,0,"HI",2021-02-14
"0-17",0,0,"HI",2021-02-15
"18-29",5,0,"HI",2021-02-15
"30-39",5,0,"HI",2021-02-15
"40-49",15,0,"HI",2021-02-15
"50-59",46,0,"HI",2021-02-15
"60-69",78,2,"HI",2021-02-15
"70-79",110,0,"HI",2021-02-15
"80+",163,1,"HI",2021-02-15
"0-17",0,0,"HI",2021-02-16
"0-17",0,0,"HI",2021-02-17
"0-17",0,0,"HI",2021-02-18
"0-17",0,0,"HI",2021-02-19
"0-17",0,0,"HI",2021-02-20
"0-17",0,0,"HI",2021-02-21
"18-29",5,0,"HI",2021-02-16
"18-29",5,0,"HI",2021-02-17
"18-29",5,0,"HI",2021-02-18
"18-29",5,0,"HI",2021-02-19
"18-29",5,0,"HI",2021-02-20
"18-29",5,0,"HI",2021-02-21
"30-39",5,0,"HI",2021-02-16
"30-39",5,0,"HI",2021-02-17
"30-39",5,0,"HI",2021-02-18
"30-39",5,0,"HI",2021-02-19
"30-39",5,0,"HI",2021-02-20
"30-39",5,0,"HI",2021-02-21
"40-49",15,0,"HI",2021-02-16
"40-49",15,0,"HI",2021-02-17
"40-49",15,0,"HI",2021-02-18
"40-49",15,0,"HI",2021-02-19
"40-49",15,0,"HI",2021-02-20
"40-49",15,0,"HI",2021-02-21
"50-59",46,0,"HI",2021-02-16
"50-59",46,0,"HI",2021-02-17
"50-59",46,0,"HI",2021-02-18
"50-59",46,0,"HI",2021-02-19
"50-59",46,0,"HI",2021-02-20
"50-59",46,0,"HI",2021-02-21
"60-69",78,0,"HI",2021-02-16
"60-69",78,0,"HI",2021-02-17
"60-69",78,0,"HI",2021-02-18
"60-69",78,0,"HI",2021-02-19
"60-69",78,0,"HI",2021-02-20
"60-69",78,0,"HI",2021-02-21
"70-79",110,0,"HI",2021-02-16
"70-79",110,0,"HI",2021-02-17
"70-79",110,0,"HI",2021-02-18
"70-79",110,0,"HI",2021-02-19
"70-79",110,0,"HI",2021-02-20
"70-79",110,0,"HI",2021-02-21
"80+",163,0,"HI",2021-02-16
"80+",163,0,"HI",2021-02-17
"80+",164,1,"HI",2021-02-18
"80+",164,0,"HI",2021-02-19
"80+",164,0,"HI",2021-02-20
"80+",164,0,"HI",2021-02-21
"0-17",0,0,"HI",2021-02-22
"18-29",5,0,"HI",2021-02-22
"30-39",5,0,"HI",2021-02-22
"40-49",15,0,"HI",2021-02-22
"50-59",47,1,"HI",2021-02-22
"60-69",79,1,"HI",2021-02-22
"70-79",111,1,"HI",2021-02-22
"80+",165,1,"HI",2021-02-22
"0-17",0,0,"HI",2021-02-23
"0-17",0,0,"HI",2021-02-24
"0-17",0,0,"HI",2021-02-25
"0-17",0,0,"HI",2021-02-26
"0-17",0,0,"HI",2021-02-27
"0-17",0,0,"HI",2021-02-28
"18-29",5,0,"HI",2021-02-23
"18-29",5,0,"HI",2021-02-24
"18-29",5,0,"HI",2021-02-25
"18-29",5,0,"HI",2021-02-26
"18-29",5,0,"HI",2021-02-27
"18-29",5,0,"HI",2021-02-28
"30-39",5,0,"HI",2021-02-23
"30-39",5,0,"HI",2021-02-24
"30-39",5,0,"HI",2021-02-25
"30-39",5,0,"HI",2021-02-26
"30-39",5,0,"HI",2021-02-27
"30-39",5,0,"HI",2021-02-28
"40-49",15,0,"HI",2021-02-23
"40-49",15,0,"HI",2021-02-24
"40-49",15,0,"HI",2021-02-25
"40-49",15,0,"HI",2021-02-26
"40-49",15,0,"HI",2021-02-27
"40-49",15,0,"HI",2021-02-28
"50-59",47,0,"HI",2021-02-23
"50-59",47,0,"HI",2021-02-24
"50-59",47,0,"HI",2021-02-25
"50-59",47,0,"HI",2021-02-26
"50-59",47,0,"HI",2021-02-27
"50-59",47,0,"HI",2021-02-28
"60-69",80,1,"HI",2021-02-23
"60-69",80,0,"HI",2021-02-24
"60-69",80,0,"HI",2021-02-25
"60-69",80,0,"HI",2021-02-26
"60-69",80,0,"HI",2021-02-27
"60-69",80,0,"HI",2021-02-28
"70-79",111,0,"HI",2021-02-23
"70-79",111,0,"HI",2021-02-24
"70-79",111,0,"HI",2021-02-25
"70-79",111,0,"HI",2021-02-26
"70-79",111,0,"HI",2021-02-27
"70-79",111,0,"HI",2021-02-28
"80+",167,2,"HI",2021-02-23
"80+",167,0,"HI",2021-02-24
"80+",168,1,"HI",2021-02-25
"80+",169,1,"HI",2021-02-26
"80+",169,0,"HI",2021-02-27
"80+",169,0,"HI",2021-02-28
"0-17",0,0,"HI",2021-03-01
"18-29",5,0,"HI",2021-03-01
"30-39",5,0,"HI",2021-03-01
"40-49",15,0,"HI",2021-03-01
"50-59",47,0,"HI",2021-03-01
"60-69",83,3,"HI",2021-03-01
"70-79",111,0,"HI",2021-03-01
"80+",169,0,"HI",2021-03-01
"0-17",0,0,"HI",2021-03-02
"0-17",0,0,"HI",2021-03-03
"0-17",0,0,"HI",2021-03-04
"0-17",0,0,"HI",2021-03-05
"0-17",0,0,"HI",2021-03-06
"0-17",0,0,"HI",2021-03-07
"18-29",5,0,"HI",2021-03-02
"18-29",5,0,"HI",2021-03-03
"18-29",5,0,"HI",2021-03-04
"18-29",5,0,"HI",2021-03-05
"18-29",5,0,"HI",2021-03-06
"18-29",5,0,"HI",2021-03-07
"30-39",5,0,"HI",2021-03-02
"30-39",5,0,"HI",2021-03-03
"30-39",5,0,"HI",2021-03-04
"30-39",5,0,"HI",2021-03-05
"30-39",5,0,"HI",2021-03-06
"30-39",5,0,"HI",2021-03-07
"40-49",15,0,"HI",2021-03-02
"40-49",15,0,"HI",2021-03-03
"40-49",15,0,"HI",2021-03-04
"40-49",15,0,"HI",2021-03-05
"40-49",15,0,"HI",2021-03-06
"40-49",15,0,"HI",2021-03-07
"50-59",47,0,"HI",2021-03-02
"50-59",47,0,"HI",2021-03-03
"50-59",47,0,"HI",2021-03-04
"50-59",47,0,"HI",2021-03-05
"50-59",47,0,"HI",2021-03-06
"50-59",47,0,"HI",2021-03-07
"60-69",83,0,"HI",2021-03-02
"60-69",83,0,"HI",2021-03-03
"60-69",83,0,"HI",2021-03-04
"60-69",83,0,"HI",2021-03-05
"60-69",83,0,"HI",2021-03-06
"60-69",83,0,"HI",2021-03-07
"70-79",111,0,"HI",2021-03-02
"70-79",111,0,"HI",2021-03-03
"70-79",111,0,"HI",2021-03-04
"70-79",111,0,"HI",2021-03-05
"70-79",111,0,"HI",2021-03-06
"70-79",111,0,"HI",2021-03-07
"80+",169,0,"HI",2021-03-02
"80+",169,0,"HI",2021-03-03
"80+",169,0,"HI",2021-03-04
"80+",169,0,"HI",2021-03-05
"80+",169,0,"HI",2021-03-06
"80+",169,0,"HI",2021-03-07
"0-17",0,0,"HI",2021-03-08
"18-29",5,0,"HI",2021-03-08
"30-39",5,0,"HI",2021-03-08
"40-49",15,0,"HI",2021-03-08
"50-59",47,0,"HI",2021-03-08
"60-69",87,4,"HI",2021-03-08
"70-79",113,2,"HI",2021-03-08
"80+",169,0,"HI",2021-03-08
