"date","age","cum.deaths","daily.deaths","code"
2020-04-27,"0-4",5,NA,"GA"
2020-04-27,"10-14",5,NA,"GA"
2020-04-27,"15-19",5,NA,"GA"
2020-04-27,"20-24",5,NA,"GA"
2020-04-27,"25-29",7,NA,"GA"
2020-04-27,"30-34",17,NA,"GA"
2020-04-27,"35-39",10,NA,"GA"
2020-04-27,"40-44",14,NA,"GA"
2020-04-27,"45-49",29,NA,"GA"
2020-04-27,"5-9",5,NA,"GA"
2020-04-27,"50-54",46,NA,"GA"
2020-04-27,"55-59",70,NA,"GA"
2020-04-27,"60-64",121,NA,"GA"
2020-04-27,"65-69",163,NA,"GA"
2020-04-27,"70-74",162,NA,"GA"
2020-04-27,"75-79",195,NA,"GA"
2020-04-27,"80-84",181,NA,"GA"
2020-04-27,"85-89",157,NA,"GA"
2020-04-27,"90+",152,NA,"GA"
2020-04-28,"0-4",5,0,"GA"
2020-04-28,"10-14",5,0,"GA"
2020-04-28,"15-19",5,0,"GA"
2020-04-28,"20-24",5,0,"GA"
2020-04-28,"25-29",7,0,"GA"
2020-04-28,"30-34",17,0,"GA"
2020-04-28,"35-39",10,0,"GA"
2020-04-28,"40-44",14,0,"GA"
2020-04-28,"45-49",29,0,"GA"
2020-04-28,"5-9",5,0,"GA"
2020-04-28,"50-54",46,0,"GA"
2020-04-28,"55-59",70,0,"GA"
2020-04-28,"60-64",121,0,"GA"
2020-04-28,"65-69",163,0,"GA"
2020-04-28,"70-74",162,0,"GA"
2020-04-28,"75-79",195,0,"GA"
2020-04-28,"80-84",181,0,"GA"
2020-04-28,"85-89",157,0,"GA"
2020-04-28,"90+",152,0,"GA"
2020-04-29,"0-4",5,0,"GA"
2020-04-29,"10-14",5,0,"GA"
2020-04-29,"15-19",5,0,"GA"
2020-04-29,"20-24",5,0,"GA"
2020-04-29,"25-29",7,0,"GA"
2020-04-29,"30-34",17,0,"GA"
2020-04-29,"35-39",10,0,"GA"
2020-04-29,"40-44",14,0,"GA"
2020-04-29,"45-49",29,0,"GA"
2020-04-29,"5-9",5,0,"GA"
2020-04-29,"50-54",46,0,"GA"
2020-04-29,"55-59",70,0,"GA"
2020-04-29,"60-64",121,0,"GA"
2020-04-29,"65-69",163,0,"GA"
2020-04-29,"70-74",162,0,"GA"
2020-04-29,"75-79",195,0,"GA"
2020-04-29,"80-84",181,0,"GA"
2020-04-29,"85-89",157,0,"GA"
2020-04-29,"90+",152,0,"GA"
2020-04-30,"0-4",5,0,"GA"
2020-04-30,"10-14",5,0,"GA"
2020-04-30,"15-19",5,0,"GA"
2020-04-30,"20-24",5,0,"GA"
2020-04-30,"25-29",7,0,"GA"
2020-04-30,"30-34",17,0,"GA"
2020-04-30,"35-39",10,0,"GA"
2020-04-30,"40-44",14,0,"GA"
2020-04-30,"45-49",29,0,"GA"
2020-04-30,"5-9",5,0,"GA"
2020-04-30,"50-54",46,0,"GA"
2020-04-30,"55-59",70,0,"GA"
2020-04-30,"60-64",121,0,"GA"
2020-04-30,"65-69",163,0,"GA"
2020-04-30,"70-74",162,0,"GA"
2020-04-30,"75-79",195,0,"GA"
2020-04-30,"80-84",181,0,"GA"
2020-04-30,"85-89",157,0,"GA"
2020-04-30,"90+",152,0,"GA"
2020-05-01,"0-4",5,0,"GA"
2020-05-01,"10-14",5,0,"GA"
2020-05-01,"15-19",5,0,"GA"
2020-05-01,"20-24",5,0,"GA"
2020-05-01,"25-29",7,0,"GA"
2020-05-01,"30-34",17,0,"GA"
2020-05-01,"35-39",10,0,"GA"
2020-05-01,"40-44",14,0,"GA"
2020-05-01,"45-49",29,0,"GA"
2020-05-01,"5-9",5,0,"GA"
2020-05-01,"50-54",46,0,"GA"
2020-05-01,"55-59",70,0,"GA"
2020-05-01,"60-64",121,0,"GA"
2020-05-01,"65-69",163,0,"GA"
2020-05-01,"70-74",162,0,"GA"
2020-05-01,"75-79",195,0,"GA"
2020-05-01,"80-84",181,0,"GA"
2020-05-01,"85-89",157,0,"GA"
2020-05-01,"90+",152,0,"GA"
2020-05-02,"0-4",5,0,"GA"
2020-05-02,"10-14",5,0,"GA"
2020-05-02,"15-19",5,0,"GA"
2020-05-02,"20-24",5,0,"GA"
2020-05-02,"25-29",7,0,"GA"
2020-05-02,"30-34",17,0,"GA"
2020-05-02,"35-39",10,0,"GA"
2020-05-02,"40-44",14,0,"GA"
2020-05-02,"45-49",29,0,"GA"
2020-05-02,"5-9",5,0,"GA"
2020-05-02,"50-54",46,0,"GA"
2020-05-02,"55-59",70,0,"GA"
2020-05-02,"60-64",121,0,"GA"
2020-05-02,"65-69",163,0,"GA"
2020-05-02,"70-74",162,0,"GA"
2020-05-02,"75-79",195,0,"GA"
2020-05-02,"80-84",181,0,"GA"
2020-05-02,"85-89",157,0,"GA"
2020-05-02,"90+",152,0,"GA"
2020-05-03,"0-4",5,0,"GA"
2020-05-03,"10-14",5,0,"GA"
2020-05-03,"15-19",5,0,"GA"
2020-05-03,"20-24",5,0,"GA"
2020-05-03,"25-29",7,0,"GA"
2020-05-03,"30-34",17,0,"GA"
2020-05-03,"35-39",10,0,"GA"
2020-05-03,"40-44",14,0,"GA"
2020-05-03,"45-49",29,0,"GA"
2020-05-03,"5-9",5,0,"GA"
2020-05-03,"50-54",46,0,"GA"
2020-05-03,"55-59",70,0,"GA"
2020-05-03,"60-64",121,0,"GA"
2020-05-03,"65-69",163,0,"GA"
2020-05-03,"70-74",162,0,"GA"
2020-05-03,"75-79",195,0,"GA"
2020-05-03,"80-84",181,0,"GA"
2020-05-03,"85-89",157,0,"GA"
2020-05-03,"90+",152,0,"GA"
2020-05-04,"0-4",5,0,"GA"
2020-05-04,"10-14",5,0,"GA"
2020-05-04,"15-19",5,0,"GA"
2020-05-04,"20-24",5,0,"GA"
2020-05-04,"25-29",7,0,"GA"
2020-05-04,"30-34",17,0,"GA"
2020-05-04,"35-39",10,0,"GA"
2020-05-04,"40-44",14,0,"GA"
2020-05-04,"45-49",29,0,"GA"
2020-05-04,"5-9",5,0,"GA"
2020-05-04,"50-54",46,0,"GA"
2020-05-04,"55-59",70,0,"GA"
2020-05-04,"60-64",121,0,"GA"
2020-05-04,"65-69",163,0,"GA"
2020-05-04,"70-74",162,0,"GA"
2020-05-04,"75-79",195,0,"GA"
2020-05-04,"80-84",181,0,"GA"
2020-05-04,"85-89",157,0,"GA"
2020-05-04,"90+",152,0,"GA"
2020-05-05,"0-4",5,0,"GA"
2020-05-05,"10-14",5,0,"GA"
2020-05-05,"15-19",5,0,"GA"
2020-05-05,"20-24",5,0,"GA"
2020-05-05,"25-29",7,0,"GA"
2020-05-05,"30-34",17,0,"GA"
2020-05-05,"35-39",10,0,"GA"
2020-05-05,"40-44",14,0,"GA"
2020-05-05,"45-49",29,0,"GA"
2020-05-05,"5-9",5,0,"GA"
2020-05-05,"50-54",46,0,"GA"
2020-05-05,"55-59",70,0,"GA"
2020-05-05,"60-64",121,0,"GA"
2020-05-05,"65-69",163,0,"GA"
2020-05-05,"70-74",162,0,"GA"
2020-05-05,"75-79",195,0,"GA"
2020-05-05,"80-84",181,0,"GA"
2020-05-05,"85-89",157,0,"GA"
2020-05-05,"90+",152,0,"GA"
2020-05-06,"0-4",5,0,"GA"
2020-05-06,"10-14",5,0,"GA"
2020-05-06,"15-19",5,0,"GA"
2020-05-06,"20-24",5,0,"GA"
2020-05-06,"25-29",7,0,"GA"
2020-05-06,"30-34",17,0,"GA"
2020-05-06,"35-39",10,0,"GA"
2020-05-06,"40-44",14,0,"GA"
2020-05-06,"45-49",29,0,"GA"
2020-05-06,"5-9",5,0,"GA"
2020-05-06,"50-54",46,0,"GA"
2020-05-06,"55-59",70,0,"GA"
2020-05-06,"60-64",121,0,"GA"
2020-05-06,"65-69",163,0,"GA"
2020-05-06,"70-74",162,0,"GA"
2020-05-06,"75-79",195,0,"GA"
2020-05-06,"80-84",181,0,"GA"
2020-05-06,"85-89",157,0,"GA"
2020-05-06,"90+",152,0,"GA"
2020-05-07,"0-4",5,0,"GA"
2020-05-07,"10-14",5,0,"GA"
2020-05-07,"15-19",5,0,"GA"
2020-05-07,"20-24",5,0,"GA"
2020-05-07,"25-29",7,0,"GA"
2020-05-07,"30-34",17,0,"GA"
2020-05-07,"35-39",10,0,"GA"
2020-05-07,"40-44",14,0,"GA"
2020-05-07,"45-49",29,0,"GA"
2020-05-07,"5-9",5,0,"GA"
2020-05-07,"50-54",46,0,"GA"
2020-05-07,"55-59",70,0,"GA"
2020-05-07,"60-64",121,0,"GA"
2020-05-07,"65-69",165,2,"GA"
2020-05-07,"70-74",162,0,"GA"
2020-05-07,"75-79",199,4,"GA"
2020-05-07,"80-84",184,3,"GA"
2020-05-07,"85-89",158,1,"GA"
2020-05-07,"90+",152,0,"GA"
2020-05-08,"0-4",5,0,"GA"
2020-05-08,"10-14",5,0,"GA"
2020-05-08,"15-19",5,0,"GA"
2020-05-08,"20-24",5,0,"GA"
2020-05-08,"25-29",7,0,"GA"
2020-05-08,"30-34",17,0,"GA"
2020-05-08,"35-39",11,1,"GA"
2020-05-08,"40-44",14,0,"GA"
2020-05-08,"45-49",32,3,"GA"
2020-05-08,"5-9",5,0,"GA"
2020-05-08,"50-54",46,0,"GA"
2020-05-08,"55-59",70,0,"GA"
2020-05-08,"60-64",127,6,"GA"
2020-05-08,"65-69",167,2,"GA"
2020-05-08,"70-74",163,1,"GA"
2020-05-08,"75-79",201,2,"GA"
2020-05-08,"80-84",191,7,"GA"
2020-05-08,"85-89",159,1,"GA"
2020-05-08,"90+",156,4,"GA"
2020-05-09,"0-4",5,0,"GA"
2020-05-09,"10-14",5,0,"GA"
2020-05-09,"15-19",5,0,"GA"
2020-05-09,"20-24",5,0,"GA"
2020-05-09,"25-29",7,0,"GA"
2020-05-09,"30-34",17,0,"GA"
2020-05-09,"35-39",11,0,"GA"
2020-05-09,"40-44",14,0,"GA"
2020-05-09,"45-49",37,5,"GA"
2020-05-09,"5-9",5,0,"GA"
2020-05-09,"50-54",47,1,"GA"
2020-05-09,"55-59",72,2,"GA"
2020-05-09,"60-64",127,0,"GA"
2020-05-09,"65-69",170,3,"GA"
2020-05-09,"70-74",174,11,"GA"
2020-05-09,"75-79",208,7,"GA"
2020-05-09,"80-84",198,7,"GA"
2020-05-09,"85-89",161,2,"GA"
2020-05-09,"90+",164,8,"GA"
2020-05-10,"0-4",5,0,"GA"
2020-05-10,"10-14",5,0,"GA"
2020-05-10,"15-19",5,0,"GA"
2020-05-10,"20-24",5,0,"GA"
2020-05-10,"25-29",7,0,"GA"
2020-05-10,"30-34",17,0,"GA"
2020-05-10,"35-39",11,0,"GA"
2020-05-10,"40-44",14,0,"GA"
2020-05-10,"45-49",37,0,"GA"
2020-05-10,"5-9",5,0,"GA"
2020-05-10,"50-54",47,0,"GA"
2020-05-10,"55-59",73,1,"GA"
2020-05-10,"60-64",127,0,"GA"
2020-05-10,"65-69",170,0,"GA"
2020-05-10,"70-74",175,1,"GA"
2020-05-10,"75-79",210,2,"GA"
2020-05-10,"80-84",198,0,"GA"
2020-05-10,"85-89",162,1,"GA"
2020-05-10,"90+",164,0,"GA"
2020-05-11,"0-4",5,0,"GA"
2020-05-11,"10-14",5,0,"GA"
2020-05-11,"15-19",5,0,"GA"
2020-05-11,"20-24",5,0,"GA"
2020-05-11,"25-29",7,0,"GA"
2020-05-11,"30-34",17,0,"GA"
2020-05-11,"35-39",11,0,"GA"
2020-05-11,"40-44",14,0,"GA"
2020-05-11,"45-49",37,0,"GA"
2020-05-11,"5-9",5,0,"GA"
2020-05-11,"50-54",47,0,"GA"
2020-05-11,"55-59",73,0,"GA"
2020-05-11,"60-64",127,0,"GA"
2020-05-11,"65-69",170,0,"GA"
2020-05-11,"70-74",175,0,"GA"
2020-05-11,"75-79",210,0,"GA"
2020-05-11,"80-84",198,0,"GA"
2020-05-11,"85-89",162,0,"GA"
2020-05-11,"90+",164,0,"GA"
2020-05-12,"0-4",5,0,"GA"
2020-05-12,"10-14",5,0,"GA"
2020-05-12,"15-19",5,0,"GA"
2020-05-12,"20-24",6,1,"GA"
2020-05-12,"25-29",7,0,"GA"
2020-05-12,"30-34",18,1,"GA"
2020-05-12,"35-39",11,0,"GA"
2020-05-12,"40-44",14,0,"GA"
2020-05-12,"45-49",37,0,"GA"
2020-05-12,"5-9",5,0,"GA"
2020-05-12,"50-54",50,3,"GA"
2020-05-12,"55-59",75,2,"GA"
2020-05-12,"60-64",130,3,"GA"
2020-05-12,"65-69",177,7,"GA"
2020-05-12,"70-74",184,9,"GA"
2020-05-12,"75-79",214,4,"GA"
2020-05-12,"80-84",205,7,"GA"
2020-05-12,"85-89",169,7,"GA"
2020-05-12,"90+",186,22,"GA"
2020-05-13,"0-4",5,0,"GA"
2020-05-13,"10-14",5,0,"GA"
2020-05-13,"15-19",5,0,"GA"
2020-05-13,"20-24",6,0,"GA"
2020-05-13,"25-29",7,0,"GA"
2020-05-13,"30-34",18,0,"GA"
2020-05-13,"35-39",11,0,"GA"
2020-05-13,"40-44",14,0,"GA"
2020-05-13,"45-49",39,2,"GA"
2020-05-13,"5-9",5,0,"GA"
2020-05-13,"50-54",50,0,"GA"
2020-05-13,"55-59",79,4,"GA"
2020-05-13,"60-64",132,2,"GA"
2020-05-13,"65-69",179,2,"GA"
2020-05-13,"70-74",191,7,"GA"
2020-05-13,"75-79",219,5,"GA"
2020-05-13,"80-84",212,7,"GA"
2020-05-13,"85-89",177,8,"GA"
2020-05-13,"90+",196,10,"GA"
2020-05-14,"0-4",5,0,"GA"
2020-05-14,"10-14",5,0,"GA"
2020-05-14,"15-19",5,0,"GA"
2020-05-14,"20-24",6,0,"GA"
2020-05-14,"25-29",7,0,"GA"
2020-05-14,"30-34",19,1,"GA"
2020-05-14,"35-39",11,0,"GA"
2020-05-14,"40-44",15,1,"GA"
2020-05-14,"45-49",39,0,"GA"
2020-05-14,"5-9",5,0,"GA"
2020-05-14,"50-54",50,0,"GA"
2020-05-14,"55-59",81,2,"GA"
2020-05-14,"60-64",132,0,"GA"
2020-05-14,"65-69",179,0,"GA"
2020-05-14,"70-74",193,2,"GA"
2020-05-14,"75-79",225,6,"GA"
2020-05-14,"80-84",215,3,"GA"
2020-05-14,"85-89",179,2,"GA"
2020-05-14,"90+",199,3,"GA"
2020-05-15,"0-4",5,0,"GA"
2020-05-15,"10-14",5,0,"GA"
2020-05-15,"15-19",5,0,"GA"
2020-05-15,"20-24",6,0,"GA"
2020-05-15,"25-29",8,1,"GA"
2020-05-15,"30-34",19,0,"GA"
2020-05-15,"35-39",12,1,"GA"
2020-05-15,"40-44",15,0,"GA"
2020-05-15,"45-49",40,1,"GA"
2020-05-15,"5-9",5,0,"GA"
2020-05-15,"50-54",50,0,"GA"
2020-05-15,"55-59",81,0,"GA"
2020-05-15,"60-64",135,3,"GA"
2020-05-15,"65-69",182,3,"GA"
2020-05-15,"70-74",196,3,"GA"
2020-05-15,"75-79",227,2,"GA"
2020-05-15,"80-84",220,5,"GA"
2020-05-15,"85-89",179,0,"GA"
2020-05-15,"90+",200,1,"GA"
2020-05-16,"0-4",5,0,"GA"
2020-05-16,"10-14",5,0,"GA"
2020-05-16,"15-19",5,0,"GA"
2020-05-16,"20-24",6,0,"GA"
2020-05-16,"25-29",8,0,"GA"
2020-05-16,"30-34",19,0,"GA"
2020-05-16,"35-39",12,0,"GA"
2020-05-16,"40-44",16,1,"GA"
2020-05-16,"45-49",40,0,"GA"
2020-05-16,"5-9",5,0,"GA"
2020-05-16,"50-54",50,0,"GA"
2020-05-16,"55-59",83,2,"GA"
2020-05-16,"60-64",137,2,"GA"
2020-05-16,"65-69",183,1,"GA"
2020-05-16,"70-74",203,7,"GA"
2020-05-16,"75-79",233,6,"GA"
2020-05-16,"80-84",224,4,"GA"
2020-05-16,"85-89",182,3,"GA"
2020-05-16,"90+",203,3,"GA"
2020-05-17,"0-4",5,0,"GA"
2020-05-17,"10-14",5,0,"GA"
2020-05-17,"15-19",5,0,"GA"
2020-05-17,"20-24",6,0,"GA"
2020-05-17,"25-29",8,0,"GA"
2020-05-17,"30-34",19,0,"GA"
2020-05-17,"35-39",12,0,"GA"
2020-05-17,"40-44",17,1,"GA"
2020-05-17,"45-49",40,0,"GA"
2020-05-17,"5-9",5,0,"GA"
2020-05-17,"50-54",50,0,"GA"
2020-05-17,"55-59",85,2,"GA"
2020-05-17,"60-64",139,2,"GA"
2020-05-17,"65-69",184,1,"GA"
2020-05-17,"70-74",210,7,"GA"
2020-05-17,"75-79",238,5,"GA"
2020-05-17,"80-84",228,4,"GA"
2020-05-17,"85-89",185,3,"GA"
2020-05-17,"90+",206,3,"GA"
2020-05-18,"0-4",5,0,"GA"
2020-05-18,"10-14",5,0,"GA"
2020-05-18,"15-19",5,0,"GA"
2020-05-18,"20-24",6,0,"GA"
2020-05-18,"25-29",8,0,"GA"
2020-05-18,"30-34",19,0,"GA"
2020-05-18,"35-39",12,0,"GA"
2020-05-18,"40-44",17,0,"GA"
2020-05-18,"45-49",41,1,"GA"
2020-05-18,"5-9",5,0,"GA"
2020-05-18,"50-54",51,1,"GA"
2020-05-18,"55-59",85,0,"GA"
2020-05-18,"60-64",139,0,"GA"
2020-05-18,"65-69",185,1,"GA"
2020-05-18,"70-74",211,1,"GA"
2020-05-18,"75-79",238,0,"GA"
2020-05-18,"80-84",228,0,"GA"
2020-05-18,"85-89",185,0,"GA"
2020-05-18,"90+",206,0,"GA"
2020-05-19,"0-4",5,0,"GA"
2020-05-19,"10-14",5,0,"GA"
2020-05-19,"15-19",5,0,"GA"
2020-05-19,"20-24",6,0,"GA"
2020-05-19,"25-29",8,0,"GA"
2020-05-19,"30-34",19,0,"GA"
2020-05-19,"35-39",12,0,"GA"
2020-05-19,"40-44",17,0,"GA"
2020-05-19,"45-49",43,2,"GA"
2020-05-19,"5-9",5,0,"GA"
2020-05-19,"50-54",51,0,"GA"
2020-05-19,"55-59",87,2,"GA"
2020-05-19,"60-64",143,4,"GA"
2020-05-19,"65-69",188,3,"GA"
2020-05-19,"70-74",215,4,"GA"
2020-05-19,"75-79",243,5,"GA"
2020-05-19,"80-84",235,7,"GA"
2020-05-19,"85-89",193,8,"GA"
2020-05-19,"90+",212,6,"GA"
2020-05-20,"0-4",5,0,"GA"
2020-05-20,"10-14",5,0,"GA"
2020-05-20,"15-19",5,0,"GA"
2020-05-20,"20-24",6,0,"GA"
2020-05-20,"25-29",8,0,"GA"
2020-05-20,"30-34",19,0,"GA"
2020-05-20,"35-39",12,0,"GA"
2020-05-20,"40-44",17,0,"GA"
2020-05-20,"45-49",45,2,"GA"
2020-05-20,"5-9",5,0,"GA"
2020-05-20,"50-54",51,0,"GA"
2020-05-20,"55-59",89,2,"GA"
2020-05-20,"60-64",147,4,"GA"
2020-05-20,"65-69",191,3,"GA"
2020-05-20,"70-74",219,4,"GA"
2020-05-20,"75-79",248,5,"GA"
2020-05-20,"80-84",242,7,"GA"
2020-05-20,"85-89",201,8,"GA"
2020-05-20,"90+",218,6,"GA"
2020-05-21,"0-4",5,0,"GA"
2020-05-21,"10-14",5,0,"GA"
2020-05-21,"15-19",5,0,"GA"
2020-05-21,"20-24",6,0,"GA"
2020-05-21,"25-29",8,0,"GA"
2020-05-21,"30-34",19,0,"GA"
2020-05-21,"35-39",12,0,"GA"
2020-05-21,"40-44",17,0,"GA"
2020-05-21,"45-49",47,2,"GA"
2020-05-21,"5-9",5,0,"GA"
2020-05-21,"50-54",51,0,"GA"
2020-05-21,"55-59",91,2,"GA"
2020-05-21,"60-64",151,4,"GA"
2020-05-21,"65-69",194,3,"GA"
2020-05-21,"70-74",223,4,"GA"
2020-05-21,"75-79",253,5,"GA"
2020-05-21,"80-84",249,7,"GA"
2020-05-21,"85-89",209,8,"GA"
2020-05-21,"90+",224,6,"GA"
2020-05-22,"0-4",5,0,"GA"
2020-05-22,"10-14",5,0,"GA"
2020-05-22,"15-19",5,0,"GA"
2020-05-22,"20-24",6,0,"GA"
2020-05-22,"25-29",8,0,"GA"
2020-05-22,"30-34",19,0,"GA"
2020-05-22,"35-39",12,0,"GA"
2020-05-22,"40-44",17,0,"GA"
2020-05-22,"45-49",49,2,"GA"
2020-05-22,"5-9",5,0,"GA"
2020-05-22,"50-54",51,0,"GA"
2020-05-22,"55-59",93,2,"GA"
2020-05-22,"60-64",155,4,"GA"
2020-05-22,"65-69",197,3,"GA"
2020-05-22,"70-74",227,4,"GA"
2020-05-22,"75-79",258,5,"GA"
2020-05-22,"80-84",256,7,"GA"
2020-05-22,"85-89",217,8,"GA"
2020-05-22,"90+",230,6,"GA"
2020-05-23,"0-4",5,0,"GA"
2020-05-23,"10-14",5,0,"GA"
2020-05-23,"15-19",5,0,"GA"
2020-05-23,"20-24",6,0,"GA"
2020-05-23,"25-29",8,0,"GA"
2020-05-23,"30-34",19,0,"GA"
2020-05-23,"35-39",12,0,"GA"
2020-05-23,"40-44",17,0,"GA"
2020-05-23,"45-49",51,2,"GA"
2020-05-23,"5-9",5,0,"GA"
2020-05-23,"50-54",51,0,"GA"
2020-05-23,"55-59",93,0,"GA"
2020-05-23,"60-64",159,4,"GA"
2020-05-23,"65-69",200,3,"GA"
2020-05-23,"70-74",231,4,"GA"
2020-05-23,"75-79",263,5,"GA"
2020-05-23,"80-84",262,6,"GA"
2020-05-23,"85-89",225,8,"GA"
2020-05-23,"90+",236,6,"GA"
2020-05-24,"0-4",5,0,"GA"
2020-05-24,"10-14",5,0,"GA"
2020-05-24,"15-19",5,0,"GA"
2020-05-24,"20-24",6,0,"GA"
2020-05-24,"25-29",8,0,"GA"
2020-05-24,"30-34",21,2,"GA"
2020-05-24,"35-39",12,0,"GA"
2020-05-24,"40-44",17,0,"GA"
2020-05-24,"45-49",51,0,"GA"
2020-05-24,"5-9",5,0,"GA"
2020-05-24,"50-54",51,0,"GA"
2020-05-24,"55-59",93,0,"GA"
2020-05-24,"60-64",161,2,"GA"
2020-05-24,"65-69",201,1,"GA"
2020-05-24,"70-74",233,2,"GA"
2020-05-24,"75-79",265,2,"GA"
2020-05-24,"80-84",262,0,"GA"
2020-05-24,"85-89",225,0,"GA"
2020-05-24,"90+",237,1,"GA"
2020-05-25,"0-4",5,0,"GA"
2020-05-25,"10-14",5,0,"GA"
2020-05-25,"15-19",5,0,"GA"
2020-05-25,"20-24",6,0,"GA"
2020-05-25,"25-29",8,0,"GA"
2020-05-25,"30-34",21,0,"GA"
2020-05-25,"35-39",12,0,"GA"
2020-05-25,"40-44",17,0,"GA"
2020-05-25,"45-49",51,0,"GA"
2020-05-25,"5-9",5,0,"GA"
2020-05-25,"50-54",53,2,"GA"
2020-05-25,"55-59",93,0,"GA"
2020-05-25,"60-64",161,0,"GA"
2020-05-25,"65-69",205,4,"GA"
2020-05-25,"70-74",236,3,"GA"
2020-05-25,"75-79",267,2,"GA"
2020-05-25,"80-84",264,2,"GA"
2020-05-25,"85-89",229,4,"GA"
2020-05-25,"90+",243,6,"GA"
2020-05-26,"0-4",5,0,"GA"
2020-05-26,"10-14",5,0,"GA"
2020-05-26,"15-19",5,0,"GA"
2020-05-26,"20-24",6,0,"GA"
2020-05-26,"25-29",8,0,"GA"
2020-05-26,"30-34",21,0,"GA"
2020-05-26,"35-39",12,0,"GA"
2020-05-26,"40-44",17,0,"GA"
2020-05-26,"45-49",51,0,"GA"
2020-05-26,"5-9",5,0,"GA"
2020-05-26,"50-54",54,1,"GA"
2020-05-26,"55-59",93,0,"GA"
2020-05-26,"60-64",164,3,"GA"
2020-05-26,"65-69",208,3,"GA"
2020-05-26,"70-74",239,3,"GA"
2020-05-26,"75-79",269,2,"GA"
2020-05-26,"80-84",265,1,"GA"
2020-05-26,"85-89",231,2,"GA"
2020-05-26,"90+",250,7,"GA"
2020-05-27,"0-4",5,0,"GA"
2020-05-27,"10-14",5,0,"GA"
2020-05-27,"15-19",5,0,"GA"
2020-05-27,"20-24",6,0,"GA"
2020-05-27,"25-29",8,0,"GA"
2020-05-27,"30-34",22,1,"GA"
2020-05-27,"35-39",12,0,"GA"
2020-05-27,"40-44",17,0,"GA"
2020-05-27,"45-49",52,1,"GA"
2020-05-27,"5-9",5,0,"GA"
2020-05-27,"50-54",57,3,"GA"
2020-05-27,"55-59",94,1,"GA"
2020-05-27,"60-64",167,3,"GA"
2020-05-27,"65-69",216,8,"GA"
2020-05-27,"70-74",247,8,"GA"
2020-05-27,"75-79",274,5,"GA"
2020-05-27,"80-84",276,11,"GA"
2020-05-27,"85-89",239,8,"GA"
2020-05-27,"90+",263,13,"GA"
2020-05-28,"0-4",5,0,"GA"
2020-05-28,"10-14",5,0,"GA"
2020-05-28,"15-19",5,0,"GA"
2020-05-28,"20-24",6,0,"GA"
2020-05-28,"25-29",8,0,"GA"
2020-05-28,"30-34",22,0,"GA"
2020-05-28,"35-39",12,0,"GA"
2020-05-28,"40-44",18,1,"GA"
2020-05-28,"45-49",52,0,"GA"
2020-05-28,"5-9",5,0,"GA"
2020-05-28,"50-54",60,3,"GA"
2020-05-28,"55-59",94,0,"GA"
2020-05-28,"60-64",167,0,"GA"
2020-05-28,"65-69",218,2,"GA"
2020-05-28,"70-74",255,8,"GA"
2020-05-28,"75-79",274,0,"GA"
2020-05-28,"80-84",279,3,"GA"
2020-05-28,"85-89",250,11,"GA"
2020-05-28,"90+",271,8,"GA"
2020-05-29,"0-4",5,0,"GA"
2020-05-29,"10-14",5,0,"GA"
2020-05-29,"15-19",5,0,"GA"
2020-05-29,"20-24",6,0,"GA"
2020-05-29,"25-29",8,0,"GA"
2020-05-29,"30-34",22,0,"GA"
2020-05-29,"35-39",12,0,"GA"
2020-05-29,"40-44",18,0,"GA"
2020-05-29,"45-49",52,0,"GA"
2020-05-29,"5-9",5,0,"GA"
2020-05-29,"50-54",60,0,"GA"
2020-05-29,"55-59",95,1,"GA"
2020-05-29,"60-64",168,1,"GA"
2020-05-29,"65-69",220,2,"GA"
2020-05-29,"70-74",255,0,"GA"
2020-05-29,"75-79",274,0,"GA"
2020-05-29,"80-84",279,0,"GA"
2020-05-29,"85-89",251,1,"GA"
2020-05-29,"90+",272,1,"GA"
2020-05-30,"0-4",5,0,"GA"
2020-05-30,"10-14",5,0,"GA"
2020-05-30,"15-19",5,0,"GA"
2020-05-30,"20-24",6,0,"GA"
2020-05-30,"25-29",8,0,"GA"
2020-05-30,"30-34",22,0,"GA"
2020-05-30,"35-39",12,0,"GA"
2020-05-30,"40-44",18,0,"GA"
2020-05-30,"45-49",52,0,"GA"
2020-05-30,"5-9",5,0,"GA"
2020-05-30,"50-54",60,0,"GA"
2020-05-30,"55-59",95,0,"GA"
2020-05-30,"60-64",170,2,"GA"
2020-05-30,"65-69",226,6,"GA"
2020-05-30,"70-74",262,7,"GA"
2020-05-30,"75-79",279,5,"GA"
2020-05-30,"80-84",284,5,"GA"
2020-05-30,"85-89",252,1,"GA"
2020-05-30,"90+",275,3,"GA"
2020-05-31,"0-4",5,0,"GA"
2020-05-31,"10-14",5,0,"GA"
2020-05-31,"15-19",5,0,"GA"
2020-05-31,"20-24",6,0,"GA"
2020-05-31,"25-29",8,0,"GA"
2020-05-31,"30-34",23,1,"GA"
2020-05-31,"35-39",12,0,"GA"
2020-05-31,"40-44",18,0,"GA"
2020-05-31,"45-49",52,0,"GA"
2020-05-31,"5-9",5,0,"GA"
2020-05-31,"50-54",61,1,"GA"
2020-05-31,"55-59",98,3,"GA"
2020-05-31,"60-64",172,2,"GA"
2020-05-31,"65-69",228,2,"GA"
2020-05-31,"70-74",271,9,"GA"
2020-05-31,"75-79",284,5,"GA"
2020-05-31,"80-84",288,4,"GA"
2020-05-31,"85-89",256,4,"GA"
2020-05-31,"90+",283,8,"GA"
2020-06-01,"0-4",5,0,"GA"
2020-06-01,"10-14",5,0,"GA"
2020-06-01,"15-19",5,0,"GA"
2020-06-01,"20-24",6,0,"GA"
2020-06-01,"25-29",8,0,"GA"
2020-06-01,"30-34",23,0,"GA"
2020-06-01,"35-39",12,0,"GA"
2020-06-01,"40-44",18,0,"GA"
2020-06-01,"45-49",52,0,"GA"
2020-06-01,"5-9",5,0,"GA"
2020-06-01,"50-54",62,1,"GA"
2020-06-01,"55-59",101,3,"GA"
2020-06-01,"60-64",174,2,"GA"
2020-06-01,"65-69",231,3,"GA"
2020-06-01,"70-74",275,4,"GA"
2020-06-01,"75-79",285,1,"GA"
2020-06-01,"80-84",294,6,"GA"
2020-06-01,"85-89",261,5,"GA"
2020-06-01,"90+",289,6,"GA"
2020-06-02,"0-4",5,0,"GA"
2020-06-02,"10-14",5,0,"GA"
2020-06-02,"15-19",5,0,"GA"
2020-06-02,"20-24",6,0,"GA"
2020-06-02,"25-29",8,0,"GA"
2020-06-02,"30-34",24,1,"GA"
2020-06-02,"35-39",12,0,"GA"
2020-06-02,"40-44",18,0,"GA"
2020-06-02,"45-49",54,2,"GA"
2020-06-02,"5-9",5,0,"GA"
2020-06-02,"50-54",62,0,"GA"
2020-06-02,"55-59",104,3,"GA"
2020-06-02,"60-64",174,0,"GA"
2020-06-02,"65-69",235,4,"GA"
2020-06-02,"70-74",275,0,"GA"
2020-06-02,"75-79",290,5,"GA"
2020-06-02,"80-84",297,3,"GA"
2020-06-02,"85-89",266,5,"GA"
2020-06-02,"90+",295,6,"GA"
2020-06-03,"0-4",5,0,"GA"
2020-06-03,"10-14",5,0,"GA"
2020-06-03,"15-19",5,0,"GA"
2020-06-03,"20-24",6,0,"GA"
2020-06-03,"25-29",8,0,"GA"
2020-06-03,"30-34",24,0,"GA"
2020-06-03,"35-39",12,0,"GA"
2020-06-03,"40-44",18,0,"GA"
2020-06-03,"45-49",55,1,"GA"
2020-06-03,"5-9",5,0,"GA"
2020-06-03,"50-54",62,0,"GA"
2020-06-03,"55-59",106,2,"GA"
2020-06-03,"60-64",176,2,"GA"
2020-06-03,"65-69",237,2,"GA"
2020-06-03,"70-74",279,4,"GA"
2020-06-03,"75-79",293,3,"GA"
2020-06-03,"80-84",301,4,"GA"
2020-06-03,"85-89",268,2,"GA"
2020-06-03,"90+",296,1,"GA"
2020-06-04,"0-4",5,0,"GA"
2020-06-04,"10-14",5,0,"GA"
2020-06-04,"15-19",5,0,"GA"
2020-06-04,"20-24",6,0,"GA"
2020-06-04,"25-29",8,0,"GA"
2020-06-04,"30-34",24,0,"GA"
2020-06-04,"35-39",12,0,"GA"
2020-06-04,"40-44",18,0,"GA"
2020-06-04,"45-49",55,0,"GA"
2020-06-04,"5-9",5,0,"GA"
2020-06-04,"50-54",65,3,"GA"
2020-06-04,"55-59",107,1,"GA"
2020-06-04,"60-64",177,1,"GA"
2020-06-04,"65-69",239,2,"GA"
2020-06-04,"70-74",281,2,"GA"
2020-06-04,"75-79",297,4,"GA"
2020-06-04,"80-84",305,4,"GA"
2020-06-04,"85-89",271,3,"GA"
2020-06-04,"90+",298,2,"GA"
2020-06-05,"0-4",5,0,"GA"
2020-06-05,"10-14",5,0,"GA"
2020-06-05,"15-19",5,0,"GA"
2020-06-05,"20-24",6,0,"GA"
2020-06-05,"25-29",8,0,"GA"
2020-06-05,"30-34",25,1,"GA"
2020-06-05,"35-39",13,1,"GA"
2020-06-05,"40-44",18,0,"GA"
2020-06-05,"45-49",56,1,"GA"
2020-06-05,"5-9",5,0,"GA"
2020-06-05,"50-54",67,2,"GA"
2020-06-05,"55-59",108,1,"GA"
2020-06-05,"60-64",177,0,"GA"
2020-06-05,"65-69",242,3,"GA"
2020-06-05,"70-74",285,4,"GA"
2020-06-05,"75-79",302,5,"GA"
2020-06-05,"80-84",311,6,"GA"
2020-06-05,"85-89",271,0,"GA"
2020-06-05,"90+",298,0,"GA"
2020-06-06,"0-4",5,0,"GA"
2020-06-06,"10-14",5,0,"GA"
2020-06-06,"15-19",5,0,"GA"
2020-06-06,"20-24",6,0,"GA"
2020-06-06,"25-29",8,0,"GA"
2020-06-06,"30-34",25,0,"GA"
2020-06-06,"35-39",13,0,"GA"
2020-06-06,"40-44",18,0,"GA"
2020-06-06,"45-49",56,0,"GA"
2020-06-06,"5-9",5,0,"GA"
2020-06-06,"50-54",69,2,"GA"
2020-06-06,"55-59",108,0,"GA"
2020-06-06,"60-64",178,1,"GA"
2020-06-06,"65-69",242,0,"GA"
2020-06-06,"70-74",287,2,"GA"
2020-06-06,"75-79",303,1,"GA"
2020-06-06,"80-84",312,1,"GA"
2020-06-06,"85-89",271,0,"GA"
2020-06-06,"90+",298,0,"GA"
2020-06-07,"0-4",5,0,"GA"
2020-06-07,"10-14",5,0,"GA"
2020-06-07,"15-19",5,0,"GA"
2020-06-07,"20-24",6,0,"GA"
2020-06-07,"25-29",8,0,"GA"
2020-06-07,"30-34",25,0,"GA"
2020-06-07,"35-39",13,0,"GA"
2020-06-07,"40-44",18,0,"GA"
2020-06-07,"45-49",57,1,"GA"
2020-06-07,"5-9",5,0,"GA"
2020-06-07,"50-54",69,0,"GA"
2020-06-07,"55-59",108,0,"GA"
2020-06-07,"60-64",178,0,"GA"
2020-06-07,"65-69",242,0,"GA"
2020-06-07,"70-74",287,0,"GA"
2020-06-07,"75-79",304,1,"GA"
2020-06-07,"80-84",312,0,"GA"
2020-06-07,"85-89",271,0,"GA"
2020-06-07,"90+",298,0,"GA"
2020-06-08,"0-4",5,0,"GA"
2020-06-08,"10-14",5,0,"GA"
2020-06-08,"15-19",5,0,"GA"
2020-06-08,"20-24",6,0,"GA"
2020-06-08,"25-29",8,0,"GA"
2020-06-08,"30-34",25,0,"GA"
2020-06-08,"35-39",13,0,"GA"
2020-06-08,"40-44",19,1,"GA"
2020-06-08,"45-49",57,0,"GA"
2020-06-08,"5-9",5,0,"GA"
2020-06-08,"50-54",70,1,"GA"
2020-06-08,"55-59",110,2,"GA"
2020-06-08,"60-64",181,3,"GA"
2020-06-08,"65-69",244,2,"GA"
2020-06-08,"70-74",291,4,"GA"
2020-06-08,"75-79",308,4,"GA"
2020-06-08,"80-84",313,1,"GA"
2020-06-08,"85-89",276,5,"GA"
2020-06-08,"90+",301,3,"GA"
2020-06-09,"0-4",5,0,"GA"
2020-06-09,"10-14",5,0,"GA"
2020-06-09,"15-19",5,0,"GA"
2020-06-09,"20-24",6,0,"GA"
2020-06-09,"25-29",8,0,"GA"
2020-06-09,"30-34",26,1,"GA"
2020-06-09,"35-39",14,1,"GA"
2020-06-09,"40-44",20,1,"GA"
2020-06-09,"45-49",59,2,"GA"
2020-06-09,"5-9",5,0,"GA"
2020-06-09,"50-54",72,2,"GA"
2020-06-09,"55-59",115,5,"GA"
2020-06-09,"60-64",184,3,"GA"
2020-06-09,"65-69",250,6,"GA"
2020-06-09,"70-74",300,9,"GA"
2020-06-09,"75-79",316,8,"GA"
2020-06-09,"80-84",326,13,"GA"
2020-06-09,"85-89",291,15,"GA"
2020-06-09,"90+",311,10,"GA"
2020-06-10,"0-4",5,0,"GA"
2020-06-10,"10-14",5,0,"GA"
2020-06-10,"15-19",5,0,"GA"
2020-06-10,"20-24",6,0,"GA"
2020-06-10,"25-29",8,0,"GA"
2020-06-10,"30-34",26,0,"GA"
2020-06-10,"35-39",15,1,"GA"
2020-06-10,"40-44",21,1,"GA"
2020-06-10,"45-49",62,3,"GA"
2020-06-10,"5-9",5,0,"GA"
2020-06-10,"50-54",74,2,"GA"
2020-06-10,"55-59",117,2,"GA"
2020-06-10,"60-64",187,3,"GA"
2020-06-10,"65-69",254,4,"GA"
2020-06-10,"70-74",309,9,"GA"
2020-06-10,"75-79",317,1,"GA"
2020-06-10,"80-84",328,2,"GA"
2020-06-10,"85-89",298,7,"GA"
2020-06-10,"90+",320,9,"GA"
2020-06-11,"0-4",5,0,"GA"
2020-06-11,"10-14",5,0,"GA"
2020-06-11,"15-19",5,0,"GA"
2020-06-11,"20-24",6,0,"GA"
2020-06-11,"25-29",8,0,"GA"
2020-06-11,"30-34",26,0,"GA"
2020-06-11,"35-39",16,1,"GA"
2020-06-11,"40-44",21,0,"GA"
2020-06-11,"45-49",62,0,"GA"
2020-06-11,"5-9",5,0,"GA"
2020-06-11,"50-54",75,1,"GA"
2020-06-11,"55-59",121,4,"GA"
2020-06-11,"60-64",187,0,"GA"
2020-06-11,"65-69",257,3,"GA"
2020-06-11,"70-74",313,4,"GA"
2020-06-11,"75-79",326,9,"GA"
2020-06-11,"80-84",336,8,"GA"
2020-06-11,"85-89",305,7,"GA"
2020-06-11,"90+",330,10,"GA"
2020-06-12,"0-4",5,0,"GA"
2020-06-12,"10-14",5,0,"GA"
2020-06-12,"15-19",5,0,"GA"
2020-06-12,"20-24",6,0,"GA"
2020-06-12,"25-29",8,0,"GA"
2020-06-12,"30-34",26,0,"GA"
2020-06-12,"35-39",16,0,"GA"
2020-06-12,"40-44",22,1,"GA"
2020-06-12,"45-49",62,0,"GA"
2020-06-12,"5-9",5,0,"GA"
2020-06-12,"50-54",77,2,"GA"
2020-06-12,"55-59",122,1,"GA"
2020-06-12,"60-64",187,0,"GA"
2020-06-12,"65-69",263,6,"GA"
2020-06-12,"70-74",320,7,"GA"
2020-06-12,"75-79",330,4,"GA"
2020-06-12,"80-84",344,8,"GA"
2020-06-12,"85-89",309,4,"GA"
2020-06-12,"90+",340,10,"GA"
2020-06-13,"0-4",5,0,"GA"
2020-06-13,"10-14",5,0,"GA"
2020-06-13,"15-19",5,0,"GA"
2020-06-13,"20-24",6,0,"GA"
2020-06-13,"25-29",8,0,"GA"
2020-06-13,"30-34",26,0,"GA"
2020-06-13,"35-39",16,0,"GA"
2020-06-13,"40-44",22,0,"GA"
2020-06-13,"45-49",62,0,"GA"
2020-06-13,"5-9",5,0,"GA"
2020-06-13,"50-54",79,2,"GA"
2020-06-13,"55-59",123,1,"GA"
2020-06-13,"60-64",188,1,"GA"
2020-06-13,"65-69",267,4,"GA"
2020-06-13,"70-74",325,5,"GA"
2020-06-13,"75-79",334,4,"GA"
2020-06-13,"80-84",348,4,"GA"
2020-06-13,"85-89",311,2,"GA"
2020-06-13,"90+",345,5,"GA"
2020-06-14,"0-4",5,0,"GA"
2020-06-14,"10-14",5,0,"GA"
2020-06-14,"15-19",5,0,"GA"
2020-06-14,"20-24",6,0,"GA"
2020-06-14,"25-29",8,0,"GA"
2020-06-14,"30-34",26,0,"GA"
2020-06-14,"35-39",16,0,"GA"
2020-06-14,"40-44",23,1,"GA"
2020-06-14,"45-49",62,0,"GA"
2020-06-14,"5-9",5,0,"GA"
2020-06-14,"50-54",79,0,"GA"
2020-06-14,"55-59",123,0,"GA"
2020-06-14,"60-64",188,0,"GA"
2020-06-14,"65-69",267,0,"GA"
2020-06-14,"70-74",326,1,"GA"
2020-06-14,"75-79",334,0,"GA"
2020-06-14,"80-84",348,0,"GA"
2020-06-14,"85-89",312,1,"GA"
2020-06-14,"90+",347,2,"GA"
2020-06-15,"0-4",5,0,"GA"
2020-06-15,"10-14",5,0,"GA"
2020-06-15,"15-19",5,0,"GA"
2020-06-15,"20-24",6,0,"GA"
2020-06-15,"25-29",8,0,"GA"
2020-06-15,"30-34",26,0,"GA"
2020-06-15,"35-39",17,1,"GA"
2020-06-15,"40-44",24,1,"GA"
2020-06-15,"45-49",63,1,"GA"
2020-06-15,"5-9",5,0,"GA"
2020-06-15,"50-54",79,0,"GA"
2020-06-15,"55-59",123,0,"GA"
2020-06-15,"60-64",190,2,"GA"
2020-06-15,"65-69",274,7,"GA"
2020-06-15,"70-74",331,5,"GA"
2020-06-15,"75-79",340,6,"GA"
2020-06-15,"80-84",353,5,"GA"
2020-06-15,"85-89",317,5,"GA"
2020-06-15,"90+",353,6,"GA"
2020-06-16,"0-4",5,0,"GA"
2020-06-16,"10-14",5,0,"GA"
2020-06-16,"15-19",5,0,"GA"
2020-06-16,"20-24",6,0,"GA"
2020-06-16,"25-29",8,0,"GA"
2020-06-16,"30-34",27,1,"GA"
2020-06-16,"35-39",17,0,"GA"
2020-06-16,"40-44",24,0,"GA"
2020-06-16,"45-49",67,4,"GA"
2020-06-16,"5-9",5,0,"GA"
2020-06-16,"50-54",82,3,"GA"
2020-06-16,"55-59",123,0,"GA"
2020-06-16,"60-64",196,6,"GA"
2020-06-16,"65-69",280,6,"GA"
2020-06-16,"70-74",331,0,"GA"
2020-06-16,"75-79",348,8,"GA"
2020-06-16,"80-84",354,1,"GA"
2020-06-16,"85-89",323,6,"GA"
2020-06-16,"90+",358,5,"GA"
2020-06-17,"0-4",5,0,"GA"
2020-06-17,"10-14",5,0,"GA"
2020-06-17,"15-19",5,0,"GA"
2020-06-17,"20-24",6,0,"GA"
2020-06-17,"25-29",9,1,"GA"
2020-06-17,"30-34",27,0,"GA"
2020-06-17,"35-39",17,0,"GA"
2020-06-17,"40-44",24,0,"GA"
2020-06-17,"45-49",69,2,"GA"
2020-06-17,"5-9",5,0,"GA"
2020-06-17,"50-54",83,1,"GA"
2020-06-17,"55-59",123,0,"GA"
2020-06-17,"60-64",197,1,"GA"
2020-06-17,"65-69",282,2,"GA"
2020-06-17,"70-74",337,6,"GA"
2020-06-17,"75-79",352,4,"GA"
2020-06-17,"80-84",364,10,"GA"
2020-06-17,"85-89",331,8,"GA"
2020-06-17,"90+",364,6,"GA"
2020-06-18,"0-4",5,0,"GA"
2020-06-18,"10-14",5,0,"GA"
2020-06-18,"15-19",5,0,"GA"
2020-06-18,"20-24",6,0,"GA"
2020-06-18,"25-29",9,0,"GA"
2020-06-18,"30-34",27,0,"GA"
2020-06-18,"35-39",17,0,"GA"
2020-06-18,"40-44",26,2,"GA"
2020-06-18,"45-49",69,0,"GA"
2020-06-18,"5-9",5,0,"GA"
2020-06-18,"50-54",86,3,"GA"
2020-06-18,"55-59",125,2,"GA"
2020-06-18,"60-64",201,4,"GA"
2020-06-18,"65-69",288,6,"GA"
2020-06-18,"70-74",340,3,"GA"
2020-06-18,"75-79",355,3,"GA"
2020-06-18,"80-84",368,4,"GA"
2020-06-18,"85-89",331,0,"GA"
2020-06-18,"90+",368,4,"GA"
2020-06-19,"0-4",5,0,"GA"
2020-06-19,"10-14",5,0,"GA"
2020-06-19,"15-19",5,0,"GA"
2020-06-19,"20-24",6,0,"GA"
2020-06-19,"25-29",9,0,"GA"
2020-06-19,"30-34",27,0,"GA"
2020-06-19,"35-39",17,0,"GA"
2020-06-19,"40-44",27,1,"GA"
2020-06-19,"45-49",72,3,"GA"
2020-06-19,"5-9",5,0,"GA"
2020-06-19,"50-54",88,2,"GA"
2020-06-19,"55-59",126,1,"GA"
2020-06-19,"60-64",203,2,"GA"
2020-06-19,"65-69",288,0,"GA"
2020-06-19,"70-74",341,1,"GA"
2020-06-19,"75-79",364,9,"GA"
2020-06-19,"80-84",368,0,"GA"
2020-06-19,"85-89",333,2,"GA"
2020-06-19,"90+",375,7,"GA"
2020-06-20,"0-4",5,0,"GA"
2020-06-20,"10-14",5,0,"GA"
2020-06-20,"15-19",5,0,"GA"
2020-06-20,"20-24",6,0,"GA"
2020-06-20,"25-29",9,0,"GA"
2020-06-20,"30-34",27,0,"GA"
2020-06-20,"35-39",17,0,"GA"
2020-06-20,"40-44",27,0,"GA"
2020-06-20,"45-49",72,0,"GA"
2020-06-20,"5-9",5,0,"GA"
2020-06-20,"50-54",88,0,"GA"
2020-06-20,"55-59",127,1,"GA"
2020-06-20,"60-64",203,0,"GA"
2020-06-20,"65-69",288,0,"GA"
2020-06-20,"70-74",342,1,"GA"
2020-06-20,"75-79",366,2,"GA"
2020-06-20,"80-84",368,0,"GA"
2020-06-20,"85-89",335,2,"GA"
2020-06-20,"90+",376,1,"GA"
2020-06-21,"0-4",5,0,"GA"
2020-06-21,"10-14",5,0,"GA"
2020-06-21,"15-19",5,0,"GA"
2020-06-21,"20-24",6,0,"GA"
2020-06-21,"25-29",9,0,"GA"
2020-06-21,"30-34",27,0,"GA"
2020-06-21,"35-39",17,0,"GA"
2020-06-21,"40-44",27,0,"GA"
2020-06-21,"45-49",72,0,"GA"
2020-06-21,"5-9",5,0,"GA"
2020-06-21,"50-54",88,0,"GA"
2020-06-21,"55-59",127,0,"GA"
2020-06-21,"60-64",203,0,"GA"
2020-06-21,"65-69",288,0,"GA"
2020-06-21,"70-74",342,0,"GA"
2020-06-21,"75-79",367,1,"GA"
2020-06-21,"80-84",368,0,"GA"
2020-06-21,"85-89",335,0,"GA"
2020-06-21,"90+",376,0,"GA"
2020-06-22,"0-4",5,0,"GA"
2020-06-22,"10-14",5,0,"GA"
2020-06-22,"15-19",5,0,"GA"
2020-06-22,"20-24",6,0,"GA"
2020-06-22,"25-29",9,0,"GA"
2020-06-22,"30-34",27,0,"GA"
2020-06-22,"35-39",17,0,"GA"
2020-06-22,"40-44",27,0,"GA"
2020-06-22,"45-49",72,0,"GA"
2020-06-22,"5-9",5,0,"GA"
2020-06-22,"50-54",88,0,"GA"
2020-06-22,"55-59",128,1,"GA"
2020-06-22,"60-64",203,0,"GA"
2020-06-22,"65-69",288,0,"GA"
2020-06-22,"70-74",342,0,"GA"
2020-06-22,"75-79",367,0,"GA"
2020-06-22,"80-84",370,2,"GA"
2020-06-22,"85-89",335,0,"GA"
2020-06-22,"90+",377,1,"GA"
2020-06-23,"0-4",5,0,"GA"
2020-06-23,"10-14",5,0,"GA"
2020-06-23,"15-19",5,0,"GA"
2020-06-23,"20-24",6,0,"GA"
2020-06-23,"25-29",9,0,"GA"
2020-06-23,"30-34",27,0,"GA"
2020-06-23,"35-39",17,0,"GA"
2020-06-23,"40-44",28,1,"GA"
2020-06-23,"45-49",73,1,"GA"
2020-06-23,"5-9",5,0,"GA"
2020-06-23,"50-54",88,0,"GA"
2020-06-23,"55-59",128,0,"GA"
2020-06-23,"60-64",207,4,"GA"
2020-06-23,"65-69",294,6,"GA"
2020-06-23,"70-74",346,4,"GA"
2020-06-23,"75-79",372,5,"GA"
2020-06-23,"80-84",374,4,"GA"
2020-06-23,"85-89",339,4,"GA"
2020-06-23,"90+",384,7,"GA"
2020-06-24,"0-4",5,0,"GA"
2020-06-24,"10-14",5,0,"GA"
2020-06-24,"15-19",5,0,"GA"
2020-06-24,"20-24",6,0,"GA"
2020-06-24,"25-29",9,0,"GA"
2020-06-24,"30-34",27,0,"GA"
2020-06-24,"35-39",18,1,"GA"
2020-06-24,"40-44",28,0,"GA"
2020-06-24,"45-49",74,1,"GA"
2020-06-24,"5-9",5,0,"GA"
2020-06-24,"50-54",89,1,"GA"
2020-06-24,"55-59",129,1,"GA"
2020-06-24,"60-64",207,0,"GA"
2020-06-24,"65-69",294,0,"GA"
2020-06-24,"70-74",348,2,"GA"
2020-06-24,"75-79",373,1,"GA"
2020-06-24,"80-84",375,1,"GA"
2020-06-24,"85-89",343,4,"GA"
2020-06-24,"90+",384,0,"GA"
2020-06-25,"0-4",5,0,"GA"
2020-06-25,"10-14",5,0,"GA"
2020-06-25,"15-19",5,0,"GA"
2020-06-25,"20-24",6,0,"GA"
2020-06-25,"25-29",10,1,"GA"
2020-06-25,"30-34",27,0,"GA"
2020-06-25,"35-39",18,0,"GA"
2020-06-25,"40-44",28,0,"GA"
2020-06-25,"45-49",76,2,"GA"
2020-06-25,"5-9",5,0,"GA"
2020-06-25,"50-54",92,3,"GA"
2020-06-25,"55-59",129,0,"GA"
2020-06-25,"60-64",207,0,"GA"
2020-06-25,"65-69",302,8,"GA"
2020-06-25,"70-74",351,3,"GA"
2020-06-25,"75-79",384,11,"GA"
2020-06-25,"80-84",380,5,"GA"
2020-06-25,"85-89",350,7,"GA"
2020-06-25,"90+",390,6,"GA"
2020-06-26,"0-4",5,0,"GA"
2020-06-26,"10-14",5,0,"GA"
2020-06-26,"15-19",5,0,"GA"
2020-06-26,"20-24",6,0,"GA"
2020-06-26,"25-29",10,0,"GA"
2020-06-26,"30-34",27,0,"GA"
2020-06-26,"35-39",18,0,"GA"
2020-06-26,"40-44",28,0,"GA"
2020-06-26,"45-49",76,0,"GA"
2020-06-26,"5-9",5,0,"GA"
2020-06-26,"50-54",93,1,"GA"
2020-06-26,"55-59",131,2,"GA"
2020-06-26,"60-64",208,1,"GA"
2020-06-26,"65-69",303,1,"GA"
2020-06-26,"70-74",354,3,"GA"
2020-06-26,"75-79",386,2,"GA"
2020-06-26,"80-84",381,1,"GA"
2020-06-26,"85-89",352,2,"GA"
2020-06-26,"90+",392,2,"GA"
2020-06-27,"0-4",5,0,"GA"
2020-06-27,"10-14",5,0,"GA"
2020-06-27,"15-19",5,0,"GA"
2020-06-27,"20-24",6,0,"GA"
2020-06-27,"25-29",10,0,"GA"
2020-06-27,"30-34",27,0,"GA"
2020-06-27,"35-39",18,0,"GA"
2020-06-27,"40-44",28,0,"GA"
2020-06-27,"45-49",76,0,"GA"
2020-06-27,"5-9",5,0,"GA"
2020-06-27,"50-54",94,1,"GA"
2020-06-27,"55-59",132,1,"GA"
2020-06-27,"60-64",209,1,"GA"
2020-06-27,"65-69",304,1,"GA"
2020-06-27,"70-74",357,3,"GA"
2020-06-27,"75-79",387,1,"GA"
2020-06-27,"80-84",382,1,"GA"
2020-06-27,"85-89",354,2,"GA"
2020-06-27,"90+",394,2,"GA"
2020-06-28,"0-4",5,0,"GA"
2020-06-28,"10-14",5,0,"GA"
2020-06-28,"15-19",5,0,"GA"
2020-06-28,"20-24",6,0,"GA"
2020-06-28,"25-29",11,1,"GA"
2020-06-28,"30-34",27,0,"GA"
2020-06-28,"35-39",18,0,"GA"
2020-06-28,"40-44",28,0,"GA"
2020-06-28,"45-49",77,1,"GA"
2020-06-28,"5-9",5,0,"GA"
2020-06-28,"50-54",94,0,"GA"
2020-06-28,"55-59",132,0,"GA"
2020-06-28,"60-64",210,1,"GA"
2020-06-28,"65-69",304,0,"GA"
2020-06-28,"70-74",358,1,"GA"
2020-06-28,"75-79",387,0,"GA"
2020-06-28,"80-84",382,0,"GA"
2020-06-28,"85-89",354,0,"GA"
2020-06-28,"90+",394,0,"GA"
2020-06-29,"0-4",5,0,"GA"
2020-06-29,"10-14",5,0,"GA"
2020-06-29,"15-19",5,0,"GA"
2020-06-29,"20-24",6,0,"GA"
2020-06-29,"25-29",11,0,"GA"
2020-06-29,"30-34",27,0,"GA"
2020-06-29,"35-39",18,0,"GA"
2020-06-29,"40-44",28,0,"GA"
2020-06-29,"45-49",77,0,"GA"
2020-06-29,"5-9",5,0,"GA"
2020-06-29,"50-54",94,0,"GA"
2020-06-29,"55-59",132,0,"GA"
2020-06-29,"60-64",210,0,"GA"
2020-06-29,"65-69",304,0,"GA"
2020-06-29,"70-74",359,1,"GA"
2020-06-29,"75-79",387,0,"GA"
2020-06-29,"80-84",384,2,"GA"
2020-06-29,"85-89",355,1,"GA"
2020-06-29,"90+",394,0,"GA"
2020-06-30,"0-4",5,0,"GA"
2020-06-30,"10-14",5,0,"GA"
2020-06-30,"15-19",5,0,"GA"
2020-06-30,"20-24",6,0,"GA"
2020-06-30,"25-29",11,0,"GA"
2020-06-30,"30-34",27,0,"GA"
2020-06-30,"35-39",19,1,"GA"
2020-06-30,"40-44",28,0,"GA"
2020-06-30,"45-49",77,0,"GA"
2020-06-30,"5-9",5,0,"GA"
2020-06-30,"50-54",94,0,"GA"
2020-06-30,"55-59",135,3,"GA"
2020-06-30,"60-64",210,0,"GA"
2020-06-30,"65-69",305,1,"GA"
2020-06-30,"70-74",363,4,"GA"
2020-06-30,"75-79",390,3,"GA"
2020-06-30,"80-84",391,7,"GA"
2020-06-30,"85-89",356,1,"GA"
2020-06-30,"90+",394,0,"GA"
2020-07-01,"0-4",5,0,"GA"
2020-07-01,"10-14",5,0,"GA"
2020-07-01,"15-19",5,0,"GA"
2020-07-01,"20-24",6,0,"GA"
2020-07-01,"25-29",12,1,"GA"
2020-07-01,"30-34",27,0,"GA"
2020-07-01,"35-39",19,0,"GA"
2020-07-01,"40-44",28,0,"GA"
2020-07-01,"45-49",77,0,"GA"
2020-07-01,"5-9",5,0,"GA"
2020-07-01,"50-54",94,0,"GA"
2020-07-01,"55-59",135,0,"GA"
2020-07-01,"60-64",213,3,"GA"
2020-07-01,"65-69",307,2,"GA"
2020-07-01,"70-74",364,1,"GA"
2020-07-01,"75-79",397,7,"GA"
2020-07-01,"80-84",393,2,"GA"
2020-07-01,"85-89",360,4,"GA"
2020-07-01,"90+",397,3,"GA"
2020-07-02,"0-4",5,0,"GA"
2020-07-02,"10-14",5,0,"GA"
2020-07-02,"15-19",5,0,"GA"
2020-07-02,"20-24",6,0,"GA"
2020-07-02,"25-29",12,0,"GA"
2020-07-02,"30-34",28,1,"GA"
2020-07-02,"35-39",19,0,"GA"
2020-07-02,"40-44",29,1,"GA"
2020-07-02,"45-49",77,0,"GA"
2020-07-02,"5-9",5,0,"GA"
2020-07-02,"50-54",94,0,"GA"
2020-07-02,"55-59",135,0,"GA"
2020-07-02,"60-64",215,2,"GA"
2020-07-02,"65-69",308,1,"GA"
2020-07-02,"70-74",364,0,"GA"
2020-07-02,"75-79",400,3,"GA"
2020-07-02,"80-84",395,2,"GA"
2020-07-02,"85-89",365,5,"GA"
2020-07-02,"90+",401,4,"GA"
2020-07-03,"0-4",5,0,"GA"
2020-07-03,"10-14",5,0,"GA"
2020-07-03,"15-19",5,0,"GA"
2020-07-03,"20-24",6,0,"GA"
2020-07-03,"25-29",12,0,"GA"
2020-07-03,"30-34",28,0,"GA"
2020-07-03,"35-39",19,0,"GA"
2020-07-03,"40-44",29,0,"GA"
2020-07-03,"45-49",78,1,"GA"
2020-07-03,"5-9",5,0,"GA"
2020-07-03,"50-54",94,0,"GA"
2020-07-03,"55-59",136,1,"GA"
2020-07-03,"60-64",215,0,"GA"
2020-07-03,"65-69",310,2,"GA"
2020-07-03,"70-74",365,1,"GA"
2020-07-03,"75-79",401,1,"GA"
2020-07-03,"80-84",396,1,"GA"
2020-07-03,"85-89",366,1,"GA"
2020-07-03,"90+",402,1,"GA"
2020-07-04,"0-4",5,0,"GA"
2020-07-04,"10-14",5,0,"GA"
2020-07-04,"15-19",5,0,"GA"
2020-07-04,"20-24",6,0,"GA"
2020-07-04,"25-29",12,0,"GA"
2020-07-04,"30-34",28,0,"GA"
2020-07-04,"35-39",19,0,"GA"
2020-07-04,"40-44",29,0,"GA"
2020-07-04,"45-49",78,0,"GA"
2020-07-04,"5-9",5,0,"GA"
2020-07-04,"50-54",94,0,"GA"
2020-07-04,"55-59",136,0,"GA"
2020-07-04,"60-64",215,0,"GA"
2020-07-04,"65-69",311,1,"GA"
2020-07-04,"70-74",365,0,"GA"
2020-07-04,"75-79",401,0,"GA"
2020-07-04,"80-84",396,0,"GA"
2020-07-04,"85-89",366,0,"GA"
2020-07-04,"90+",402,0,"GA"
2020-07-05,"0-4",5,0,"GA"
2020-07-05,"10-14",5,0,"GA"
2020-07-05,"15-19",5,0,"GA"
2020-07-05,"20-24",6,0,"GA"
2020-07-05,"25-29",12,0,"GA"
2020-07-05,"30-34",28,0,"GA"
2020-07-05,"35-39",19,0,"GA"
2020-07-05,"40-44",29,0,"GA"
2020-07-05,"45-49",78,0,"GA"
2020-07-05,"5-9",5,0,"GA"
2020-07-05,"50-54",94,0,"GA"
2020-07-05,"55-59",136,0,"GA"
2020-07-05,"60-64",215,0,"GA"
2020-07-05,"65-69",312,1,"GA"
2020-07-05,"70-74",365,0,"GA"
2020-07-05,"75-79",401,0,"GA"
2020-07-05,"80-84",396,0,"GA"
2020-07-05,"85-89",366,0,"GA"
2020-07-05,"90+",402,0,"GA"
2020-07-06,"0-4",5,0,"GA"
2020-07-06,"10-14",5,0,"GA"
2020-07-06,"15-19",5,0,"GA"
2020-07-06,"20-24",6,0,"GA"
2020-07-06,"25-29",12,0,"GA"
2020-07-06,"30-34",29,1,"GA"
2020-07-06,"35-39",19,0,"GA"
2020-07-06,"40-44",29,0,"GA"
2020-07-06,"45-49",78,0,"GA"
2020-07-06,"5-9",5,0,"GA"
2020-07-06,"50-54",95,1,"GA"
2020-07-06,"55-59",137,1,"GA"
2020-07-06,"60-64",215,0,"GA"
2020-07-06,"65-69",315,3,"GA"
2020-07-06,"70-74",368,3,"GA"
2020-07-06,"75-79",404,3,"GA"
2020-07-06,"80-84",398,2,"GA"
2020-07-06,"85-89",367,1,"GA"
2020-07-06,"90+",405,3,"GA"
2020-07-07,"0-4",5,0,"GA"
2020-07-07,"10-14",5,0,"GA"
2020-07-07,"15-19",5,0,"GA"
2020-07-07,"20-24",6,0,"GA"
2020-07-07,"25-29",12,0,"GA"
2020-07-07,"30-34",29,0,"GA"
2020-07-07,"35-39",19,0,"GA"
2020-07-07,"40-44",30,1,"GA"
2020-07-07,"45-49",79,1,"GA"
2020-07-07,"5-9",5,0,"GA"
2020-07-07,"50-54",95,0,"GA"
2020-07-07,"55-59",141,4,"GA"
2020-07-07,"60-64",215,0,"GA"
2020-07-07,"65-69",316,1,"GA"
2020-07-07,"70-74",370,2,"GA"
2020-07-07,"75-79",409,5,"GA"
2020-07-07,"80-84",400,2,"GA"
2020-07-07,"85-89",370,3,"GA"
2020-07-07,"90+",407,2,"GA"
2020-07-08,"0-4",5,0,"GA"
2020-07-08,"10-14",5,0,"GA"
2020-07-08,"15-19",5,0,"GA"
2020-07-08,"20-24",6,0,"GA"
2020-07-08,"25-29",12,0,"GA"
2020-07-08,"30-34",30,1,"GA"
2020-07-08,"35-39",19,0,"GA"
2020-07-08,"40-44",30,0,"GA"
2020-07-08,"45-49",79,0,"GA"
2020-07-08,"5-9",5,0,"GA"
2020-07-08,"50-54",97,2,"GA"
2020-07-08,"55-59",143,2,"GA"
2020-07-08,"60-64",217,2,"GA"
2020-07-08,"65-69",317,1,"GA"
2020-07-08,"70-74",371,1,"GA"
2020-07-08,"75-79",415,6,"GA"
2020-07-08,"80-84",403,3,"GA"
2020-07-08,"85-89",372,2,"GA"
2020-07-08,"90+",409,2,"GA"
2020-07-09,"0-4",5,0,"GA"
2020-07-09,"10-14",5,0,"GA"
2020-07-09,"15-19",5,0,"GA"
2020-07-09,"20-24",6,0,"GA"
2020-07-09,"25-29",12,0,"GA"
2020-07-09,"30-34",30,0,"GA"
2020-07-09,"35-39",19,0,"GA"
2020-07-09,"40-44",30,0,"GA"
2020-07-09,"45-49",79,0,"GA"
2020-07-09,"5-9",5,0,"GA"
2020-07-09,"50-54",97,0,"GA"
2020-07-09,"55-59",143,0,"GA"
2020-07-09,"60-64",217,0,"GA"
2020-07-09,"65-69",318,1,"GA"
2020-07-09,"70-74",372,1,"GA"
2020-07-09,"75-79",416,1,"GA"
2020-07-09,"80-84",406,3,"GA"
2020-07-09,"85-89",373,1,"GA"
2020-07-09,"90+",410,1,"GA"
2020-07-10,"0-4",5,0,"GA"
2020-07-10,"10-14",5,0,"GA"
2020-07-10,"15-19",5,0,"GA"
2020-07-10,"20-24",6,0,"GA"
2020-07-10,"25-29",12,0,"GA"
2020-07-10,"30-34",32,2,"GA"
2020-07-10,"35-39",19,0,"GA"
2020-07-10,"40-44",32,2,"GA"
2020-07-10,"45-49",79,0,"GA"
2020-07-10,"5-9",5,0,"GA"
2020-07-10,"50-54",102,5,"GA"
2020-07-10,"55-59",144,1,"GA"
2020-07-10,"60-64",219,2,"GA"
2020-07-10,"65-69",322,4,"GA"
2020-07-10,"70-74",380,8,"GA"
2020-07-10,"75-79",418,2,"GA"
2020-07-10,"80-84",413,7,"GA"
2020-07-10,"85-89",373,0,"GA"
2020-07-10,"90+",414,4,"GA"
2020-07-11,"0-4",5,0,"GA"
2020-07-11,"10-14",5,0,"GA"
2020-07-11,"15-19",5,0,"GA"
2020-07-11,"20-24",6,0,"GA"
2020-07-11,"25-29",12,0,"GA"
2020-07-11,"30-34",32,0,"GA"
2020-07-11,"35-39",19,0,"GA"
2020-07-11,"40-44",34,2,"GA"
2020-07-11,"45-49",79,0,"GA"
2020-07-11,"5-9",5,0,"GA"
2020-07-11,"50-54",102,0,"GA"
2020-07-11,"55-59",144,0,"GA"
2020-07-11,"60-64",220,1,"GA"
2020-07-11,"65-69",323,1,"GA"
2020-07-11,"70-74",383,3,"GA"
2020-07-11,"75-79",425,7,"GA"
2020-07-11,"80-84",418,5,"GA"
2020-07-11,"85-89",378,5,"GA"
2020-07-11,"90+",418,4,"GA"
2020-07-12,"0-4",5,0,"GA"
2020-07-12,"10-14",5,0,"GA"
2020-07-12,"15-19",5,0,"GA"
2020-07-12,"20-24",6,0,"GA"
2020-07-12,"25-29",12,0,"GA"
2020-07-12,"30-34",32,0,"GA"
2020-07-12,"35-39",19,0,"GA"
2020-07-12,"40-44",34,0,"GA"
2020-07-12,"45-49",80,1,"GA"
2020-07-12,"5-9",5,0,"GA"
2020-07-12,"50-54",103,1,"GA"
2020-07-12,"55-59",144,0,"GA"
2020-07-12,"60-64",222,2,"GA"
2020-07-12,"65-69",325,2,"GA"
2020-07-12,"70-74",384,1,"GA"
2020-07-12,"75-79",425,0,"GA"
2020-07-12,"80-84",418,0,"GA"
2020-07-12,"85-89",380,2,"GA"
2020-07-12,"90+",422,4,"GA"
2020-07-13,"0-4",5,0,"GA"
2020-07-13,"10-14",5,0,"GA"
2020-07-13,"15-19",5,0,"GA"
2020-07-13,"20-24",6,0,"GA"
2020-07-13,"25-29",12,0,"GA"
2020-07-13,"30-34",32,0,"GA"
2020-07-13,"35-39",19,0,"GA"
2020-07-13,"40-44",34,0,"GA"
2020-07-13,"45-49",81,1,"GA"
2020-07-13,"5-9",5,0,"GA"
2020-07-13,"50-54",104,1,"GA"
2020-07-13,"55-59",144,0,"GA"
2020-07-13,"60-64",224,2,"GA"
2020-07-13,"65-69",327,2,"GA"
2020-07-13,"70-74",385,1,"GA"
2020-07-13,"75-79",425,0,"GA"
2020-07-13,"80-84",418,0,"GA"
2020-07-13,"85-89",382,2,"GA"
2020-07-13,"90+",426,4,"GA"
2020-07-14,"0-4",5,0,"GA"
2020-07-14,"10-14",5,0,"GA"
2020-07-14,"15-19",5,0,"GA"
2020-07-14,"20-24",6,0,"GA"
2020-07-14,"25-29",14,2,"GA"
2020-07-14,"30-34",32,0,"GA"
2020-07-14,"35-39",21,2,"GA"
2020-07-14,"40-44",35,1,"GA"
2020-07-14,"45-49",81,0,"GA"
2020-07-14,"5-9",5,0,"GA"
2020-07-14,"50-54",104,0,"GA"
2020-07-14,"55-59",147,3,"GA"
2020-07-14,"60-64",228,4,"GA"
2020-07-14,"65-69",329,2,"GA"
2020-07-14,"70-74",386,1,"GA"
2020-07-14,"75-79",428,3,"GA"
2020-07-14,"80-84",425,7,"GA"
2020-07-14,"85-89",386,4,"GA"
2020-07-14,"90+",429,3,"GA"
2020-07-15,"0-4",5,0,"GA"
2020-07-15,"10-14",5,0,"GA"
2020-07-15,"15-19",5,0,"GA"
2020-07-15,"20-24",6,0,"GA"
2020-07-15,"25-29",15,1,"GA"
2020-07-15,"30-34",34,2,"GA"
2020-07-15,"35-39",21,0,"GA"
2020-07-15,"40-44",35,0,"GA"
2020-07-15,"45-49",82,1,"GA"
2020-07-15,"5-9",5,0,"GA"
2020-07-15,"50-54",107,3,"GA"
2020-07-15,"55-59",148,1,"GA"
2020-07-15,"60-64",232,4,"GA"
2020-07-15,"65-69",330,1,"GA"
2020-07-15,"70-74",393,7,"GA"
2020-07-15,"75-79",433,5,"GA"
2020-07-15,"80-84",427,2,"GA"
2020-07-15,"85-89",391,5,"GA"
2020-07-15,"90+",433,4,"GA"
2020-07-16,"0-4",5,0,"GA"
2020-07-16,"10-14",5,0,"GA"
2020-07-16,"15-19",5,0,"GA"
2020-07-16,"20-24",6,0,"GA"
2020-07-16,"25-29",15,0,"GA"
2020-07-16,"30-34",35,1,"GA"
2020-07-16,"35-39",21,0,"GA"
2020-07-16,"40-44",36,1,"GA"
2020-07-16,"45-49",82,0,"GA"
2020-07-16,"5-9",5,0,"GA"
2020-07-16,"50-54",108,1,"GA"
2020-07-16,"55-59",151,3,"GA"
2020-07-16,"60-64",232,0,"GA"
2020-07-16,"65-69",330,0,"GA"
2020-07-16,"70-74",394,1,"GA"
2020-07-16,"75-79",434,1,"GA"
2020-07-16,"80-84",430,3,"GA"
2020-07-16,"85-89",391,0,"GA"
2020-07-16,"90+",435,2,"GA"
2020-07-17,"0-4",5,0,"GA"
2020-07-17,"10-14",5,0,"GA"
2020-07-17,"15-19",5,0,"GA"
2020-07-17,"20-24",6,0,"GA"
2020-07-17,"25-29",17,2,"GA"
2020-07-17,"30-34",35,0,"GA"
2020-07-17,"35-39",21,0,"GA"
2020-07-17,"40-44",39,3,"GA"
2020-07-17,"45-49",85,3,"GA"
2020-07-17,"5-9",5,0,"GA"
2020-07-17,"50-54",109,1,"GA"
2020-07-17,"55-59",155,4,"GA"
2020-07-17,"60-64",232,0,"GA"
2020-07-17,"65-69",330,0,"GA"
2020-07-17,"70-74",397,3,"GA"
2020-07-17,"75-79",437,3,"GA"
2020-07-17,"80-84",434,4,"GA"
2020-07-17,"85-89",394,3,"GA"
2020-07-17,"90+",437,2,"GA"
2020-07-18,"0-4",5,0,"GA"
2020-07-18,"10-14",5,0,"GA"
2020-07-18,"15-19",5,0,"GA"
2020-07-18,"20-24",6,0,"GA"
2020-07-18,"25-29",17,0,"GA"
2020-07-18,"30-34",35,0,"GA"
2020-07-18,"35-39",21,0,"GA"
2020-07-18,"40-44",41,2,"GA"
2020-07-18,"45-49",87,2,"GA"
2020-07-18,"5-9",5,0,"GA"
2020-07-18,"50-54",110,1,"GA"
2020-07-18,"55-59",159,4,"GA"
2020-07-18,"60-64",233,1,"GA"
2020-07-18,"65-69",333,3,"GA"
2020-07-18,"70-74",403,6,"GA"
2020-07-18,"75-79",442,5,"GA"
2020-07-18,"80-84",437,3,"GA"
2020-07-18,"85-89",399,5,"GA"
2020-07-18,"90+",441,4,"GA"
2020-07-19,"0-4",5,0,"GA"
2020-07-19,"10-14",5,0,"GA"
2020-07-19,"15-19",5,0,"GA"
2020-07-19,"20-24",6,0,"GA"
2020-07-19,"25-29",17,0,"GA"
2020-07-19,"30-34",36,1,"GA"
2020-07-19,"35-39",21,0,"GA"
2020-07-19,"40-44",42,1,"GA"
2020-07-19,"45-49",87,0,"GA"
2020-07-19,"5-9",5,0,"GA"
2020-07-19,"50-54",110,0,"GA"
2020-07-19,"55-59",160,1,"GA"
2020-07-19,"60-64",233,0,"GA"
2020-07-19,"65-69",333,0,"GA"
2020-07-19,"70-74",403,0,"GA"
2020-07-19,"75-79",443,1,"GA"
2020-07-19,"80-84",438,1,"GA"
2020-07-19,"85-89",400,1,"GA"
2020-07-19,"90+",441,0,"GA"
2020-07-20,"0-4",5,0,"GA"
2020-07-20,"10-14",5,0,"GA"
2020-07-20,"15-19",5,0,"GA"
2020-07-20,"20-24",6,0,"GA"
2020-07-20,"25-29",17,0,"GA"
2020-07-20,"30-34",36,0,"GA"
2020-07-20,"35-39",21,0,"GA"
2020-07-20,"40-44",42,0,"GA"
2020-07-20,"45-49",87,0,"GA"
2020-07-20,"5-9",5,0,"GA"
2020-07-20,"50-54",111,1,"GA"
2020-07-20,"55-59",160,0,"GA"
2020-07-20,"60-64",234,1,"GA"
2020-07-20,"65-69",334,1,"GA"
2020-07-20,"70-74",403,0,"GA"
2020-07-20,"75-79",443,0,"GA"
2020-07-20,"80-84",438,0,"GA"
2020-07-20,"85-89",400,0,"GA"
2020-07-20,"90+",441,0,"GA"
2020-07-21,"0-4",5,0,"GA"
2020-07-21,"10-14",5,0,"GA"
2020-07-21,"15-19",5,0,"GA"
2020-07-21,"20-24",6,0,"GA"
2020-07-21,"25-29",17,0,"GA"
2020-07-21,"30-34",36,0,"GA"
2020-07-21,"35-39",21,0,"GA"
2020-07-21,"40-44",43,1,"GA"
2020-07-21,"45-49",88,1,"GA"
2020-07-21,"5-9",5,0,"GA"
2020-07-21,"50-54",116,5,"GA"
2020-07-21,"55-59",166,6,"GA"
2020-07-21,"60-64",238,4,"GA"
2020-07-21,"65-69",338,4,"GA"
2020-07-21,"70-74",416,13,"GA"
2020-07-21,"75-79",455,12,"GA"
2020-07-21,"80-84",451,13,"GA"
2020-07-21,"85-89",407,7,"GA"
2020-07-21,"90+",450,9,"GA"
2020-07-22,"0-4",5,0,"GA"
2020-07-22,"10-14",5,0,"GA"
2020-07-22,"15-19",5,0,"GA"
2020-07-22,"20-24",6,0,"GA"
2020-07-22,"25-29",17,0,"GA"
2020-07-22,"30-34",36,0,"GA"
2020-07-22,"35-39",22,1,"GA"
2020-07-22,"40-44",45,2,"GA"
2020-07-22,"45-49",88,0,"GA"
2020-07-22,"5-9",5,0,"GA"
2020-07-22,"50-54",118,2,"GA"
2020-07-22,"55-59",172,6,"GA"
2020-07-22,"60-64",243,5,"GA"
2020-07-22,"65-69",347,9,"GA"
2020-07-22,"70-74",427,11,"GA"
2020-07-22,"75-79",469,14,"GA"
2020-07-22,"80-84",461,10,"GA"
2020-07-22,"85-89",417,10,"GA"
2020-07-22,"90+",457,7,"GA"
2020-07-23,"0-4",5,0,"GA"
2020-07-23,"10-14",5,0,"GA"
2020-07-23,"15-19",5,0,"GA"
2020-07-23,"20-24",6,0,"GA"
2020-07-23,"25-29",19,2,"GA"
2020-07-23,"30-34",36,0,"GA"
2020-07-23,"35-39",22,0,"GA"
2020-07-23,"40-44",45,0,"GA"
2020-07-23,"45-49",88,0,"GA"
2020-07-23,"5-9",5,0,"GA"
2020-07-23,"50-54",118,0,"GA"
2020-07-23,"55-59",177,5,"GA"
2020-07-23,"60-64",249,6,"GA"
2020-07-23,"65-69",351,4,"GA"
2020-07-23,"70-74",429,2,"GA"
2020-07-23,"75-79",471,2,"GA"
2020-07-23,"80-84",466,5,"GA"
2020-07-23,"85-89",418,1,"GA"
2020-07-23,"90+",458,1,"GA"
2020-07-24,"0-4",5,0,"GA"
2020-07-24,"10-14",5,0,"GA"
2020-07-24,"15-19",5,0,"GA"
2020-07-24,"20-24",6,0,"GA"
2020-07-24,"25-29",19,0,"GA"
2020-07-24,"30-34",36,0,"GA"
2020-07-24,"35-39",22,0,"GA"
2020-07-24,"40-44",49,4,"GA"
2020-07-24,"45-49",88,0,"GA"
2020-07-24,"5-9",5,0,"GA"
2020-07-24,"50-54",118,0,"GA"
2020-07-24,"55-59",179,2,"GA"
2020-07-24,"60-64",255,6,"GA"
2020-07-24,"65-69",360,9,"GA"
2020-07-24,"70-74",439,10,"GA"
2020-07-24,"75-79",482,11,"GA"
2020-07-24,"80-84",479,13,"GA"
2020-07-24,"85-89",432,14,"GA"
2020-07-24,"90+",471,13,"GA"
2020-07-25,"0-4",5,0,"GA"
2020-07-25,"10-14",5,0,"GA"
2020-07-25,"15-19",5,0,"GA"
2020-07-25,"20-24",6,0,"GA"
2020-07-25,"25-29",19,0,"GA"
2020-07-25,"30-34",36,0,"GA"
2020-07-25,"35-39",22,0,"GA"
2020-07-25,"40-44",51,2,"GA"
2020-07-25,"45-49",88,0,"GA"
2020-07-25,"5-9",5,0,"GA"
2020-07-25,"50-54",121,3,"GA"
2020-07-25,"55-59",182,3,"GA"
2020-07-25,"60-64",261,6,"GA"
2020-07-25,"65-69",368,8,"GA"
2020-07-25,"70-74",443,4,"GA"
2020-07-25,"75-79",488,6,"GA"
2020-07-25,"80-84",488,9,"GA"
2020-07-25,"85-89",436,4,"GA"
2020-07-25,"90+",477,6,"GA"
2020-07-26,"0-4",5,0,"GA"
2020-07-26,"10-14",5,0,"GA"
2020-07-26,"15-19",5,0,"GA"
2020-07-26,"20-24",6,0,"GA"
2020-07-26,"25-29",19,0,"GA"
2020-07-26,"30-34",36,0,"GA"
2020-07-26,"35-39",22,0,"GA"
2020-07-26,"40-44",51,0,"GA"
2020-07-26,"45-49",88,0,"GA"
2020-07-26,"5-9",5,0,"GA"
2020-07-26,"50-54",121,0,"GA"
2020-07-26,"55-59",182,0,"GA"
2020-07-26,"60-64",261,0,"GA"
2020-07-26,"65-69",369,1,"GA"
2020-07-26,"70-74",443,0,"GA"
2020-07-26,"75-79",489,1,"GA"
2020-07-26,"80-84",488,0,"GA"
2020-07-26,"85-89",437,1,"GA"
2020-07-26,"90+",477,0,"GA"
2020-07-27,"0-4",5,0,"GA"
2020-07-27,"10-14",5,0,"GA"
2020-07-27,"15-19",5,0,"GA"
2020-07-27,"20-24",6,0,"GA"
2020-07-27,"25-29",20,1,"GA"
2020-07-27,"30-34",36,0,"GA"
2020-07-27,"35-39",22,0,"GA"
2020-07-27,"40-44",51,0,"GA"
2020-07-27,"45-49",88,0,"GA"
2020-07-27,"5-9",5,0,"GA"
2020-07-27,"50-54",121,0,"GA"
2020-07-27,"55-59",183,1,"GA"
2020-07-27,"60-64",261,0,"GA"
2020-07-27,"65-69",373,4,"GA"
2020-07-27,"70-74",443,0,"GA"
2020-07-27,"75-79",489,0,"GA"
2020-07-27,"80-84",488,0,"GA"
2020-07-27,"85-89",439,2,"GA"
2020-07-27,"90+",478,1,"GA"
