"date","age","code","cum.deaths","daily.deaths"
2020-03-15,"0-9","WI",0,NA
2020-03-15,"10-19","WI",0,NA
2020-03-15,"20-29","WI",0,NA
2020-03-15,"30-39","WI",0,NA
2020-03-15,"40-49","WI",0,NA
2020-03-15,"50-59","WI",0,NA
2020-03-15,"60-69","WI",0,NA
2020-03-15,"70-79","WI",0,NA
2020-03-15,"80-89","WI",0,NA
2020-03-15,"90+","WI",0,NA
2020-03-16,"0-9","WI",0,0
2020-03-16,"10-19","WI",0,0
2020-03-16,"20-29","WI",0,0
2020-03-16,"30-39","WI",0,0
2020-03-16,"40-49","WI",0,0
2020-03-16,"50-59","WI",0,0
2020-03-16,"60-69","WI",0,0
2020-03-16,"70-79","WI",0,0
2020-03-16,"80-89","WI",0,0
2020-03-16,"90+","WI",0,0
2020-03-17,"0-9","WI",0,0
2020-03-17,"10-19","WI",0,0
2020-03-17,"20-29","WI",0,0
2020-03-17,"30-39","WI",0,0
2020-03-17,"40-49","WI",0,0
2020-03-17,"50-59","WI",0,0
2020-03-17,"60-69","WI",0,0
2020-03-17,"70-79","WI",0,0
2020-03-17,"80-89","WI",0,0
2020-03-17,"90+","WI",0,0
2020-03-18,"0-9","WI",0,0
2020-03-18,"10-19","WI",0,0
2020-03-18,"20-29","WI",0,0
2020-03-18,"30-39","WI",0,0
2020-03-18,"40-49","WI",0,0
2020-03-18,"50-59","WI",0,0
2020-03-18,"60-69","WI",0,0
2020-03-18,"70-79","WI",0,0
2020-03-18,"80-89","WI",0,0
2020-03-18,"90+","WI",0,0
2020-03-19,"0-9","WI",0,0
2020-03-19,"10-19","WI",0,0
2020-03-19,"20-29","WI",0,0
2020-03-19,"30-39","WI",0,0
2020-03-19,"40-49","WI",0,0
2020-03-19,"50-59","WI",0,0
2020-03-19,"60-69","WI",0,0
2020-03-19,"70-79","WI",0,0
2020-03-19,"80-89","WI",0,0
2020-03-19,"90+","WI",0,0
2020-03-20,"0-9","WI",0,0
2020-03-20,"10-19","WI",0,0
2020-03-20,"20-29","WI",0,0
2020-03-20,"30-39","WI",0,0
2020-03-20,"40-49","WI",0,0
2020-03-20,"50-59","WI",0,0
2020-03-20,"60-69","WI",0,0
2020-03-20,"70-79","WI",0,0
2020-03-20,"80-89","WI",0,0
2020-03-20,"90+","WI",0,0
2020-03-21,"0-9","WI",0,0
2020-03-21,"10-19","WI",0,0
2020-03-21,"20-29","WI",0,0
2020-03-21,"30-39","WI",0,0
2020-03-21,"40-49","WI",0,0
2020-03-21,"50-59","WI",0,0
2020-03-21,"60-69","WI",0,0
2020-03-21,"70-79","WI",0,0
2020-03-21,"80-89","WI",0,0
2020-03-21,"90+","WI",0,0
2020-03-22,"0-9","WI",0,0
2020-03-22,"10-19","WI",0,0
2020-03-22,"20-29","WI",0,0
2020-03-22,"30-39","WI",0,0
2020-03-22,"40-49","WI",0,0
2020-03-22,"50-59","WI",0,0
2020-03-22,"60-69","WI",0,0
2020-03-22,"70-79","WI",0,0
2020-03-22,"80-89","WI",0,0
2020-03-22,"90+","WI",0,0
2020-03-23,"0-9","WI",0,0
2020-03-23,"10-19","WI",0,0
2020-03-23,"20-29","WI",0,0
2020-03-23,"30-39","WI",0,0
2020-03-23,"40-49","WI",0,0
2020-03-23,"50-59","WI",0,0
2020-03-23,"60-69","WI",0,0
2020-03-23,"70-79","WI",0,0
2020-03-23,"80-89","WI",0,0
2020-03-23,"90+","WI",0,0
2020-03-24,"0-9","WI",0,0
2020-03-24,"10-19","WI",0,0
2020-03-24,"20-29","WI",0,0
2020-03-24,"30-39","WI",0,0
2020-03-24,"40-49","WI",0,0
2020-03-24,"50-59","WI",0,0
2020-03-24,"60-69","WI",0,0
2020-03-24,"70-79","WI",0,0
2020-03-24,"80-89","WI",0,0
2020-03-24,"90+","WI",0,0
2020-03-25,"0-9","WI",0,0
2020-03-25,"10-19","WI",0,0
2020-03-25,"20-29","WI",0,0
2020-03-25,"30-39","WI",0,0
2020-03-25,"40-49","WI",0,0
2020-03-25,"50-59","WI",0,0
2020-03-25,"60-69","WI",0,0
2020-03-25,"70-79","WI",0,0
2020-03-25,"80-89","WI",0,0
2020-03-25,"90+","WI",0,0
2020-03-26,"0-9","WI",0,0
2020-03-26,"10-19","WI",0,0
2020-03-26,"20-29","WI",0,0
2020-03-26,"30-39","WI",0,0
2020-03-26,"40-49","WI",0,0
2020-03-26,"50-59","WI",0,0
2020-03-26,"60-69","WI",0,0
2020-03-26,"70-79","WI",0,0
2020-03-26,"80-89","WI",0,0
2020-03-26,"90+","WI",0,0
2020-03-27,"0-9","WI",0,0
2020-03-27,"10-19","WI",0,0
2020-03-27,"20-29","WI",0,0
2020-03-27,"30-39","WI",0,0
2020-03-27,"40-49","WI",0,0
2020-03-27,"50-59","WI",0,0
2020-03-27,"60-69","WI",0,0
2020-03-27,"70-79","WI",0,0
2020-03-27,"80-89","WI",0,0
2020-03-27,"90+","WI",0,0
2020-03-28,"0-9","WI",0,0
2020-03-28,"10-19","WI",0,0
2020-03-28,"20-29","WI",0,0
2020-03-28,"30-39","WI",0,0
2020-03-28,"40-49","WI",0,0
2020-03-28,"50-59","WI",0,0
2020-03-28,"60-69","WI",0,0
2020-03-28,"70-79","WI",0,0
2020-03-28,"80-89","WI",0,0
2020-03-28,"90+","WI",0,0
2020-03-29,"0-9","WI",0,0
2020-03-29,"10-19","WI",0,0
2020-03-29,"20-29","WI",0,0
2020-03-29,"30-39","WI",0,0
2020-03-29,"40-49","WI",0,0
2020-03-29,"50-59","WI",4,4
2020-03-29,"60-69","WI",3,3
2020-03-29,"70-79","WI",3,3
2020-03-29,"80-89","WI",2,2
2020-03-29,"90+","WI",1,1
2020-03-30,"0-9","WI",0,0
2020-03-30,"10-19","WI",0,0
2020-03-30,"20-29","WI",0,0
2020-03-30,"30-39","WI",0,0
2020-03-30,"40-49","WI",1,1
2020-03-30,"50-59","WI",4,0
2020-03-30,"60-69","WI",3,0
2020-03-30,"70-79","WI",3,0
2020-03-30,"80-89","WI",2,0
2020-03-30,"90+","WI",1,0
2020-03-31,"0-9","WI",0,0
2020-03-31,"10-19","WI",0,0
2020-03-31,"20-29","WI",0,0
2020-03-31,"30-39","WI",0,0
2020-03-31,"40-49","WI",1,0
2020-03-31,"50-59","WI",4,0
2020-03-31,"60-69","WI",3,0
2020-03-31,"70-79","WI",4,1
2020-03-31,"80-89","WI",3,1
2020-03-31,"90+","WI",1,0
2020-04-01,"0-9","WI",0,0
2020-04-01,"10-19","WI",0,0
2020-04-01,"20-29","WI",0,0
2020-04-01,"30-39","WI",0,0
2020-04-01,"40-49","WI",1,0
2020-04-01,"50-59","WI",6,2
2020-04-01,"60-69","WI",5,2
2020-04-01,"70-79","WI",6,2
2020-04-01,"80-89","WI",5,2
2020-04-01,"90+","WI",1,0
2020-04-02,"0-9","WI",0,0
2020-04-02,"10-19","WI",0,0
2020-04-02,"20-29","WI",0,0
2020-04-02,"30-39","WI",1,1
2020-04-02,"40-49","WI",1,0
2020-04-02,"50-59","WI",6,0
2020-04-02,"60-69","WI",5,0
2020-04-02,"70-79","WI",9,3
2020-04-02,"80-89","WI",7,2
2020-04-02,"90+","WI",2,1
2020-04-03,"0-9","WI",0,0
2020-04-03,"10-19","WI",0,0
2020-04-03,"20-29","WI",0,0
2020-04-03,"30-39","WI",1,0
2020-04-03,"40-49","WI",1,0
2020-04-03,"50-59","WI",6,0
2020-04-03,"60-69","WI",5,0
2020-04-03,"70-79","WI",12,3
2020-04-03,"80-89","WI",9,2
2020-04-03,"90+","WI",3,1
2020-04-04,"0-9","WI",0,0
2020-04-04,"10-19","WI",0,0
2020-04-04,"20-29","WI",0,0
2020-04-04,"30-39","WI",2,1
2020-04-04,"40-49","WI",1,0
2020-04-04,"50-59","WI",8,2
2020-04-04,"60-69","WI",9,4
2020-04-04,"70-79","WI",16,4
2020-04-04,"80-89","WI",14,5
2020-04-04,"90+","WI",6,3
2020-04-05,"0-9","WI",0,0
2020-04-05,"10-19","WI",0,0
2020-04-05,"20-29","WI",0,0
2020-04-05,"30-39","WI",2,0
2020-04-05,"40-49","WI",1,0
2020-04-05,"50-59","WI",10,2
2020-04-05,"60-69","WI",10,1
2020-04-05,"70-79","WI",22,6
2020-04-05,"80-89","WI",16,2
2020-04-05,"90+","WI",7,1
2020-04-06,"0-9","WI",0,0
2020-04-06,"10-19","WI",0,0
2020-04-06,"20-29","WI",0,0
2020-04-06,"30-39","WI",2,0
2020-04-06,"40-49","WI",1,0
2020-04-06,"50-59","WI",11,1
2020-04-06,"60-69","WI",11,1
2020-04-06,"70-79","WI",25,3
2020-04-06,"80-89","WI",18,2
2020-04-06,"90+","WI",9,2
2020-04-07,"0-9","WI",0,0
2020-04-07,"10-19","WI",0,0
2020-04-07,"20-29","WI",0,0
2020-04-07,"30-39","WI",2,0
2020-04-07,"40-49","WI",2,1
2020-04-07,"50-59","WI",11,0
2020-04-07,"60-69","WI",15,4
2020-04-07,"70-79","WI",32,7
2020-04-07,"80-89","WI",20,2
2020-04-07,"90+","WI",10,1
2020-04-08,"0-9","WI",0,0
2020-04-08,"10-19","WI",0,0
2020-04-08,"20-29","WI",0,0
2020-04-08,"30-39","WI",2,0
2020-04-08,"40-49","WI",2,0
2020-04-08,"50-59","WI",11,0
2020-04-08,"60-69","WI",16,1
2020-04-08,"70-79","WI",35,3
2020-04-08,"80-89","WI",23,3
2020-04-08,"90+","WI",10,0
2020-04-09,"0-9","WI",0,0
2020-04-09,"10-19","WI",0,0
2020-04-09,"20-29","WI",0,0
2020-04-09,"30-39","WI",3,1
2020-04-09,"40-49","WI",2,0
2020-04-09,"50-59","WI",12,1
2020-04-09,"60-69","WI",17,1
2020-04-09,"70-79","WI",39,4
2020-04-09,"80-89","WI",26,3
2020-04-09,"90+","WI",12,2
2020-04-10,"0-9","WI",0,0
2020-04-10,"10-19","WI",0,0
2020-04-10,"20-29","WI",0,0
2020-04-10,"30-39","WI",3,0
2020-04-10,"40-49","WI",2,0
2020-04-10,"50-59","WI",15,3
2020-04-10,"60-69","WI",24,7
2020-04-10,"70-79","WI",42,3
2020-04-10,"80-89","WI",27,1
2020-04-10,"90+","WI",15,3
2020-04-11,"0-9","WI",0,0
2020-04-11,"10-19","WI",0,0
2020-04-11,"20-29","WI",0,0
2020-04-11,"30-39","WI",3,0
2020-04-11,"40-49","WI",4,2
2020-04-11,"50-59","WI",15,0
2020-04-11,"60-69","WI",25,1
2020-04-11,"70-79","WI",42,0
2020-04-11,"80-89","WI",30,3
2020-04-11,"90+","WI",18,3
2020-04-12,"0-9","WI",0,0
2020-04-12,"10-19","WI",0,0
2020-04-12,"20-29","WI",0,0
2020-04-12,"30-39","WI",3,0
2020-04-12,"40-49","WI",4,0
2020-04-12,"50-59","WI",15,0
2020-04-12,"60-69","WI",25,0
2020-04-12,"70-79","WI",45,3
2020-04-12,"80-89","WI",33,3
2020-04-12,"90+","WI",19,1
2020-04-13,"0-9","WI",0,0
2020-04-13,"10-19","WI",0,0
2020-04-13,"20-29","WI",0,0
2020-04-13,"30-39","WI",4,1
2020-04-13,"40-49","WI",5,1
2020-04-13,"50-59","WI",16,1
2020-04-13,"60-69","WI",27,2
2020-04-13,"70-79","WI",48,3
2020-04-13,"80-89","WI",34,1
2020-04-13,"90+","WI",20,1
2020-04-14,"0-9","WI",0,0
2020-04-14,"10-19","WI",0,0
2020-04-14,"20-29","WI",0,0
2020-04-14,"30-39","WI",4,0
2020-04-14,"40-49","WI",5,0
2020-04-14,"50-59","WI",16,0
2020-04-14,"60-69","WI",34,7
2020-04-14,"70-79","WI",51,3
2020-04-14,"80-89","WI",39,5
2020-04-14,"90+","WI",21,1
2020-04-15,"0-9","WI",0,0
2020-04-15,"10-19","WI",0,0
2020-04-15,"20-29","WI",0,0
2020-04-15,"30-39","WI",4,0
2020-04-15,"40-49","WI",5,0
2020-04-15,"50-59","WI",18,2
2020-04-15,"60-69","WI",35,1
2020-04-15,"70-79","WI",56,5
2020-04-15,"80-89","WI",41,2
2020-04-15,"90+","WI",23,2
2020-04-16,"0-9","WI",0,0
2020-04-16,"10-19","WI",0,0
2020-04-16,"20-29","WI",0,0
2020-04-16,"30-39","WI",4,0
2020-04-16,"40-49","WI",6,1
2020-04-16,"50-59","WI",20,2
2020-04-16,"60-69","WI",38,3
2020-04-16,"70-79","WI",59,3
2020-04-16,"80-89","WI",44,3
2020-04-16,"90+","WI",26,3
2020-04-17,"0-9","WI",0,0
2020-04-17,"10-19","WI",0,0
2020-04-17,"20-29","WI",0,0
2020-04-17,"30-39","WI",4,0
2020-04-17,"40-49","WI",6,0
2020-04-17,"50-59","WI",20,0
2020-04-17,"60-69","WI",41,3
2020-04-17,"70-79","WI",61,2
2020-04-17,"80-89","WI",47,3
2020-04-17,"90+","WI",26,0
2020-04-18,"0-9","WI",0,0
2020-04-18,"10-19","WI",0,0
2020-04-18,"20-29","WI",0,0
2020-04-18,"30-39","WI",4,0
2020-04-18,"40-49","WI",6,0
2020-04-18,"50-59","WI",20,0
2020-04-18,"60-69","WI",41,0
2020-04-18,"70-79","WI",65,4
2020-04-18,"80-89","WI",47,0
2020-04-18,"90+","WI",28,2
2020-04-19,"0-9","WI",0,0
2020-04-19,"10-19","WI",0,0
2020-04-19,"20-29","WI",2,2
2020-04-19,"30-39","WI",4,0
2020-04-19,"40-49","WI",6,0
2020-04-19,"50-59","WI",20,0
2020-04-19,"60-69","WI",42,1
2020-04-19,"70-79","WI",67,2
2020-04-19,"80-89","WI",48,1
2020-04-19,"90+","WI",31,3
2020-04-20,"0-9","WI",0,0
2020-04-20,"10-19","WI",0,0
2020-04-20,"20-29","WI",2,0
2020-04-20,"30-39","WI",4,0
2020-04-20,"40-49","WI",7,1
2020-04-20,"50-59","WI",20,0
2020-04-20,"60-69","WI",43,1
2020-04-20,"70-79","WI",67,0
2020-04-20,"80-89","WI",52,4
2020-04-20,"90+","WI",35,4
2020-04-21,"0-9","WI",0,0
2020-04-21,"10-19","WI",0,0
2020-04-21,"20-29","WI",2,0
2020-04-21,"30-39","WI",4,0
2020-04-21,"40-49","WI",8,1
2020-04-21,"50-59","WI",21,1
2020-04-21,"60-69","WI",43,0
2020-04-21,"70-79","WI",72,5
2020-04-21,"80-89","WI",55,3
2020-04-21,"90+","WI",37,2
2020-04-22,"0-9","WI",0,0
2020-04-22,"10-19","WI",0,0
2020-04-22,"20-29","WI",2,0
2020-04-22,"30-39","WI",4,0
2020-04-22,"40-49","WI",8,0
2020-04-22,"50-59","WI",21,0
2020-04-22,"60-69","WI",43,0
2020-04-22,"70-79","WI",73,1
2020-04-22,"80-89","WI",56,1
2020-04-22,"90+","WI",39,2
2020-04-23,"0-9","WI",0,0
2020-04-23,"10-19","WI",0,0
2020-04-23,"20-29","WI",2,0
2020-04-23,"30-39","WI",4,0
2020-04-23,"40-49","WI",9,1
2020-04-23,"50-59","WI",22,1
2020-04-23,"60-69","WI",44,1
2020-04-23,"70-79","WI",78,5
2020-04-23,"80-89","WI",58,2
2020-04-23,"90+","WI",40,1
2020-04-24,"0-9","WI",0,0
2020-04-24,"10-19","WI",0,0
2020-04-24,"20-29","WI",2,0
2020-04-24,"30-39","WI",4,0
2020-04-24,"40-49","WI",9,0
2020-04-24,"50-59","WI",22,0
2020-04-24,"60-69","WI",45,1
2020-04-24,"70-79","WI",80,2
2020-04-24,"80-89","WI",58,0
2020-04-24,"90+","WI",41,1
2020-04-25,"0-9","WI",0,0
2020-04-25,"10-19","WI",0,0
2020-04-25,"20-29","WI",2,0
2020-04-25,"30-39","WI",4,0
2020-04-25,"40-49","WI",9,0
2020-04-25,"50-59","WI",22,0
2020-04-25,"60-69","WI",46,1
2020-04-25,"70-79","WI",81,1
2020-04-25,"80-89","WI",60,2
2020-04-25,"90+","WI",41,0
2020-04-26,"0-9","WI",0,0
2020-04-26,"10-19","WI",0,0
2020-04-26,"20-29","WI",2,0
2020-04-26,"30-39","WI",4,0
2020-04-26,"40-49","WI",9,0
2020-04-26,"50-59","WI",23,1
2020-04-26,"60-69","WI",46,0
2020-04-26,"70-79","WI",83,2
2020-04-26,"80-89","WI",63,3
2020-04-26,"90+","WI",42,1
2020-04-27,"0-9","WI",0,0
2020-04-27,"10-19","WI",0,0
2020-04-27,"20-29","WI",2,0
2020-04-27,"30-39","WI",4,0
2020-04-27,"40-49","WI",9,0
2020-04-27,"50-59","WI",24,1
2020-04-27,"60-69","WI",47,1
2020-04-27,"70-79","WI",87,4
2020-04-27,"80-89","WI",66,3
2020-04-27,"90+","WI",42,0
2020-04-28,"0-9","WI",0,0
2020-04-28,"10-19","WI",0,0
2020-04-28,"20-29","WI",2,0
2020-04-28,"30-39","WI",4,0
2020-04-28,"40-49","WI",9,0
2020-04-28,"50-59","WI",26,2
2020-04-28,"60-69","WI",48,1
2020-04-28,"70-79","WI",93,6
2020-04-28,"80-89","WI",73,7
2020-04-28,"90+","WI",45,3
2020-04-29,"0-9","WI",0,0
2020-04-29,"10-19","WI",0,0
2020-04-29,"20-29","WI",3,1
2020-04-29,"30-39","WI",4,0
2020-04-29,"40-49","WI",9,0
2020-04-29,"50-59","WI",26,0
2020-04-29,"60-69","WI",48,0
2020-04-29,"70-79","WI",96,3
2020-04-29,"80-89","WI",77,4
2020-04-29,"90+","WI",45,0
2020-04-30,"0-9","WI",0,0
2020-04-30,"10-19","WI",0,0
2020-04-30,"20-29","WI",3,0
2020-04-30,"30-39","WI",4,0
2020-04-30,"40-49","WI",9,0
2020-04-30,"50-59","WI",26,0
2020-04-30,"60-69","WI",49,1
2020-04-30,"70-79","WI",100,4
2020-04-30,"80-89","WI",77,0
2020-04-30,"90+","WI",48,3
2020-05-01,"0-9","WI",0,0
2020-05-01,"10-19","WI",0,0
2020-05-01,"20-29","WI",3,0
2020-05-01,"30-39","WI",4,0
2020-05-01,"40-49","WI",9,0
2020-05-01,"50-59","WI",30,4
2020-05-01,"60-69","WI",51,2
2020-05-01,"70-79","WI",101,1
2020-05-01,"80-89","WI",80,3
2020-05-01,"90+","WI",48,0
2020-05-02,"0-9","WI",0,0
2020-05-02,"10-19","WI",0,0
2020-05-02,"20-29","WI",3,0
2020-05-02,"30-39","WI",4,0
2020-05-02,"40-49","WI",10,1
2020-05-02,"50-59","WI",30,0
2020-05-02,"60-69","WI",51,0
2020-05-02,"70-79","WI",101,0
2020-05-02,"80-89","WI",82,2
2020-05-02,"90+","WI",53,5
2020-05-03,"0-9","WI",0,0
2020-05-03,"10-19","WI",0,0
2020-05-03,"20-29","WI",3,0
2020-05-03,"30-39","WI",4,0
2020-05-03,"40-49","WI",10,0
2020-05-03,"50-59","WI",30,0
2020-05-03,"60-69","WI",52,1
2020-05-03,"70-79","WI",101,0
2020-05-03,"80-89","WI",82,0
2020-05-03,"90+","WI",57,4
2020-05-04,"0-9","WI",0,0
2020-05-04,"10-19","WI",0,0
2020-05-04,"20-29","WI",3,0
2020-05-04,"30-39","WI",4,0
2020-05-04,"40-49","WI",10,0
2020-05-04,"50-59","WI",30,0
2020-05-04,"60-69","WI",53,1
2020-05-04,"70-79","WI",101,0
2020-05-04,"80-89","WI",82,0
2020-05-04,"90+","WI",57,0
2020-05-05,"0-9","WI",0,0
2020-05-05,"10-19","WI",0,0
2020-05-05,"20-29","WI",4,1
2020-05-05,"30-39","WI",4,0
2020-05-05,"40-49","WI",11,1
2020-05-05,"50-59","WI",32,2
2020-05-05,"60-69","WI",55,2
2020-05-05,"70-79","WI",103,2
2020-05-05,"80-89","WI",85,3
2020-05-05,"90+","WI",59,2
2020-05-06,"0-9","WI",0,0
2020-05-06,"10-19","WI",0,0
2020-05-06,"20-29","WI",4,0
2020-05-06,"30-39","WI",4,0
2020-05-06,"40-49","WI",11,0
2020-05-06,"50-59","WI",32,0
2020-05-06,"60-69","WI",56,1
2020-05-06,"70-79","WI",106,3
2020-05-06,"80-89","WI",87,2
2020-05-06,"90+","WI",62,3
2020-05-07,"0-9","WI",0,0
2020-05-07,"10-19","WI",0,0
2020-05-07,"20-29","WI",4,0
2020-05-07,"30-39","WI",5,1
2020-05-07,"40-49","WI",11,0
2020-05-07,"50-59","WI",33,1
2020-05-07,"60-69","WI",57,1
2020-05-07,"70-79","WI",110,4
2020-05-07,"80-89","WI",91,4
2020-05-07,"90+","WI",63,1
2020-05-08,"0-9","WI",0,0
2020-05-08,"10-19","WI",0,0
2020-05-08,"20-29","WI",4,0
2020-05-08,"30-39","WI",5,0
2020-05-08,"40-49","WI",11,0
2020-05-08,"50-59","WI",33,0
2020-05-08,"60-69","WI",58,1
2020-05-08,"70-79","WI",111,1
2020-05-08,"80-89","WI",96,5
2020-05-08,"90+","WI",66,3
2020-05-09,"0-9","WI",0,0
2020-05-09,"10-19","WI",0,0
2020-05-09,"20-29","WI",4,0
2020-05-09,"30-39","WI",5,0
2020-05-09,"40-49","WI",11,0
2020-05-09,"50-59","WI",33,0
2020-05-09,"60-69","WI",61,3
2020-05-09,"70-79","WI",117,6
2020-05-09,"80-89","WI",96,0
2020-05-09,"90+","WI",71,5
2020-05-10,"0-9","WI",0,0
2020-05-10,"10-19","WI",0,0
2020-05-10,"20-29","WI",4,0
2020-05-10,"30-39","WI",5,0
2020-05-10,"40-49","WI",11,0
2020-05-10,"50-59","WI",33,0
2020-05-10,"60-69","WI",61,0
2020-05-10,"70-79","WI",117,0
2020-05-10,"80-89","WI",97,1
2020-05-10,"90+","WI",71,0
2020-05-11,"0-9","WI",0,0
2020-05-11,"10-19","WI",0,0
2020-05-11,"20-29","WI",4,0
2020-05-11,"30-39","WI",5,0
2020-05-11,"40-49","WI",11,0
2020-05-11,"50-59","WI",33,0
2020-05-11,"60-69","WI",61,0
2020-05-11,"70-79","WI",119,2
2020-05-11,"80-89","WI",100,3
2020-05-11,"90+","WI",75,4
2020-05-12,"0-9","WI",0,0
2020-05-12,"10-19","WI",0,0
2020-05-12,"20-29","WI",4,0
2020-05-12,"30-39","WI",5,0
2020-05-12,"40-49","WI",11,0
2020-05-12,"50-59","WI",33,0
2020-05-12,"60-69","WI",64,3
2020-05-12,"70-79","WI",122,3
2020-05-12,"80-89","WI",101,1
2020-05-12,"90+","WI",78,3
2020-05-13,"0-9","WI",0,0
2020-05-13,"10-19","WI",0,0
2020-05-13,"20-29","WI",4,0
2020-05-13,"30-39","WI",5,0
2020-05-13,"40-49","WI",11,0
2020-05-13,"50-59","WI",35,2
2020-05-13,"60-69","WI",64,0
2020-05-13,"70-79","WI",123,1
2020-05-13,"80-89","WI",101,0
2020-05-13,"90+","WI",78,0
2020-05-14,"0-9","WI",0,0
2020-05-14,"10-19","WI",0,0
2020-05-14,"20-29","WI",4,0
2020-05-14,"30-39","WI",5,0
2020-05-14,"40-49","WI",11,0
2020-05-14,"50-59","WI",36,1
2020-05-14,"60-69","WI",68,4
2020-05-14,"70-79","WI",125,2
2020-05-14,"80-89","WI",103,2
2020-05-14,"90+","WI",82,4
2020-05-15,"0-9","WI",0,0
2020-05-15,"10-19","WI",0,0
2020-05-15,"20-29","WI",4,0
2020-05-15,"30-39","WI",5,0
2020-05-15,"40-49","WI",11,0
2020-05-15,"50-59","WI",37,1
2020-05-15,"60-69","WI",70,2
2020-05-15,"70-79","WI",126,1
2020-05-15,"80-89","WI",109,6
2020-05-15,"90+","WI",83,1
2020-05-16,"0-9","WI",0,0
2020-05-16,"10-19","WI",0,0
2020-05-16,"20-29","WI",4,0
2020-05-16,"30-39","WI",5,0
2020-05-16,"40-49","WI",11,0
2020-05-16,"50-59","WI",39,2
2020-05-16,"60-69","WI",72,2
2020-05-16,"70-79","WI",128,2
2020-05-16,"80-89","WI",109,0
2020-05-16,"90+","WI",85,2
2020-05-17,"0-9","WI",0,0
2020-05-17,"10-19","WI",0,0
2020-05-17,"20-29","WI",4,0
2020-05-17,"30-39","WI",5,0
2020-05-17,"40-49","WI",11,0
2020-05-17,"50-59","WI",39,0
2020-05-17,"60-69","WI",72,0
2020-05-17,"70-79","WI",128,0
2020-05-17,"80-89","WI",109,0
2020-05-17,"90+","WI",85,0
2020-05-18,"0-9","WI",0,0
2020-05-18,"10-19","WI",0,0
2020-05-18,"20-29","WI",4,0
2020-05-18,"30-39","WI",5,0
2020-05-18,"40-49","WI",11,0
2020-05-18,"50-59","WI",39,0
2020-05-18,"60-69","WI",75,3
2020-05-18,"70-79","WI",129,1
2020-05-18,"80-89","WI",111,2
2020-05-18,"90+","WI",85,0
2020-05-19,"0-9","WI",0,0
2020-05-19,"10-19","WI",0,0
2020-05-19,"20-29","WI",4,0
2020-05-19,"30-39","WI",5,0
2020-05-19,"40-49","WI",12,1
2020-05-19,"50-59","WI",40,1
2020-05-19,"60-69","WI",77,2
2020-05-19,"70-79","WI",129,0
2020-05-19,"80-89","WI",114,3
2020-05-19,"90+","WI",86,1
2020-05-20,"0-9","WI",0,0
2020-05-20,"10-19","WI",0,0
2020-05-20,"20-29","WI",4,0
2020-05-20,"30-39","WI",5,0
2020-05-20,"40-49","WI",13,1
2020-05-20,"50-59","WI",44,4
2020-05-20,"60-69","WI",80,3
2020-05-20,"70-79","WI",133,4
2020-05-20,"80-89","WI",115,1
2020-05-20,"90+","WI",86,0
2020-05-21,"0-9","WI",0,0
2020-05-21,"10-19","WI",0,0
2020-05-21,"20-29","WI",4,0
2020-05-21,"30-39","WI",5,0
2020-05-21,"40-49","WI",13,0
2020-05-21,"50-59","WI",44,0
2020-05-21,"60-69","WI",80,0
2020-05-21,"70-79","WI",135,2
2020-05-21,"80-89","WI",116,1
2020-05-21,"90+","WI",90,4
2020-05-22,"0-9","WI",0,0
2020-05-22,"10-19","WI",0,0
2020-05-22,"20-29","WI",4,0
2020-05-22,"30-39","WI",5,0
2020-05-22,"40-49","WI",13,0
2020-05-22,"50-59","WI",44,0
2020-05-22,"60-69","WI",80,0
2020-05-22,"70-79","WI",135,0
2020-05-22,"80-89","WI",121,5
2020-05-22,"90+","WI",94,4
2020-05-23,"0-9","WI",0,0
2020-05-23,"10-19","WI",0,0
2020-05-23,"20-29","WI",4,0
2020-05-23,"30-39","WI",7,2
2020-05-23,"40-49","WI",14,1
2020-05-23,"50-59","WI",44,0
2020-05-23,"60-69","WI",83,3
2020-05-23,"70-79","WI",137,2
2020-05-23,"80-89","WI",124,3
2020-05-23,"90+","WI",94,0
2020-05-24,"0-9","WI",0,0
2020-05-24,"10-19","WI",0,0
2020-05-24,"20-29","WI",4,0
2020-05-24,"30-39","WI",7,0
2020-05-24,"40-49","WI",14,0
2020-05-24,"50-59","WI",44,0
2020-05-24,"60-69","WI",83,0
2020-05-24,"70-79","WI",137,0
2020-05-24,"80-89","WI",126,2
2020-05-24,"90+","WI",95,1
2020-05-25,"0-9","WI",0,0
2020-05-25,"10-19","WI",0,0
2020-05-25,"20-29","WI",4,0
2020-05-25,"30-39","WI",7,0
2020-05-25,"40-49","WI",15,1
2020-05-25,"50-59","WI",44,0
2020-05-25,"60-69","WI",83,0
2020-05-25,"70-79","WI",137,0
2020-05-25,"80-89","WI",128,2
2020-05-25,"90+","WI",96,1
2020-05-26,"0-9","WI",0,0
2020-05-26,"10-19","WI",0,0
2020-05-26,"20-29","WI",4,0
2020-05-26,"30-39","WI",7,0
2020-05-26,"40-49","WI",15,0
2020-05-26,"50-59","WI",44,0
2020-05-26,"60-69","WI",84,1
2020-05-26,"70-79","WI",137,0
2020-05-26,"80-89","WI",130,2
2020-05-26,"90+","WI",96,0
2020-05-27,"0-9","WI",0,0
2020-05-27,"10-19","WI",0,0
2020-05-27,"20-29","WI",5,1
2020-05-27,"30-39","WI",7,0
2020-05-27,"40-49","WI",16,1
2020-05-27,"50-59","WI",46,2
2020-05-27,"60-69","WI",86,2
2020-05-27,"70-79","WI",141,4
2020-05-27,"80-89","WI",138,8
2020-05-27,"90+","WI",100,4
2020-05-28,"0-9","WI",0,0
2020-05-28,"10-19","WI",0,0
2020-05-28,"20-29","WI",5,0
2020-05-28,"30-39","WI",8,1
2020-05-28,"40-49","WI",16,0
2020-05-28,"50-59","WI",47,1
2020-05-28,"60-69","WI",88,2
2020-05-28,"70-79","WI",142,1
2020-05-28,"80-89","WI",140,2
2020-05-28,"90+","WI",104,4
2020-05-29,"0-9","WI",0,0
2020-05-29,"10-19","WI",0,0
2020-05-29,"20-29","WI",6,1
2020-05-29,"30-39","WI",8,0
2020-05-29,"40-49","WI",16,0
2020-05-29,"50-59","WI",49,2
2020-05-29,"60-69","WI",91,3
2020-05-29,"70-79","WI",146,4
2020-05-29,"80-89","WI",144,4
2020-05-29,"90+","WI",108,4
2020-05-30,"0-9","WI",0,0
2020-05-30,"10-19","WI",0,0
2020-05-30,"20-29","WI",6,0
2020-05-30,"30-39","WI",8,0
2020-05-30,"40-49","WI",16,0
2020-05-30,"50-59","WI",49,0
2020-05-30,"60-69","WI",93,2
2020-05-30,"70-79","WI",153,7
2020-05-30,"80-89","WI",146,2
2020-05-30,"90+","WI",117,9
2020-05-31,"0-9","WI",0,0
2020-05-31,"10-19","WI",0,0
2020-05-31,"20-29","WI",6,0
2020-05-31,"30-39","WI",8,0
2020-05-31,"40-49","WI",16,0
2020-05-31,"50-59","WI",49,0
2020-05-31,"60-69","WI",93,0
2020-05-31,"70-79","WI",155,2
2020-05-31,"80-89","WI",147,1
2020-05-31,"90+","WI",118,1
2020-06-01,"0-9","WI",0,0
2020-06-01,"10-19","WI",0,0
2020-06-01,"20-29","WI",6,0
2020-06-01,"30-39","WI",8,0
2020-06-01,"40-49","WI",16,0
2020-06-01,"50-59","WI",50,1
2020-06-01,"60-69","WI",93,0
2020-06-01,"70-79","WI",155,0
2020-06-01,"80-89","WI",148,1
2020-06-01,"90+","WI",119,1
2020-06-02,"0-9","WI",0,0
2020-06-02,"10-19","WI",0,0
2020-06-02,"20-29","WI",6,0
2020-06-02,"30-39","WI",8,0
2020-06-02,"40-49","WI",17,1
2020-06-02,"50-59","WI",50,0
2020-06-02,"60-69","WI",95,2
2020-06-02,"70-79","WI",157,2
2020-06-02,"80-89","WI",153,5
2020-06-02,"90+","WI",121,2
2020-06-03,"0-9","WI",0,0
2020-06-03,"10-19","WI",0,0
2020-06-03,"20-29","WI",6,0
2020-06-03,"30-39","WI",8,0
2020-06-03,"40-49","WI",18,1
2020-06-03,"50-59","WI",50,0
2020-06-03,"60-69","WI",96,1
2020-06-03,"70-79","WI",159,2
2020-06-03,"80-89","WI",157,4
2020-06-03,"90+","WI",122,1
2020-06-04,"0-9","WI",0,0
2020-06-04,"10-19","WI",0,0
2020-06-04,"20-29","WI",6,0
2020-06-04,"30-39","WI",8,0
2020-06-04,"40-49","WI",18,0
2020-06-04,"50-59","WI",51,1
2020-06-04,"60-69","WI",99,3
2020-06-04,"70-79","WI",162,3
2020-06-04,"80-89","WI",157,0
2020-06-04,"90+","WI",125,3
2020-06-05,"0-9","WI",0,0
2020-06-05,"10-19","WI",0,0
2020-06-05,"20-29","WI",6,0
2020-06-05,"30-39","WI",8,0
2020-06-05,"40-49","WI",18,0
2020-06-05,"50-59","WI",51,0
2020-06-05,"60-69","WI",103,4
2020-06-05,"70-79","WI",163,1
2020-06-05,"80-89","WI",159,2
2020-06-05,"90+","WI",125,0
2020-06-06,"0-9","WI",0,0
2020-06-06,"10-19","WI",0,0
2020-06-06,"20-29","WI",6,0
2020-06-06,"30-39","WI",8,0
2020-06-06,"40-49","WI",19,1
2020-06-06,"50-59","WI",52,1
2020-06-06,"60-69","WI",104,1
2020-06-06,"70-79","WI",167,4
2020-06-06,"80-89","WI",163,4
2020-06-06,"90+","WI",125,0
2020-06-07,"0-9","WI",0,0
2020-06-07,"10-19","WI",0,0
2020-06-07,"20-29","WI",6,0
2020-06-07,"30-39","WI",8,0
2020-06-07,"40-49","WI",19,0
2020-06-07,"50-59","WI",53,1
2020-06-07,"60-69","WI",104,0
2020-06-07,"70-79","WI",168,1
2020-06-07,"80-89","WI",163,0
2020-06-07,"90+","WI",125,0
2020-06-08,"0-9","WI",0,0
2020-06-08,"10-19","WI",0,0
2020-06-08,"20-29","WI",6,0
2020-06-08,"30-39","WI",8,0
2020-06-08,"40-49","WI",19,0
2020-06-08,"50-59","WI",53,0
2020-06-08,"60-69","WI",104,0
2020-06-08,"70-79","WI",168,0
2020-06-08,"80-89","WI",163,0
2020-06-08,"90+","WI",125,0
2020-06-09,"0-9","WI",0,0
2020-06-09,"10-19","WI",0,0
2020-06-09,"20-29","WI",6,0
2020-06-09,"30-39","WI",8,0
2020-06-09,"40-49","WI",20,1
2020-06-09,"50-59","WI",53,0
2020-06-09,"60-69","WI",108,4
2020-06-09,"70-79","WI",173,5
2020-06-09,"80-89","WI",166,3
2020-06-09,"90+","WI",127,2
2020-06-10,"0-9","WI",0,0
2020-06-10,"10-19","WI",0,0
2020-06-10,"20-29","WI",6,0
2020-06-10,"30-39","WI",8,0
2020-06-10,"40-49","WI",21,1
2020-06-10,"50-59","WI",54,1
2020-06-10,"60-69","WI",112,4
2020-06-10,"70-79","WI",175,2
2020-06-10,"80-89","WI",168,2
2020-06-10,"90+","WI",127,0
2020-06-11,"0-9","WI",0,0
2020-06-11,"10-19","WI",0,0
2020-06-11,"20-29","WI",6,0
2020-06-11,"30-39","WI",8,0
2020-06-11,"40-49","WI",22,1
2020-06-11,"50-59","WI",55,1
2020-06-11,"60-69","WI",115,3
2020-06-11,"70-79","WI",178,3
2020-06-11,"80-89","WI",169,1
2020-06-11,"90+","WI",129,2
2020-06-12,"0-9","WI",0,0
2020-06-12,"10-19","WI",0,0
2020-06-12,"20-29","WI",6,0
2020-06-12,"30-39","WI",8,0
2020-06-12,"40-49","WI",22,0
2020-06-12,"50-59","WI",55,0
2020-06-12,"60-69","WI",115,0
2020-06-12,"70-79","WI",182,4
2020-06-12,"80-89","WI",169,0
2020-06-12,"90+","WI",132,3
2020-06-13,"0-9","WI",0,0
2020-06-13,"10-19","WI",0,0
2020-06-13,"20-29","WI",6,0
2020-06-13,"30-39","WI",8,0
2020-06-13,"40-49","WI",22,0
2020-06-13,"50-59","WI",56,1
2020-06-13,"60-69","WI",115,0
2020-06-13,"70-79","WI",183,1
2020-06-13,"80-89","WI",169,0
2020-06-13,"90+","WI",132,0
2020-06-14,"0-9","WI",0,0
2020-06-14,"10-19","WI",0,0
2020-06-14,"20-29","WI",6,0
2020-06-14,"30-39","WI",8,0
2020-06-14,"40-49","WI",22,0
2020-06-14,"50-59","WI",56,0
2020-06-14,"60-69","WI",115,0
2020-06-14,"70-79","WI",184,1
2020-06-14,"80-89","WI",169,0
2020-06-14,"90+","WI",132,0
2020-06-15,"0-9","WI",0,0
2020-06-15,"10-19","WI",0,0
2020-06-15,"20-29","WI",6,0
2020-06-15,"30-39","WI",8,0
2020-06-15,"40-49","WI",22,0
2020-06-15,"50-59","WI",56,0
2020-06-15,"60-69","WI",116,1
2020-06-15,"70-79","WI",185,1
2020-06-15,"80-89","WI",169,0
2020-06-15,"90+","WI",132,0
2020-06-16,"0-9","WI",0,0
2020-06-16,"10-19","WI",0,0
2020-06-16,"20-29","WI",6,0
2020-06-16,"30-39","WI",8,0
2020-06-16,"40-49","WI",22,0
2020-06-16,"50-59","WI",57,1
2020-06-16,"60-69","WI",117,1
2020-06-16,"70-79","WI",188,3
2020-06-16,"80-89","WI",170,1
2020-06-16,"90+","WI",135,3
2020-06-17,"0-9","WI",0,0
2020-06-17,"10-19","WI",0,0
2020-06-17,"20-29","WI",6,0
2020-06-17,"30-39","WI",8,0
2020-06-17,"40-49","WI",22,0
2020-06-17,"50-59","WI",57,0
2020-06-17,"60-69","WI",119,2
2020-06-17,"70-79","WI",188,0
2020-06-17,"80-89","WI",173,3
2020-06-17,"90+","WI",139,4
2020-06-18,"0-9","WI",0,0
2020-06-18,"10-19","WI",0,0
2020-06-18,"20-29","WI",7,1
2020-06-18,"30-39","WI",8,0
2020-06-18,"40-49","WI",22,0
2020-06-18,"50-59","WI",58,1
2020-06-18,"60-69","WI",119,0
2020-06-18,"70-79","WI",190,2
2020-06-18,"80-89","WI",175,2
2020-06-18,"90+","WI",140,1
2020-06-19,"0-9","WI",0,0
2020-06-19,"10-19","WI",0,0
2020-06-19,"20-29","WI",7,0
2020-06-19,"30-39","WI",8,0
2020-06-19,"40-49","WI",22,0
2020-06-19,"50-59","WI",58,0
2020-06-19,"60-69","WI",121,2
2020-06-19,"70-79","WI",193,3
2020-06-19,"80-89","WI",180,5
2020-06-19,"90+","WI",141,1
2020-06-20,"0-9","WI",0,0
2020-06-20,"10-19","WI",0,0
2020-06-20,"20-29","WI",7,0
2020-06-20,"30-39","WI",8,0
2020-06-20,"40-49","WI",22,0
2020-06-20,"50-59","WI",58,0
2020-06-20,"60-69","WI",125,4
2020-06-20,"70-79","WI",196,3
2020-06-20,"80-89","WI",184,4
2020-06-20,"90+","WI",144,3
2020-06-21,"0-9","WI",0,0
2020-06-21,"10-19","WI",0,0
2020-06-21,"20-29","WI",7,0
2020-06-21,"30-39","WI",8,0
2020-06-21,"40-49","WI",22,0
2020-06-21,"50-59","WI",58,0
2020-06-21,"60-69","WI",125,0
2020-06-21,"70-79","WI",196,0
2020-06-21,"80-89","WI",184,0
2020-06-21,"90+","WI",144,0
2020-06-22,"0-9","WI",0,0
2020-06-22,"10-19","WI",0,0
2020-06-22,"20-29","WI",7,0
2020-06-22,"30-39","WI",8,0
2020-06-22,"40-49","WI",22,0
2020-06-22,"50-59","WI",58,0
2020-06-22,"60-69","WI",125,0
2020-06-22,"70-79","WI",197,1
2020-06-22,"80-89","WI",184,0
2020-06-22,"90+","WI",144,0
2020-06-23,"0-9","WI",0,0
2020-06-23,"10-19","WI",0,0
2020-06-23,"20-29","WI",7,0
2020-06-23,"30-39","WI",8,0
2020-06-23,"40-49","WI",22,0
2020-06-23,"50-59","WI",58,0
2020-06-23,"60-69","WI",125,0
2020-06-23,"70-79","WI",200,3
2020-06-23,"80-89","WI",185,1
2020-06-23,"90+","WI",145,1
2020-06-24,"0-9","WI",0,0
2020-06-24,"10-19","WI",0,0
2020-06-24,"20-29","WI",8,1
2020-06-24,"30-39","WI",8,0
2020-06-24,"40-49","WI",22,0
2020-06-24,"50-59","WI",58,0
2020-06-24,"60-69","WI",125,0
2020-06-24,"70-79","WI",200,0
2020-06-24,"80-89","WI",188,3
2020-06-24,"90+","WI",148,3
2020-06-25,"0-9","WI",0,0
2020-06-25,"10-19","WI",0,0
2020-06-25,"20-29","WI",8,0
2020-06-25,"30-39","WI",8,0
2020-06-25,"40-49","WI",23,1
2020-06-25,"50-59","WI",58,0
2020-06-25,"60-69","WI",127,2
2020-06-25,"70-79","WI",200,0
2020-06-25,"80-89","WI",190,2
2020-06-25,"90+","WI",151,3
2020-06-26,"0-9","WI",0,0
2020-06-26,"10-19","WI",0,0
2020-06-26,"20-29","WI",8,0
2020-06-26,"30-39","WI",8,0
2020-06-26,"40-49","WI",23,0
2020-06-26,"50-59","WI",58,0
2020-06-26,"60-69","WI",127,0
2020-06-26,"70-79","WI",200,0
2020-06-26,"80-89","WI",190,0
2020-06-26,"90+","WI",152,1
2020-06-27,"0-9","WI",0,0
2020-06-27,"10-19","WI",0,0
2020-06-27,"20-29","WI",8,0
2020-06-27,"30-39","WI",8,0
2020-06-27,"40-49","WI",23,0
2020-06-27,"50-59","WI",59,1
2020-06-27,"60-69","WI",133,6
2020-06-27,"70-79","WI",200,0
2020-06-27,"80-89","WI",193,3
2020-06-27,"90+","WI",153,1
2020-06-28,"0-9","WI",0,0
2020-06-28,"10-19","WI",0,0
2020-06-28,"20-29","WI",8,0
2020-06-28,"30-39","WI",8,0
2020-06-28,"40-49","WI",23,0
2020-06-28,"50-59","WI",59,0
2020-06-28,"60-69","WI",133,0
2020-06-28,"70-79","WI",200,0
2020-06-28,"80-89","WI",193,0
2020-06-28,"90+","WI",153,0
2020-06-29,"0-9","WI",0,0
2020-06-29,"10-19","WI",0,0
2020-06-29,"20-29","WI",8,0
2020-06-29,"30-39","WI",8,0
2020-06-29,"40-49","WI",23,0
2020-06-29,"50-59","WI",59,0
2020-06-29,"60-69","WI",133,0
2020-06-29,"70-79","WI",200,0
2020-06-29,"80-89","WI",193,0
2020-06-29,"90+","WI",153,0
2020-06-30,"0-9","WI",0,0
2020-06-30,"10-19","WI",0,0
2020-06-30,"20-29","WI",8,0
2020-06-30,"30-39","WI",8,0
2020-06-30,"40-49","WI",23,0
2020-06-30,"50-59","WI",59,0
2020-06-30,"60-69","WI",133,0
2020-06-30,"70-79","WI",204,4
2020-06-30,"80-89","WI",193,0
2020-06-30,"90+","WI",156,3
2020-07-01,"0-9","WI",0,0
2020-07-01,"10-19","WI",0,0
2020-07-01,"20-29","WI",8,0
2020-07-01,"30-39","WI",8,0
2020-07-01,"40-49","WI",23,0
2020-07-01,"50-59","WI",59,0
2020-07-01,"60-69","WI",133,0
2020-07-01,"70-79","WI",206,2
2020-07-01,"80-89","WI",193,0
2020-07-01,"90+","WI",156,0
2020-07-02,"0-9","WI",0,0
2020-07-02,"10-19","WI",0,0
2020-07-02,"20-29","WI",8,0
2020-07-02,"30-39","WI",8,0
2020-07-02,"40-49","WI",24,1
2020-07-02,"50-59","WI",60,1
2020-07-02,"60-69","WI",133,0
2020-07-02,"70-79","WI",206,0
2020-07-02,"80-89","WI",197,4
2020-07-02,"90+","WI",157,1
2020-07-03,"0-9","WI",0,0
2020-07-03,"10-19","WI",0,0
2020-07-03,"20-29","WI",8,0
2020-07-03,"30-39","WI",8,0
2020-07-03,"40-49","WI",24,0
2020-07-03,"50-59","WI",60,0
2020-07-03,"60-69","WI",134,1
2020-07-03,"70-79","WI",206,0
2020-07-03,"80-89","WI",199,2
2020-07-03,"90+","WI",157,0
2020-07-04,"0-9","WI",0,0
2020-07-04,"10-19","WI",0,0
2020-07-04,"20-29","WI",8,0
2020-07-04,"30-39","WI",8,0
2020-07-04,"40-49","WI",24,0
2020-07-04,"50-59","WI",60,0
2020-07-04,"60-69","WI",134,0
2020-07-04,"70-79","WI",206,0
2020-07-04,"80-89","WI",199,0
2020-07-04,"90+","WI",157,0
2020-07-05,"0-9","WI",0,0
2020-07-05,"10-19","WI",0,0
2020-07-05,"20-29","WI",8,0
2020-07-05,"30-39","WI",8,0
2020-07-05,"40-49","WI",24,0
2020-07-05,"50-59","WI",60,0
2020-07-05,"60-69","WI",134,0
2020-07-05,"70-79","WI",206,0
2020-07-05,"80-89","WI",199,0
2020-07-05,"90+","WI",157,0
2020-07-06,"0-9","WI",0,0
2020-07-06,"10-19","WI",0,0
2020-07-06,"20-29","WI",8,0
2020-07-06,"30-39","WI",8,0
2020-07-06,"40-49","WI",24,0
2020-07-06,"50-59","WI",60,0
2020-07-06,"60-69","WI",134,0
2020-07-06,"70-79","WI",206,0
2020-07-06,"80-89","WI",199,0
2020-07-06,"90+","WI",157,0
2020-07-07,"0-9","WI",0,0
2020-07-07,"10-19","WI",0,0
2020-07-07,"20-29","WI",8,0
2020-07-07,"30-39","WI",8,0
2020-07-07,"40-49","WI",25,1
2020-07-07,"50-59","WI",60,0
2020-07-07,"60-69","WI",136,2
2020-07-07,"70-79","WI",208,2
2020-07-07,"80-89","WI",200,1
2020-07-07,"90+","WI",159,2
2020-07-08,"0-9","WI",0,0
2020-07-08,"10-19","WI",0,0
2020-07-08,"20-29","WI",8,0
2020-07-08,"30-39","WI",8,0
2020-07-08,"40-49","WI",25,0
2020-07-08,"50-59","WI",60,0
2020-07-08,"60-69","WI",136,0
2020-07-08,"70-79","WI",208,0
2020-07-08,"80-89","WI",200,0
2020-07-08,"90+","WI",162,3
2020-07-09,"0-9","WI",0,0
2020-07-09,"10-19","WI",0,0
2020-07-09,"20-29","WI",8,0
2020-07-09,"30-39","WI",8,0
2020-07-09,"40-49","WI",25,0
2020-07-09,"50-59","WI",60,0
2020-07-09,"60-69","WI",136,0
2020-07-09,"70-79","WI",210,2
2020-07-09,"80-89","WI",200,0
2020-07-09,"90+","WI",162,0
2020-07-10,"0-9","WI",0,0
2020-07-10,"10-19","WI",0,0
2020-07-10,"20-29","WI",8,0
2020-07-10,"30-39","WI",8,0
2020-07-10,"40-49","WI",25,0
2020-07-10,"50-59","WI",60,0
2020-07-10,"60-69","WI",140,4
2020-07-10,"70-79","WI",210,0
2020-07-10,"80-89","WI",201,1
2020-07-10,"90+","WI",162,0
2020-07-11,"0-9","WI",0,0
2020-07-11,"10-19","WI",0,0
2020-07-11,"20-29","WI",8,0
2020-07-11,"30-39","WI",8,0
2020-07-11,"40-49","WI",25,0
2020-07-11,"50-59","WI",60,0
2020-07-11,"60-69","WI",140,0
2020-07-11,"70-79","WI",211,1
2020-07-11,"80-89","WI",203,2
2020-07-11,"90+","WI",165,3
2020-07-12,"0-9","WI",0,0
2020-07-12,"10-19","WI",0,0
2020-07-12,"20-29","WI",8,0
2020-07-12,"30-39","WI",8,0
2020-07-12,"40-49","WI",25,0
2020-07-12,"50-59","WI",60,0
2020-07-12,"60-69","WI",140,0
2020-07-12,"70-79","WI",211,0
2020-07-12,"80-89","WI",203,0
2020-07-12,"90+","WI",165,0
2020-07-13,"0-9","WI",0,0
2020-07-13,"10-19","WI",0,0
2020-07-13,"20-29","WI",8,0
2020-07-13,"30-39","WI",8,0
2020-07-13,"40-49","WI",25,0
2020-07-13,"50-59","WI",60,0
2020-07-13,"60-69","WI",140,0
2020-07-13,"70-79","WI",211,0
2020-07-13,"80-89","WI",203,0
2020-07-13,"90+","WI",165,0
2020-07-14,"0-9","WI",0,0
2020-07-14,"10-19","WI",0,0
2020-07-14,"20-29","WI",8,0
2020-07-14,"30-39","WI",9,1
2020-07-14,"40-49","WI",25,0
2020-07-14,"50-59","WI",61,1
2020-07-14,"60-69","WI",143,3
2020-07-14,"70-79","WI",211,0
2020-07-14,"80-89","WI",204,1
2020-07-14,"90+","WI",165,0
2020-07-15,"0-9","WI",0,0
2020-07-15,"10-19","WI",0,0
2020-07-15,"20-29","WI",8,0
2020-07-15,"30-39","WI",9,0
2020-07-15,"40-49","WI",25,0
2020-07-15,"50-59","WI",61,0
2020-07-15,"60-69","WI",143,0
2020-07-15,"70-79","WI",211,0
2020-07-15,"80-89","WI",204,0
2020-07-15,"90+","WI",166,1
2020-07-16,"0-9","WI",0,0
2020-07-16,"10-19","WI",0,0
2020-07-16,"20-29","WI",8,0
2020-07-16,"30-39","WI",9,0
2020-07-16,"40-49","WI",26,1
2020-07-16,"50-59","WI",61,0
2020-07-16,"60-69","WI",143,0
2020-07-16,"70-79","WI",212,1
2020-07-16,"80-89","WI",206,2
2020-07-16,"90+","WI",166,0
2020-07-17,"0-9","WI",0,0
2020-07-17,"10-19","WI",0,0
2020-07-17,"20-29","WI",8,0
2020-07-17,"30-39","WI",9,0
2020-07-17,"40-49","WI",26,0
2020-07-17,"50-59","WI",61,0
2020-07-17,"60-69","WI",143,0
2020-07-17,"70-79","WI",212,0
2020-07-17,"80-89","WI",208,2
2020-07-17,"90+","WI",166,0
2020-07-18,"0-9","WI",0,0
2020-07-18,"10-19","WI",0,0
2020-07-18,"20-29","WI",8,0
2020-07-18,"30-39","WI",9,0
2020-07-18,"40-49","WI",28,2
2020-07-18,"50-59","WI",62,1
2020-07-18,"60-69","WI",144,1
2020-07-18,"70-79","WI",214,2
2020-07-18,"80-89","WI",208,0
2020-07-18,"90+","WI",170,4
2020-07-19,"0-9","WI",0,0
2020-07-19,"10-19","WI",0,0
2020-07-19,"20-29","WI",8,0
2020-07-19,"30-39","WI",9,0
2020-07-19,"40-49","WI",28,0
2020-07-19,"50-59","WI",62,0
2020-07-19,"60-69","WI",144,0
2020-07-19,"70-79","WI",215,1
2020-07-19,"80-89","WI",208,0
2020-07-19,"90+","WI",170,0
2020-07-20,"0-9","WI",0,0
2020-07-20,"10-19","WI",0,0
2020-07-20,"20-29","WI",8,0
2020-07-20,"30-39","WI",9,0
2020-07-20,"40-49","WI",29,1
2020-07-20,"50-59","WI",62,0
2020-07-20,"60-69","WI",144,0
2020-07-20,"70-79","WI",216,1
2020-07-20,"80-89","WI",208,0
2020-07-20,"90+","WI",170,0
2020-07-21,"0-9","WI",0,0
2020-07-21,"10-19","WI",0,0
2020-07-21,"20-29","WI",8,0
2020-07-21,"30-39","WI",9,0
2020-07-21,"40-49","WI",29,0
2020-07-21,"50-59","WI",64,2
2020-07-21,"60-69","WI",145,1
2020-07-21,"70-79","WI",218,2
2020-07-21,"80-89","WI",214,6
2020-07-21,"90+","WI",171,1
2020-07-22,"0-9","WI",0,0
2020-07-22,"10-19","WI",0,0
2020-07-22,"20-29","WI",8,0
2020-07-22,"30-39","WI",9,0
2020-07-22,"40-49","WI",29,0
2020-07-22,"50-59","WI",64,0
2020-07-22,"60-69","WI",146,1
2020-07-22,"70-79","WI",222,4
2020-07-22,"80-89","WI",215,1
2020-07-22,"90+","WI",172,1
2020-07-23,"0-9","WI",0,0
2020-07-23,"10-19","WI",0,0
2020-07-23,"20-29","WI",8,0
2020-07-23,"30-39","WI",9,0
2020-07-23,"40-49","WI",30,1
2020-07-23,"50-59","WI",65,1
2020-07-23,"60-69","WI",146,0
2020-07-23,"70-79","WI",222,0
2020-07-23,"80-89","WI",222,7
2020-07-23,"90+","WI",172,0
2020-07-24,"0-9","WI",0,0
2020-07-24,"10-19","WI",0,0
2020-07-24,"20-29","WI",8,0
2020-07-24,"30-39","WI",9,0
2020-07-24,"40-49","WI",30,0
2020-07-24,"50-59","WI",67,2
2020-07-24,"60-69","WI",146,0
2020-07-24,"70-79","WI",222,0
2020-07-24,"80-89","WI",223,1
2020-07-24,"90+","WI",172,0
2020-07-25,"0-9","WI",0,0
2020-07-25,"10-19","WI",0,0
2020-07-25,"20-29","WI",8,0
2020-07-25,"30-39","WI",9,0
2020-07-25,"40-49","WI",31,1
2020-07-25,"50-59","WI",67,0
2020-07-25,"60-69","WI",151,5
2020-07-25,"70-79","WI",226,4
2020-07-25,"80-89","WI",226,3
2020-07-25,"90+","WI",172,0
2020-07-26,"0-9","WI",0,0
2020-07-26,"10-19","WI",0,0
2020-07-26,"20-29","WI",8,0
2020-07-26,"30-39","WI",9,0
2020-07-26,"40-49","WI",31,0
2020-07-26,"50-59","WI",67,0
2020-07-26,"60-69","WI",151,0
2020-07-26,"70-79","WI",227,1
2020-07-26,"80-89","WI",226,0
2020-07-26,"90+","WI",172,0
2020-07-27,"0-9","WI",0,0
2020-07-27,"10-19","WI",0,0
2020-07-27,"20-29","WI",8,0
2020-07-27,"30-39","WI",9,0
2020-07-27,"40-49","WI",31,0
2020-07-27,"50-59","WI",67,0
2020-07-27,"60-69","WI",151,0
2020-07-27,"70-79","WI",228,1
2020-07-27,"80-89","WI",226,0
2020-07-27,"90+","WI",172,0
2020-07-28,"0-9","WI",0,0
2020-07-28,"10-19","WI",0,0
2020-07-28,"20-29","WI",8,0
2020-07-28,"30-39","WI",9,0
2020-07-28,"40-49","WI",31,0
2020-07-28,"50-59","WI",68,1
2020-07-28,"60-69","WI",151,0
2020-07-28,"70-79","WI",233,5
2020-07-28,"80-89","WI",230,4
2020-07-28,"90+","WI",175,3
2020-07-29,"0-9","WI",0,0
2020-07-29,"10-19","WI",0,0
2020-07-29,"20-29","WI",8,0
2020-07-29,"30-39","WI",9,0
2020-07-29,"40-49","WI",31,0
2020-07-29,"50-59","WI",69,1
2020-07-29,"60-69","WI",151,0
2020-07-29,"70-79","WI",234,1
2020-07-29,"80-89","WI",234,4
2020-07-29,"90+","WI",175,0
2020-07-30,"0-9","WI",0,0
2020-07-30,"10-19","WI",0,0
2020-07-30,"20-29","WI",8,0
2020-07-30,"30-39","WI",10,1
2020-07-30,"40-49","WI",31,0
2020-07-30,"50-59","WI",69,0
2020-07-30,"60-69","WI",152,1
2020-07-30,"70-79","WI",236,2
2020-07-30,"80-89","WI",237,3
2020-07-30,"90+","WI",176,1
2020-07-31,"0-9","WI",0,0
2020-07-31,"10-19","WI",0,0
2020-07-31,"20-29","WI",8,0
2020-07-31,"30-39","WI",10,0
2020-07-31,"40-49","WI",31,0
2020-07-31,"50-59","WI",69,0
2020-07-31,"60-69","WI",155,3
2020-07-31,"70-79","WI",239,3
2020-07-31,"80-89","WI",244,7
2020-07-31,"90+","WI",177,1
2020-08-01,"0-9","WI",0,0
2020-08-01,"10-19","WI",0,0
2020-08-01,"20-29","WI",8,0
2020-08-01,"30-39","WI",10,0
2020-08-01,"40-49","WI",31,0
2020-08-01,"50-59","WI",70,1
2020-08-01,"60-69","WI",158,3
2020-08-01,"70-79","WI",245,6
2020-08-01,"80-89","WI",245,1
2020-08-01,"90+","WI",180,3
2020-08-02,"0-9","WI",0,0
2020-08-02,"10-19","WI",0,0
2020-08-02,"20-29","WI",8,0
2020-08-02,"30-39","WI",10,0
2020-08-02,"40-49","WI",31,0
2020-08-02,"50-59","WI",70,0
2020-08-02,"60-69","WI",158,0
2020-08-02,"70-79","WI",245,0
2020-08-02,"80-89","WI",246,1
2020-08-02,"90+","WI",180,0
2020-08-03,"0-9","WI",0,0
2020-08-03,"10-19","WI",0,0
2020-08-03,"20-29","WI",8,0
2020-08-03,"30-39","WI",10,0
2020-08-03,"40-49","WI",31,0
2020-08-03,"50-59","WI",70,0
2020-08-03,"60-69","WI",158,0
2020-08-03,"70-79","WI",245,0
2020-08-03,"80-89","WI",247,1
2020-08-03,"90+","WI",180,0
2020-08-04,"0-9","WI",0,0
2020-08-04,"10-19","WI",0,0
2020-08-04,"20-29","WI",8,0
2020-08-04,"30-39","WI",10,0
2020-08-04,"40-49","WI",32,1
2020-08-04,"50-59","WI",70,0
2020-08-04,"60-69","WI",160,2
2020-08-04,"70-79","WI",248,3
2020-08-04,"80-89","WI",250,3
2020-08-04,"90+","WI",183,3
2020-08-05,"0-9","WI",0,0
2020-08-05,"10-19","WI",0,0
2020-08-05,"20-29","WI",8,0
2020-08-05,"30-39","WI",10,0
2020-08-05,"40-49","WI",32,0
2020-08-05,"50-59","WI",70,0
2020-08-05,"60-69","WI",164,4
2020-08-05,"70-79","WI",250,2
2020-08-05,"80-89","WI",252,2
2020-08-05,"90+","WI",184,1
2020-08-06,"0-9","WI",0,0
2020-08-06,"10-19","WI",0,0
2020-08-06,"20-29","WI",8,0
2020-08-06,"30-39","WI",10,0
2020-08-06,"40-49","WI",32,0
2020-08-06,"50-59","WI",70,0
2020-08-06,"60-69","WI",166,2
2020-08-06,"70-79","WI",252,2
2020-08-06,"80-89","WI",253,1
2020-08-06,"90+","WI",187,3
2020-08-07,"0-9","WI",0,0
2020-08-07,"10-19","WI",0,0
2020-08-07,"20-29","WI",8,0
2020-08-07,"30-39","WI",10,0
2020-08-07,"40-49","WI",32,0
2020-08-07,"50-59","WI",70,0
2020-08-07,"60-69","WI",166,0
2020-08-07,"70-79","WI",258,6
2020-08-07,"80-89","WI",257,4
2020-08-07,"90+","WI",188,1
2020-08-08,"0-9","WI",0,0
2020-08-08,"10-19","WI",0,0
2020-08-08,"20-29","WI",8,0
2020-08-08,"30-39","WI",10,0
2020-08-08,"40-49","WI",32,0
2020-08-08,"50-59","WI",70,0
2020-08-08,"60-69","WI",166,0
2020-08-08,"70-79","WI",259,1
2020-08-08,"80-89","WI",261,4
2020-08-08,"90+","WI",188,0
2020-08-09,"0-9","WI",0,0
2020-08-09,"10-19","WI",0,0
2020-08-09,"20-29","WI",8,0
2020-08-09,"30-39","WI",10,0
2020-08-09,"40-49","WI",32,0
2020-08-09,"50-59","WI",70,0
2020-08-09,"60-69","WI",166,0
2020-08-09,"70-79","WI",259,0
2020-08-09,"80-89","WI",262,1
2020-08-09,"90+","WI",188,0
2020-08-10,"0-9","WI",0,0
2020-08-10,"10-19","WI",0,0
2020-08-10,"20-29","WI",8,0
2020-08-10,"30-39","WI",10,0
2020-08-10,"40-49","WI",32,0
2020-08-10,"50-59","WI",70,0
2020-08-10,"60-69","WI",166,0
2020-08-10,"70-79","WI",259,0
2020-08-10,"80-89","WI",263,1
2020-08-10,"90+","WI",188,0
2020-08-11,"0-9","WI",0,0
2020-08-11,"10-19","WI",0,0
2020-08-11,"20-29","WI",8,0
2020-08-11,"30-39","WI",10,0
2020-08-11,"40-49","WI",32,0
2020-08-11,"50-59","WI",71,1
2020-08-11,"60-69","WI",166,0
2020-08-11,"70-79","WI",261,2
2020-08-11,"80-89","WI",268,5
2020-08-11,"90+","WI",190,2
2020-08-12,"0-9","WI",0,0
2020-08-12,"10-19","WI",0,0
2020-08-12,"20-29","WI",8,0
2020-08-12,"30-39","WI",10,0
2020-08-12,"40-49","WI",32,0
2020-08-12,"50-59","WI",71,0
2020-08-12,"60-69","WI",167,1
2020-08-12,"70-79","WI",263,2
2020-08-12,"80-89","WI",269,1
2020-08-12,"90+","WI",191,1
2020-08-13,"0-9","WI",0,0
2020-08-13,"10-19","WI",0,0
2020-08-13,"20-29","WI",8,0
2020-08-13,"30-39","WI",10,0
2020-08-13,"40-49","WI",32,0
2020-08-13,"50-59","WI",71,0
2020-08-13,"60-69","WI",167,0
2020-08-13,"70-79","WI",267,4
2020-08-13,"80-89","WI",272,3
2020-08-13,"90+","WI",191,0
2020-08-14,"0-9","WI",0,0
2020-08-14,"10-19","WI",0,0
2020-08-14,"20-29","WI",8,0
2020-08-14,"30-39","WI",10,0
2020-08-14,"40-49","WI",32,0
2020-08-14,"50-59","WI",71,0
2020-08-14,"60-69","WI",167,0
2020-08-14,"70-79","WI",269,2
2020-08-14,"80-89","WI",276,4
2020-08-14,"90+","WI",192,1
2020-08-15,"0-9","WI",0,0
2020-08-15,"10-19","WI",0,0
2020-08-15,"20-29","WI",8,0
2020-08-15,"30-39","WI",10,0
2020-08-15,"40-49","WI",32,0
2020-08-15,"50-59","WI",72,1
2020-08-15,"60-69","WI",167,0
2020-08-15,"70-79","WI",274,5
2020-08-15,"80-89","WI",279,3
2020-08-15,"90+","WI",196,4
2020-08-16,"0-9","WI",0,0
2020-08-16,"10-19","WI",0,0
2020-08-16,"20-29","WI",8,0
2020-08-16,"30-39","WI",10,0
2020-08-16,"40-49","WI",32,0
2020-08-16,"50-59","WI",72,0
2020-08-16,"60-69","WI",168,1
2020-08-16,"70-79","WI",274,0
2020-08-16,"80-89","WI",279,0
2020-08-16,"90+","WI",196,0
2020-08-17,"0-9","WI",0,0
2020-08-17,"10-19","WI",0,0
2020-08-17,"20-29","WI",8,0
2020-08-17,"30-39","WI",10,0
2020-08-17,"40-49","WI",32,0
2020-08-17,"50-59","WI",72,0
2020-08-17,"60-69","WI",168,0
2020-08-17,"70-79","WI",274,0
2020-08-17,"80-89","WI",279,0
2020-08-17,"90+","WI",196,0
2020-08-18,"0-9","WI",0,0
2020-08-18,"10-19","WI",0,0
2020-08-18,"20-29","WI",8,0
2020-08-18,"30-39","WI",12,2
2020-08-18,"40-49","WI",32,0
2020-08-18,"50-59","WI",73,1
2020-08-18,"60-69","WI",168,0
2020-08-18,"70-79","WI",277,3
2020-08-18,"80-89","WI",284,5
2020-08-18,"90+","WI",198,2
2020-08-19,"0-9","WI",0,0
2020-08-19,"10-19","WI",0,0
2020-08-19,"20-29","WI",8,0
2020-08-19,"30-39","WI",12,0
2020-08-19,"40-49","WI",32,0
2020-08-19,"50-59","WI",75,2
2020-08-19,"60-69","WI",168,0
2020-08-19,"70-79","WI",278,1
2020-08-19,"80-89","WI",289,5
2020-08-19,"90+","WI",198,0
2020-08-20,"0-9","WI",0,0
2020-08-20,"10-19","WI",0,0
2020-08-20,"20-29","WI",8,0
2020-08-20,"30-39","WI",12,0
2020-08-20,"40-49","WI",33,1
2020-08-20,"50-59","WI",75,0
2020-08-20,"60-69","WI",169,1
2020-08-20,"70-79","WI",279,1
2020-08-20,"80-89","WI",293,4
2020-08-20,"90+","WI",198,0
2020-08-21,"0-9","WI",0,0
2020-08-21,"10-19","WI",0,0
2020-08-21,"20-29","WI",8,0
2020-08-21,"30-39","WI",12,0
2020-08-21,"40-49","WI",33,0
2020-08-21,"50-59","WI",75,0
2020-08-21,"60-69","WI",169,0
2020-08-21,"70-79","WI",280,1
2020-08-21,"80-89","WI",293,0
2020-08-21,"90+","WI",198,0
2020-08-22,"0-9","WI",0,0
2020-08-22,"10-19","WI",0,0
2020-08-22,"20-29","WI",8,0
2020-08-22,"30-39","WI",12,0
2020-08-22,"40-49","WI",33,0
2020-08-22,"50-59","WI",76,1
2020-08-22,"60-69","WI",172,3
2020-08-22,"70-79","WI",282,2
2020-08-22,"80-89","WI",299,6
2020-08-22,"90+","WI",199,1
2020-08-23,"0-9","WI",0,0
2020-08-23,"10-19","WI",0,0
2020-08-23,"20-29","WI",8,0
2020-08-23,"30-39","WI",12,0
2020-08-23,"40-49","WI",33,0
2020-08-23,"50-59","WI",76,0
2020-08-23,"60-69","WI",172,0
2020-08-23,"70-79","WI",282,0
2020-08-23,"80-89","WI",299,0
2020-08-23,"90+","WI",199,0
2020-08-24,"0-9","WI",0,0
2020-08-24,"10-19","WI",0,0
2020-08-24,"20-29","WI",8,0
2020-08-24,"30-39","WI",12,0
2020-08-24,"40-49","WI",33,0
2020-08-24,"50-59","WI",76,0
2020-08-24,"60-69","WI",172,0
2020-08-24,"70-79","WI",282,0
2020-08-24,"80-89","WI",299,0
2020-08-24,"90+","WI",199,0
2020-08-25,"0-9","WI",0,0
2020-08-25,"10-19","WI",0,0
2020-08-25,"20-29","WI",8,0
2020-08-25,"30-39","WI",12,0
2020-08-25,"40-49","WI",33,0
2020-08-25,"50-59","WI",76,0
2020-08-25,"60-69","WI",175,3
2020-08-25,"70-79","WI",284,2
2020-08-25,"80-89","WI",305,6
2020-08-25,"90+","WI",201,2
2020-08-26,"0-9","WI",0,0
2020-08-26,"10-19","WI",0,0
2020-08-26,"20-29","WI",8,0
2020-08-26,"30-39","WI",12,0
2020-08-26,"40-49","WI",33,0
2020-08-26,"50-59","WI",79,3
2020-08-26,"60-69","WI",177,2
2020-08-26,"70-79","WI",284,0
2020-08-26,"80-89","WI",305,0
2020-08-26,"90+","WI",202,1
2020-08-27,"0-9","WI",0,0
2020-08-27,"10-19","WI",0,0
2020-08-27,"20-29","WI",8,0
2020-08-27,"30-39","WI",12,0
2020-08-27,"40-49","WI",33,0
2020-08-27,"50-59","WI",79,0
2020-08-27,"60-69","WI",178,1
2020-08-27,"70-79","WI",286,2
2020-08-27,"80-89","WI",310,5
2020-08-27,"90+","WI",205,3
2020-08-28,"0-9","WI",0,0
2020-08-28,"10-19","WI",0,0
2020-08-28,"20-29","WI",8,0
2020-08-28,"30-39","WI",12,0
2020-08-28,"40-49","WI",33,0
2020-08-28,"50-59","WI",79,0
2020-08-28,"60-69","WI",179,1
2020-08-28,"70-79","WI",286,0
2020-08-28,"80-89","WI",311,1
2020-08-28,"90+","WI",205,0
2020-08-29,"0-9","WI",0,0
2020-08-29,"10-19","WI",0,0
2020-08-29,"20-29","WI",8,0
2020-08-29,"30-39","WI",12,0
2020-08-29,"40-49","WI",33,0
2020-08-29,"50-59","WI",80,1
2020-08-29,"60-69","WI",181,2
2020-08-29,"70-79","WI",286,0
2020-08-29,"80-89","WI",314,3
2020-08-29,"90+","WI",205,0
2020-08-30,"0-9","WI",0,0
2020-08-30,"10-19","WI",0,0
2020-08-30,"20-29","WI",8,0
2020-08-30,"30-39","WI",12,0
2020-08-30,"40-49","WI",33,0
2020-08-30,"50-59","WI",80,0
2020-08-30,"60-69","WI",182,1
2020-08-30,"70-79","WI",287,1
2020-08-30,"80-89","WI",314,0
2020-08-30,"90+","WI",205,0
2020-08-31,"0-9","WI",0,0
2020-08-31,"10-19","WI",0,0
2020-08-31,"20-29","WI",8,0
2020-08-31,"30-39","WI",12,0
2020-08-31,"40-49","WI",33,0
2020-08-31,"50-59","WI",80,0
2020-08-31,"60-69","WI",182,0
2020-08-31,"70-79","WI",287,0
2020-08-31,"80-89","WI",314,0
2020-08-31,"90+","WI",205,0
2020-09-01,"0-9","WI",0,0
2020-09-01,"10-19","WI",0,0
2020-09-01,"20-29","WI",8,0
2020-09-01,"30-39","WI",12,0
2020-09-01,"40-49","WI",33,0
2020-09-01,"50-59","WI",80,0
2020-09-01,"60-69","WI",184,2
2020-09-01,"70-79","WI",291,4
2020-09-01,"80-89","WI",317,3
2020-09-01,"90+","WI",205,0
2020-09-02,"0-9","WI",0,0
2020-09-02,"10-19","WI",0,0
2020-09-02,"20-29","WI",8,0
2020-09-02,"30-39","WI",13,1
2020-09-02,"40-49","WI",33,0
2020-09-02,"50-59","WI",81,1
2020-09-02,"60-69","WI",187,3
2020-09-02,"70-79","WI",293,2
2020-09-02,"80-89","WI",320,3
2020-09-02,"90+","WI",207,2
2020-09-03,"0-9","WI",0,0
2020-09-03,"10-19","WI",0,0
2020-09-03,"20-29","WI",8,0
2020-09-03,"30-39","WI",13,0
2020-09-03,"40-49","WI",33,0
2020-09-03,"50-59","WI",82,1
2020-09-03,"60-69","WI",187,0
2020-09-03,"70-79","WI",293,0
2020-09-03,"80-89","WI",322,2
2020-09-03,"90+","WI",208,1
2020-09-04,"0-9","WI",0,0
2020-09-04,"10-19","WI",0,0
2020-09-04,"20-29","WI",8,0
2020-09-04,"30-39","WI",14,1
2020-09-04,"40-49","WI",33,0
2020-09-04,"50-59","WI",82,0
2020-09-04,"60-69","WI",187,0
2020-09-04,"70-79","WI",296,3
2020-09-04,"80-89","WI",324,2
2020-09-04,"90+","WI",209,1
2020-09-05,"0-9","WI",0,0
2020-09-05,"10-19","WI",0,0
2020-09-05,"20-29","WI",8,0
2020-09-05,"30-39","WI",15,1
2020-09-05,"40-49","WI",33,0
2020-09-05,"50-59","WI",82,0
2020-09-05,"60-69","WI",191,4
2020-09-05,"70-79","WI",300,4
2020-09-05,"80-89","WI",328,4
2020-09-05,"90+","WI",211,2
2020-09-06,"0-9","WI",0,0
2020-09-06,"10-19","WI",0,0
2020-09-06,"20-29","WI",8,0
2020-09-06,"30-39","WI",15,0
2020-09-06,"40-49","WI",33,0
2020-09-06,"50-59","WI",82,0
2020-09-06,"60-69","WI",191,0
2020-09-06,"70-79","WI",300,0
2020-09-06,"80-89","WI",328,0
2020-09-06,"90+","WI",211,0
2020-09-07,"0-9","WI",0,0
2020-09-07,"10-19","WI",0,0
2020-09-07,"20-29","WI",8,0
2020-09-07,"30-39","WI",15,0
2020-09-07,"40-49","WI",33,0
2020-09-07,"50-59","WI",82,0
2020-09-07,"60-69","WI",191,0
2020-09-07,"70-79","WI",300,0
2020-09-07,"80-89","WI",328,0
2020-09-07,"90+","WI",211,0
2020-09-08,"0-9","WI",0,0
2020-09-08,"10-19","WI",0,0
2020-09-08,"20-29","WI",8,0
2020-09-08,"30-39","WI",15,0
2020-09-08,"40-49","WI",33,0
2020-09-08,"50-59","WI",82,0
2020-09-08,"60-69","WI",191,0
2020-09-08,"70-79","WI",300,0
2020-09-08,"80-89","WI",328,0
2020-09-08,"90+","WI",211,0
2020-09-09,"0-9","WI",0,0
2020-09-09,"10-19","WI",0,0
2020-09-09,"20-29","WI",8,0
2020-09-09,"30-39","WI",15,0
2020-09-09,"40-49","WI",34,1
2020-09-09,"50-59","WI",83,1
2020-09-09,"60-69","WI",192,1
2020-09-09,"70-79","WI",303,3
2020-09-09,"80-89","WI",335,7
2020-09-09,"90+","WI",213,2
2020-09-10,"0-9","WI",0,0
2020-09-10,"10-19","WI",0,0
2020-09-10,"20-29","WI",9,1
2020-09-10,"30-39","WI",15,0
2020-09-10,"40-49","WI",34,0
2020-09-10,"50-59","WI",83,0
2020-09-10,"60-69","WI",195,3
2020-09-10,"70-79","WI",305,2
2020-09-10,"80-89","WI",338,3
2020-09-10,"90+","WI",214,1
2020-09-11,"0-9","WI",0,0
2020-09-11,"10-19","WI",0,0
2020-09-11,"20-29","WI",9,0
2020-09-11,"30-39","WI",15,0
2020-09-11,"40-49","WI",35,1
2020-09-11,"50-59","WI",83,0
2020-09-11,"60-69","WI",197,2
2020-09-11,"70-79","WI",306,1
2020-09-11,"80-89","WI",338,0
2020-09-11,"90+","WI",214,0
2020-09-12,"0-9","WI",0,0
2020-09-12,"10-19","WI",0,0
2020-09-12,"20-29","WI",9,0
2020-09-12,"30-39","WI",15,0
2020-09-12,"40-49","WI",35,0
2020-09-12,"50-59","WI",84,1
2020-09-12,"60-69","WI",199,2
2020-09-12,"70-79","WI",309,3
2020-09-12,"80-89","WI",343,5
2020-09-12,"90+","WI",215,1
2020-09-13,"0-9","WI",0,0
2020-09-13,"10-19","WI",0,0
2020-09-13,"20-29","WI",9,0
2020-09-13,"30-39","WI",15,0
2020-09-13,"40-49","WI",35,0
2020-09-13,"50-59","WI",84,0
2020-09-13,"60-69","WI",199,0
2020-09-13,"70-79","WI",309,0
2020-09-13,"80-89","WI",344,1
2020-09-13,"90+","WI",215,0
2020-09-14,"0-9","WI",0,0
2020-09-14,"10-19","WI",0,0
2020-09-14,"20-29","WI",9,0
2020-09-14,"30-39","WI",15,0
2020-09-14,"40-49","WI",35,0
2020-09-14,"50-59","WI",84,0
2020-09-14,"60-69","WI",199,0
2020-09-14,"70-79","WI",309,0
2020-09-14,"80-89","WI",344,0
2020-09-14,"90+","WI",215,0
2020-09-15,"0-9","WI",0,0
2020-09-15,"10-19","WI",0,0
2020-09-15,"20-29","WI",9,0
2020-09-15,"30-39","WI",15,0
2020-09-15,"40-49","WI",36,1
2020-09-15,"50-59","WI",84,0
2020-09-15,"60-69","WI",204,5
2020-09-15,"70-79","WI",311,2
2020-09-15,"80-89","WI",346,2
2020-09-15,"90+","WI",215,0
2020-09-16,"0-9","WI",0,0
2020-09-16,"10-19","WI",0,0
2020-09-16,"20-29","WI",9,0
2020-09-16,"30-39","WI",15,0
2020-09-16,"40-49","WI",36,0
2020-09-16,"50-59","WI",84,0
2020-09-16,"60-69","WI",204,0
2020-09-16,"70-79","WI",314,3
2020-09-16,"80-89","WI",350,4
2020-09-16,"90+","WI",216,1
2020-09-17,"0-9","WI",0,0
2020-09-17,"10-19","WI",0,0
2020-09-17,"20-29","WI",9,0
2020-09-17,"30-39","WI",15,0
2020-09-17,"40-49","WI",36,0
2020-09-17,"50-59","WI",84,0
2020-09-17,"60-69","WI",204,0
2020-09-17,"70-79","WI",314,0
2020-09-17,"80-89","WI",351,1
2020-09-17,"90+","WI",218,2
2020-09-18,"0-9","WI",0,0
2020-09-18,"10-19","WI",0,0
2020-09-18,"20-29","WI",9,0
2020-09-18,"30-39","WI",16,1
2020-09-18,"40-49","WI",37,1
2020-09-18,"50-59","WI",84,0
2020-09-18,"60-69","WI",204,0
2020-09-18,"70-79","WI",317,3
2020-09-18,"80-89","WI",353,2
2020-09-18,"90+","WI",218,0
2020-09-19,"0-9","WI",0,0
2020-09-19,"10-19","WI",0,0
2020-09-19,"20-29","WI",9,0
2020-09-19,"30-39","WI",16,0
2020-09-19,"40-49","WI",37,0
2020-09-19,"50-59","WI",84,0
2020-09-19,"60-69","WI",204,0
2020-09-19,"70-79","WI",320,3
2020-09-19,"80-89","WI",353,0
2020-09-19,"90+","WI",218,0
2020-09-20,"0-9","WI",0,0
2020-09-20,"10-19","WI",0,0
2020-09-20,"20-29","WI",9,0
2020-09-20,"30-39","WI",16,0
2020-09-20,"40-49","WI",37,0
2020-09-20,"50-59","WI",84,0
2020-09-20,"60-69","WI",204,0
2020-09-20,"70-79","WI",320,0
2020-09-20,"80-89","WI",353,0
2020-09-20,"90+","WI",219,1
2020-09-21,"0-9","WI",0,0
2020-09-21,"10-19","WI",0,0
2020-09-21,"20-29","WI",9,0
2020-09-21,"30-39","WI",16,0
2020-09-21,"40-49","WI",37,0
2020-09-21,"50-59","WI",84,0
2020-09-21,"60-69","WI",204,0
2020-09-21,"70-79","WI",321,1
2020-09-21,"80-89","WI",353,0
2020-09-21,"90+","WI",219,0
2020-09-22,"0-9","WI",0,0
2020-09-22,"10-19","WI",0,0
2020-09-22,"20-29","WI",9,0
2020-09-22,"30-39","WI",16,0
2020-09-22,"40-49","WI",37,0
2020-09-22,"50-59","WI",84,0
2020-09-22,"60-69","WI",205,1
2020-09-22,"70-79","WI",321,0
2020-09-22,"80-89","WI",359,6
2020-09-22,"90+","WI",219,0
2020-09-23,"0-9","WI",0,0
2020-09-23,"10-19","WI",0,0
2020-09-23,"20-29","WI",9,0
2020-09-23,"30-39","WI",17,1
2020-09-23,"40-49","WI",37,0
2020-09-23,"50-59","WI",85,1
2020-09-23,"60-69","WI",209,4
2020-09-23,"70-79","WI",322,1
2020-09-23,"80-89","WI",360,1
2020-09-23,"90+","WI",220,1
2020-09-24,"0-9","WI",0,0
2020-09-24,"10-19","WI",0,0
2020-09-24,"20-29","WI",9,0
2020-09-24,"30-39","WI",17,0
2020-09-24,"40-49","WI",38,1
2020-09-24,"50-59","WI",85,0
2020-09-24,"60-69","WI",210,1
2020-09-24,"70-79","WI",323,1
2020-09-24,"80-89","WI",363,3
2020-09-24,"90+","WI",220,0
2020-09-25,"0-9","WI",0,0
2020-09-25,"10-19","WI",0,0
2020-09-25,"20-29","WI",9,0
2020-09-25,"30-39","WI",17,0
2020-09-25,"40-49","WI",38,0
2020-09-25,"50-59","WI",85,0
2020-09-25,"60-69","WI",210,0
2020-09-25,"70-79","WI",329,6
2020-09-25,"80-89","WI",366,3
2020-09-25,"90+","WI",220,0
2020-09-26,"0-9","WI",0,0
2020-09-26,"10-19","WI",0,0
2020-09-26,"20-29","WI",9,0
2020-09-26,"30-39","WI",17,0
2020-09-26,"40-49","WI",38,0
2020-09-26,"50-59","WI",86,1
2020-09-26,"60-69","WI",212,2
2020-09-26,"70-79","WI",329,0
2020-09-26,"80-89","WI",367,1
2020-09-26,"90+","WI",223,3
2020-09-27,"0-9","WI",0,0
2020-09-27,"10-19","WI",0,0
2020-09-27,"20-29","WI",9,0
2020-09-27,"30-39","WI",17,0
2020-09-27,"40-49","WI",38,0
2020-09-27,"50-59","WI",86,0
2020-09-27,"60-69","WI",212,0
2020-09-27,"70-79","WI",329,0
2020-09-27,"80-89","WI",367,0
2020-09-27,"90+","WI",223,0
2020-09-28,"0-9","WI",0,0
2020-09-28,"10-19","WI",0,0
2020-09-28,"20-29","WI",9,0
2020-09-28,"30-39","WI",17,0
2020-09-28,"40-49","WI",38,0
2020-09-28,"50-59","WI",86,0
2020-09-28,"60-69","WI",213,1
2020-09-28,"70-79","WI",329,0
2020-09-28,"80-89","WI",368,1
2020-09-28,"90+","WI",223,0
2020-09-29,"0-9","WI",0,0
2020-09-29,"10-19","WI",0,0
2020-09-29,"20-29","WI",9,0
2020-09-29,"30-39","WI",17,0
2020-09-29,"40-49","WI",38,0
2020-09-29,"50-59","WI",86,0
2020-09-29,"60-69","WI",214,1
2020-09-29,"70-79","WI",335,6
2020-09-29,"80-89","WI",377,9
2020-09-29,"90+","WI",224,1
2020-09-30,"0-9","WI",0,0
2020-09-30,"10-19","WI",0,0
2020-09-30,"20-29","WI",9,0
2020-09-30,"30-39","WI",17,0
2020-09-30,"40-49","WI",39,1
2020-09-30,"50-59","WI",86,0
2020-09-30,"60-69","WI",220,6
2020-09-30,"70-79","WI",340,5
2020-09-30,"80-89","WI",387,10
2020-09-30,"90+","WI",229,5
2020-10-01,"0-9","WI",0,0
2020-10-01,"10-19","WI",0,0
2020-10-01,"20-29","WI",9,0
2020-10-01,"30-39","WI",17,0
2020-10-01,"40-49","WI",41,2
2020-10-01,"50-59","WI",87,1
2020-10-01,"60-69","WI",223,3
2020-10-01,"70-79","WI",344,4
2020-10-01,"80-89","WI",397,10
2020-10-01,"90+","WI",230,1
2020-10-02,"0-9","WI",0,0
2020-10-02,"10-19","WI",0,0
2020-10-02,"20-29","WI",10,1
2020-10-02,"30-39","WI",17,0
2020-10-02,"40-49","WI",41,0
2020-10-02,"50-59","WI",88,1
2020-10-02,"60-69","WI",224,1
2020-10-02,"70-79","WI",345,1
2020-10-02,"80-89","WI",398,1
2020-10-02,"90+","WI",230,0
2020-10-03,"0-9","WI",0,0
2020-10-03,"10-19","WI",0,0
2020-10-03,"20-29","WI",10,0
2020-10-03,"30-39","WI",17,0
2020-10-03,"40-49","WI",41,0
2020-10-03,"50-59","WI",91,3
2020-10-03,"60-69","WI",228,4
2020-10-03,"70-79","WI",346,1
2020-10-03,"80-89","WI",402,4
2020-10-03,"90+","WI",237,7
2020-10-04,"0-9","WI",0,0
2020-10-04,"10-19","WI",0,0
2020-10-04,"20-29","WI",10,0
2020-10-04,"30-39","WI",17,0
2020-10-04,"40-49","WI",41,0
2020-10-04,"50-59","WI",91,0
2020-10-04,"60-69","WI",229,1
2020-10-04,"70-79","WI",347,1
2020-10-04,"80-89","WI",404,2
2020-10-04,"90+","WI",238,1
2020-10-05,"0-9","WI",0,0
2020-10-05,"10-19","WI",0,0
2020-10-05,"20-29","WI",10,0
2020-10-05,"30-39","WI",17,0
2020-10-05,"40-49","WI",41,0
2020-10-05,"50-59","WI",91,0
2020-10-05,"60-69","WI",229,0
2020-10-05,"70-79","WI",348,1
2020-10-05,"80-89","WI",407,3
2020-10-05,"90+","WI",238,0
2020-10-06,"0-9","WI",0,0
2020-10-06,"10-19","WI",0,0
2020-10-06,"20-29","WI",10,0
2020-10-06,"30-39","WI",17,0
2020-10-06,"40-49","WI",41,0
2020-10-06,"50-59","WI",92,1
2020-10-06,"60-69","WI",231,2
2020-10-06,"70-79","WI",353,5
2020-10-06,"80-89","WI",411,4
2020-10-06,"90+","WI",243,5
2020-10-07,"0-9","WI",0,0
2020-10-07,"10-19","WI",0,0
2020-10-07,"20-29","WI",10,0
2020-10-07,"30-39","WI",17,0
2020-10-07,"40-49","WI",41,0
2020-10-07,"50-59","WI",94,2
2020-10-07,"60-69","WI",234,3
2020-10-07,"70-79","WI",357,4
2020-10-07,"80-89","WI",414,3
2020-10-07,"90+","WI",247,4
2020-10-08,"0-9","WI",0,0
2020-10-08,"10-19","WI",0,0
2020-10-08,"20-29","WI",10,0
2020-10-08,"30-39","WI",17,0
2020-10-08,"40-49","WI",41,0
2020-10-08,"50-59","WI",94,0
2020-10-08,"60-69","WI",236,2
2020-10-08,"70-79","WI",362,5
2020-10-08,"80-89","WI",416,2
2020-10-08,"90+","WI",248,1
2020-10-09,"0-9","WI",0,0
2020-10-09,"10-19","WI",0,0
2020-10-09,"20-29","WI",10,0
2020-10-09,"30-39","WI",17,0
2020-10-09,"40-49","WI",42,1
2020-10-09,"50-59","WI",95,1
2020-10-09,"60-69","WI",240,4
2020-10-09,"70-79","WI",363,1
2020-10-09,"80-89","WI",419,3
2020-10-09,"90+","WI",254,6
2020-10-10,"0-9","WI",0,0
2020-10-10,"10-19","WI",0,0
2020-10-10,"20-29","WI",10,0
2020-10-10,"30-39","WI",17,0
2020-10-10,"40-49","WI",42,0
2020-10-10,"50-59","WI",98,3
2020-10-10,"60-69","WI",243,3
2020-10-10,"70-79","WI",367,4
2020-10-10,"80-89","WI",425,6
2020-10-10,"90+","WI",256,2
2020-10-11,"0-9","WI",0,0
2020-10-11,"10-19","WI",0,0
2020-10-11,"20-29","WI",10,0
2020-10-11,"30-39","WI",17,0
2020-10-11,"40-49","WI",42,0
2020-10-11,"50-59","WI",98,0
2020-10-11,"60-69","WI",243,0
2020-10-11,"70-79","WI",370,3
2020-10-11,"80-89","WI",427,2
2020-10-11,"90+","WI",258,2
2020-10-12,"0-9","WI",0,0
2020-10-12,"10-19","WI",0,0
2020-10-12,"20-29","WI",10,0
2020-10-12,"30-39","WI",17,0
2020-10-12,"40-49","WI",42,0
2020-10-12,"50-59","WI",98,0
2020-10-12,"60-69","WI",244,1
2020-10-12,"70-79","WI",371,1
2020-10-12,"80-89","WI",431,4
2020-10-12,"90+","WI",261,3
2020-10-13,"0-9","WI",0,0
2020-10-13,"10-19","WI",0,0
2020-10-13,"20-29","WI",10,0
2020-10-13,"30-39","WI",17,0
2020-10-13,"40-49","WI",44,2
2020-10-13,"50-59","WI",99,1
2020-10-13,"60-69","WI",248,4
2020-10-13,"70-79","WI",382,11
2020-10-13,"80-89","WI",442,11
2020-10-13,"90+","WI",266,5
2020-10-14,"0-9","WI",0,0
2020-10-14,"10-19","WI",0,0
2020-10-14,"20-29","WI",10,0
2020-10-14,"30-39","WI",17,0
2020-10-14,"40-49","WI",45,1
2020-10-14,"50-59","WI",103,4
2020-10-14,"60-69","WI",253,5
2020-10-14,"70-79","WI",389,7
2020-10-14,"80-89","WI",449,7
2020-10-14,"90+","WI",270,4
2020-10-15,"0-9","WI",0,0
2020-10-15,"10-19","WI",0,0
2020-10-15,"20-29","WI",10,0
2020-10-15,"30-39","WI",17,0
2020-10-15,"40-49","WI",45,0
2020-10-15,"50-59","WI",103,0
2020-10-15,"60-69","WI",253,0
2020-10-15,"70-79","WI",396,7
2020-10-15,"80-89","WI",456,7
2020-10-15,"90+","WI",273,3
2020-10-16,"0-9","WI",0,0
2020-10-16,"10-19","WI",0,0
2020-10-16,"20-29","WI",10,0
2020-10-16,"30-39","WI",17,0
2020-10-16,"40-49","WI",45,0
2020-10-16,"50-59","WI",104,1
2020-10-16,"60-69","WI",257,4
2020-10-16,"70-79","WI",402,6
2020-10-16,"80-89","WI",462,6
2020-10-16,"90+","WI",277,4
2020-10-17,"0-9","WI",0,0
2020-10-17,"10-19","WI",0,0
2020-10-17,"20-29","WI",10,0
2020-10-17,"30-39","WI",17,0
2020-10-17,"40-49","WI",45,0
2020-10-17,"50-59","WI",104,0
2020-10-17,"60-69","WI",257,0
2020-10-17,"70-79","WI",402,0
2020-10-17,"80-89","WI",462,0
2020-10-17,"90+","WI",277,0
2020-10-18,"0-9","WI",0,0
2020-10-18,"10-19","WI",0,0
2020-10-18,"20-29","WI",10,0
2020-10-18,"30-39","WI",17,0
2020-10-18,"40-49","WI",46,1
2020-10-18,"50-59","WI",104,0
2020-10-18,"60-69","WI",257,0
2020-10-18,"70-79","WI",405,3
2020-10-18,"80-89","WI",467,5
2020-10-18,"90+","WI",282,5
2020-10-19,"0-9","WI",0,0
2020-10-19,"10-19","WI",0,0
2020-10-19,"20-29","WI",10,0
2020-10-19,"30-39","WI",17,0
2020-10-19,"40-49","WI",47,1
2020-10-19,"50-59","WI",105,1
2020-10-19,"60-69","WI",258,1
2020-10-19,"70-79","WI",408,3
2020-10-19,"80-89","WI",470,3
2020-10-19,"90+","WI",285,3
2020-10-20,"0-9","WI",0,0
2020-10-20,"10-19","WI",0,0
2020-10-20,"20-29","WI",10,0
2020-10-20,"30-39","WI",17,0
2020-10-20,"40-49","WI",48,1
2020-10-20,"50-59","WI",107,2
2020-10-20,"60-69","WI",263,5
2020-10-20,"70-79","WI",418,10
2020-10-20,"80-89","WI",478,8
2020-10-20,"90+","WI",292,7
2020-10-21,"0-9","WI",0,0
2020-10-21,"10-19","WI",0,0
2020-10-21,"20-29","WI",11,1
2020-10-21,"30-39","WI",18,1
2020-10-21,"40-49","WI",48,0
2020-10-21,"50-59","WI",108,1
2020-10-21,"60-69","WI",269,6
2020-10-21,"70-79","WI",425,7
2020-10-21,"80-89","WI",495,17
2020-10-21,"90+","WI",307,15
2020-10-22,"0-9","WI",0,0
2020-10-22,"10-19","WI",0,0
2020-10-22,"20-29","WI",11,0
2020-10-22,"30-39","WI",18,0
2020-10-22,"40-49","WI",48,0
2020-10-22,"50-59","WI",109,1
2020-10-22,"60-69","WI",269,0
2020-10-22,"70-79","WI",427,2
2020-10-22,"80-89","WI",502,7
2020-10-22,"90+","WI",319,12
2020-10-23,"0-9","WI",0,0
2020-10-23,"10-19","WI",0,0
2020-10-23,"20-29","WI",11,0
2020-10-23,"30-39","WI",18,0
2020-10-23,"40-49","WI",49,1
2020-10-23,"50-59","WI",110,1
2020-10-23,"60-69","WI",273,4
2020-10-23,"70-79","WI",437,10
2020-10-23,"80-89","WI",516,14
2020-10-23,"90+","WI",330,11
2020-10-24,"0-9","WI",0,0
2020-10-24,"10-19","WI",0,0
2020-10-24,"20-29","WI",11,0
2020-10-24,"30-39","WI",18,0
2020-10-24,"40-49","WI",49,0
2020-10-24,"50-59","WI",112,2
2020-10-24,"60-69","WI",273,0
2020-10-24,"70-79","WI",445,8
2020-10-24,"80-89","WI",528,12
2020-10-24,"90+","WI",334,4
2020-10-25,"0-9","WI",0,0
2020-10-25,"10-19","WI",0,0
2020-10-25,"20-29","WI",11,0
2020-10-25,"30-39","WI",18,0
2020-10-25,"40-49","WI",49,0
2020-10-25,"50-59","WI",114,2
2020-10-25,"60-69","WI",273,0
2020-10-25,"70-79","WI",446,1
2020-10-25,"80-89","WI",532,4
2020-10-25,"90+","WI",335,1
2020-10-26,"0-9","WI",0,0
2020-10-26,"10-19","WI",0,0
2020-10-26,"20-29","WI",11,0
2020-10-26,"30-39","WI",18,0
2020-10-26,"40-49","WI",49,0
2020-10-26,"50-59","WI",114,0
2020-10-26,"60-69","WI",274,1
2020-10-26,"70-79","WI",447,1
2020-10-26,"80-89","WI",535,3
2020-10-26,"90+","WI",339,4
2020-10-27,"0-9","WI",0,0
2020-10-27,"10-19","WI",0,0
2020-10-27,"20-29","WI",11,0
2020-10-27,"30-39","WI",18,0
2020-10-27,"40-49","WI",49,0
2020-10-27,"50-59","WI",118,4
2020-10-27,"60-69","WI",282,8
2020-10-27,"70-79","WI",463,16
2020-10-27,"80-89","WI",564,29
2020-10-27,"90+","WI",346,7
2020-10-28,"0-9","WI",0,0
2020-10-28,"10-19","WI",0,0
2020-10-28,"20-29","WI",11,0
2020-10-28,"30-39","WI",19,1
2020-10-28,"40-49","WI",49,0
2020-10-28,"50-59","WI",120,2
2020-10-28,"60-69","WI",283,1
2020-10-28,"70-79","WI",478,15
2020-10-28,"80-89","WI",577,13
2020-10-28,"90+","WI",360,14
2020-10-29,"0-9","WI",0,0
2020-10-29,"10-19","WI",0,0
2020-10-29,"20-29","WI",11,0
2020-10-29,"30-39","WI",19,0
2020-10-29,"40-49","WI",49,0
2020-10-29,"50-59","WI",123,3
2020-10-29,"60-69","WI",287,4
2020-10-29,"70-79","WI",491,13
2020-10-29,"80-89","WI",589,12
2020-10-29,"90+","WI",379,19
2020-10-30,"0-9","WI",0,0
2020-10-30,"10-19","WI",0,0
2020-10-30,"20-29","WI",11,0
2020-10-30,"30-39","WI",19,0
2020-10-30,"40-49","WI",49,0
2020-10-30,"50-59","WI",125,2
2020-10-30,"60-69","WI",289,2
2020-10-30,"70-79","WI",496,5
2020-10-30,"80-89","WI",600,11
2020-10-30,"90+","WI",383,4
2020-10-31,"0-9","WI",0,0
2020-10-31,"10-19","WI",0,0
2020-10-31,"20-29","WI",11,0
2020-10-31,"30-39","WI",19,0
2020-10-31,"40-49","WI",50,1
2020-10-31,"50-59","WI",127,2
2020-10-31,"60-69","WI",297,8
2020-10-31,"70-79","WI",512,16
2020-10-31,"80-89","WI",612,12
2020-10-31,"90+","WI",401,18
2020-11-01,"0-9","WI",0,0
2020-11-01,"10-19","WI",0,0
2020-11-01,"20-29","WI",11,0
2020-11-01,"30-39","WI",19,0
2020-11-01,"40-49","WI",50,0
2020-11-01,"50-59","WI",127,0
2020-11-01,"60-69","WI",299,2
2020-11-01,"70-79","WI",519,7
2020-11-01,"80-89","WI",619,7
2020-11-01,"90+","WI",402,1
2020-11-02,"0-9","WI",0,0
2020-11-02,"10-19","WI",0,0
2020-11-02,"20-29","WI",11,0
2020-11-02,"30-39","WI",19,0
2020-11-02,"40-49","WI",50,0
2020-11-02,"50-59","WI",127,0
2020-11-02,"60-69","WI",301,2
2020-11-02,"70-79","WI",520,1
2020-11-02,"80-89","WI",619,0
2020-11-02,"90+","WI",402,0
2020-11-03,"0-9","WI",0,0
2020-11-03,"10-19","WI",0,0
2020-11-03,"20-29","WI",12,1
2020-11-03,"30-39","WI",19,0
2020-11-03,"40-49","WI",50,0
2020-11-03,"50-59","WI",127,0
2020-11-03,"60-69","WI",310,9
2020-11-03,"70-79","WI",531,11
2020-11-03,"80-89","WI",635,16
2020-11-03,"90+","WI",417,15
2020-11-04,"0-9","WI",0,0
2020-11-04,"10-19","WI",0,0
2020-11-04,"20-29","WI",12,0
2020-11-04,"30-39","WI",20,1
2020-11-04,"40-49","WI",50,0
2020-11-04,"50-59","WI",128,1
2020-11-04,"60-69","WI",318,8
2020-11-04,"70-79","WI",543,12
2020-11-04,"80-89","WI",648,13
2020-11-04,"90+","WI",435,18
2020-11-05,"0-9","WI",0,0
2020-11-05,"10-19","WI",0,0
2020-11-05,"20-29","WI",12,0
2020-11-05,"30-39","WI",20,0
2020-11-05,"40-49","WI",50,0
2020-11-05,"50-59","WI",130,2
2020-11-05,"60-69","WI",322,4
2020-11-05,"70-79","WI",554,11
2020-11-05,"80-89","WI",663,15
2020-11-05,"90+","WI",441,6
2020-11-06,"0-9","WI",0,0
2020-11-06,"10-19","WI",0,0
2020-11-06,"20-29","WI",12,0
2020-11-06,"30-39","WI",21,1
2020-11-06,"40-49","WI",50,0
2020-11-06,"50-59","WI",134,4
2020-11-06,"60-69","WI",329,7
2020-11-06,"70-79","WI",570,16
2020-11-06,"80-89","WI",681,18
2020-11-06,"90+","WI",457,16
2020-11-07,"0-9","WI",0,0
2020-11-07,"10-19","WI",0,0
2020-11-07,"20-29","WI",12,0
2020-11-07,"30-39","WI",21,0
2020-11-07,"40-49","WI",50,0
2020-11-07,"50-59","WI",135,1
2020-11-07,"60-69","WI",331,2
2020-11-07,"70-79","WI",584,14
2020-11-07,"80-89","WI",698,17
2020-11-07,"90+","WI",469,12
2020-11-08,"0-9","WI",0,0
2020-11-08,"10-19","WI",0,0
2020-11-08,"20-29","WI",12,0
2020-11-08,"30-39","WI",23,2
2020-11-08,"40-49","WI",50,0
2020-11-08,"50-59","WI",135,0
2020-11-08,"60-69","WI",332,1
2020-11-08,"70-79","WI",585,1
2020-11-08,"80-89","WI",703,5
2020-11-08,"90+","WI",471,2
2020-11-09,"0-9","WI",0,0
2020-11-09,"10-19","WI",0,0
2020-11-09,"20-29","WI",12,0
2020-11-09,"30-39","WI",23,0
2020-11-09,"40-49","WI",50,0
2020-11-09,"50-59","WI",135,0
2020-11-09,"60-69","WI",336,4
2020-11-09,"70-79","WI",588,3
2020-11-09,"80-89","WI",708,5
2020-11-09,"90+","WI",476,5
2020-11-10,"0-9","WI",0,0
2020-11-10,"10-19","WI",0,0
2020-11-10,"20-29","WI",12,0
2020-11-10,"30-39","WI",24,1
2020-11-10,"40-49","WI",51,1
2020-11-10,"50-59","WI",141,6
2020-11-10,"60-69","WI",342,6
2020-11-10,"70-79","WI",606,18
2020-11-10,"80-89","WI",728,20
2020-11-10,"90+","WI",490,14
2020-11-11,"0-9","WI",0,0
2020-11-11,"10-19","WI",0,0
2020-11-11,"20-29","WI",12,0
2020-11-11,"30-39","WI",24,0
2020-11-11,"40-49","WI",52,1
2020-11-11,"50-59","WI",145,4
2020-11-11,"60-69","WI",348,6
2020-11-11,"70-79","WI",621,15
2020-11-11,"80-89","WI",750,22
2020-11-11,"90+","WI",505,15
2020-11-12,"0-9","WI",0,0
2020-11-12,"10-19","WI",0,0
2020-11-12,"20-29","WI",12,0
2020-11-12,"30-39","WI",24,0
2020-11-12,"40-49","WI",52,0
2020-11-12,"50-59","WI",146,1
2020-11-12,"60-69","WI",355,7
2020-11-12,"70-79","WI",633,12
2020-11-12,"80-89","WI",771,21
2020-11-12,"90+","WI",522,17
2020-11-13,"0-9","WI",0,0
2020-11-13,"10-19","WI",0,0
2020-11-13,"20-29","WI",12,0
2020-11-13,"30-39","WI",24,0
2020-11-13,"40-49","WI",54,2
2020-11-13,"50-59","WI",150,4
2020-11-13,"60-69","WI",363,8
2020-11-13,"70-79","WI",648,15
2020-11-13,"80-89","WI",789,18
2020-11-13,"90+","WI",533,11
2020-11-14,"0-9","WI",0,0
2020-11-14,"10-19","WI",0,0
2020-11-14,"20-29","WI",13,1
2020-11-14,"30-39","WI",24,0
2020-11-14,"40-49","WI",55,1
2020-11-14,"50-59","WI",152,2
2020-11-14,"60-69","WI",371,8
2020-11-14,"70-79","WI",665,17
2020-11-14,"80-89","WI",801,12
2020-11-14,"90+","WI",544,11
2020-11-15,"0-9","WI",0,0
2020-11-15,"10-19","WI",0,0
2020-11-15,"20-29","WI",13,0
2020-11-15,"30-39","WI",24,0
2020-11-15,"40-49","WI",55,0
2020-11-15,"50-59","WI",152,0
2020-11-15,"60-69","WI",373,2
2020-11-15,"70-79","WI",668,3
2020-11-15,"80-89","WI",805,4
2020-11-15,"90+","WI",547,3
2020-11-16,"0-9","WI",0,0
2020-11-16,"10-19","WI",0,0
2020-11-16,"20-29","WI",13,0
2020-11-16,"30-39","WI",24,0
2020-11-16,"40-49","WI",55,0
2020-11-16,"50-59","WI",152,0
2020-11-16,"60-69","WI",376,3
2020-11-16,"70-79","WI",672,4
2020-11-16,"80-89","WI",809,4
2020-11-16,"90+","WI",548,1
2020-11-17,"0-9","WI",0,0
2020-11-17,"10-19","WI",0,0
2020-11-17,"20-29","WI",13,0
2020-11-17,"30-39","WI",25,1
2020-11-17,"40-49","WI",57,2
2020-11-17,"50-59","WI",153,1
2020-11-17,"60-69","WI",385,9
2020-11-17,"70-79","WI",699,27
2020-11-17,"80-89","WI",842,33
2020-11-17,"90+","WI",567,19
2020-11-18,"0-9","WI",0,0
2020-11-18,"10-19","WI",0,0
2020-11-18,"20-29","WI",13,0
2020-11-18,"30-39","WI",25,0
2020-11-18,"40-49","WI",58,1
2020-11-18,"50-59","WI",155,2
2020-11-18,"60-69","WI",393,8
2020-11-18,"70-79","WI",714,15
2020-11-18,"80-89","WI",857,15
2020-11-18,"90+","WI",578,11
2020-11-19,"0-9","WI",0,0
2020-11-19,"10-19","WI",0,0
2020-11-19,"20-29","WI",13,0
2020-11-19,"30-39","WI",26,1
2020-11-19,"40-49","WI",58,0
2020-11-19,"50-59","WI",162,7
2020-11-19,"60-69","WI",401,8
2020-11-19,"70-79","WI",735,21
2020-11-19,"80-89","WI",885,28
2020-11-19,"90+","WI",596,18
2020-11-20,"0-9","WI",0,0
2020-11-20,"10-19","WI",0,0
2020-11-20,"20-29","WI",13,0
2020-11-20,"30-39","WI",26,0
2020-11-20,"40-49","WI",58,0
2020-11-20,"50-59","WI",165,3
2020-11-20,"60-69","WI",411,10
2020-11-20,"70-79","WI",752,17
2020-11-20,"80-89","WI",917,32
2020-11-20,"90+","WI",612,16
2020-11-21,"0-9","WI",0,0
2020-11-21,"10-19","WI",0,0
2020-11-21,"20-29","WI",13,0
2020-11-21,"30-39","WI",26,0
2020-11-21,"40-49","WI",58,0
2020-11-21,"50-59","WI",167,2
2020-11-21,"60-69","WI",417,6
2020-11-21,"70-79","WI",765,13
2020-11-21,"80-89","WI",935,18
2020-11-21,"90+","WI",620,8
2020-11-22,"0-9","WI",0,0
2020-11-22,"10-19","WI",0,0
2020-11-22,"20-29","WI",14,1
2020-11-22,"30-39","WI",26,0
2020-11-22,"40-49","WI",58,0
2020-11-22,"50-59","WI",169,2
2020-11-22,"60-69","WI",417,0
2020-11-22,"70-79","WI",766,1
2020-11-22,"80-89","WI",935,0
2020-11-22,"90+","WI",620,0
2020-11-23,"0-9","WI",0,0
2020-11-23,"10-19","WI",0,0
2020-11-23,"20-29","WI",14,0
2020-11-23,"30-39","WI",26,0
2020-11-23,"40-49","WI",58,0
2020-11-23,"50-59","WI",169,0
2020-11-23,"60-69","WI",417,0
2020-11-23,"70-79","WI",768,2
2020-11-23,"80-89","WI",939,4
2020-11-23,"90+","WI",620,0
2020-11-24,"0-9","WI",0,0
2020-11-24,"10-19","WI",0,0
2020-11-24,"20-29","WI",14,0
2020-11-24,"30-39","WI",26,0
2020-11-24,"40-49","WI",61,3
2020-11-24,"50-59","WI",172,3
2020-11-24,"60-69","WI",425,8
2020-11-24,"70-79","WI",793,25
2020-11-24,"80-89","WI",976,37
2020-11-24,"90+","WI",648,28
2020-11-25,"0-9","WI",0,0
2020-11-25,"10-19","WI",0,0
2020-11-25,"20-29","WI",14,0
2020-11-25,"30-39","WI",27,1
2020-11-25,"40-49","WI",61,0
2020-11-25,"50-59","WI",174,2
2020-11-25,"60-69","WI",434,9
2020-11-25,"70-79","WI",811,18
2020-11-25,"80-89","WI",991,15
2020-11-25,"90+","WI",666,18
2020-11-26,"0-9","WI",0,0
2020-11-26,"10-19","WI",0,0
2020-11-26,"20-29","WI",14,0
2020-11-26,"30-39","WI",27,0
2020-11-26,"40-49","WI",61,0
2020-11-26,"50-59","WI",176,2
2020-11-26,"60-69","WI",444,10
2020-11-26,"70-79","WI",825,14
2020-11-26,"80-89","WI",1013,22
2020-11-26,"90+","WI",680,14
2020-11-27,"0-9","WI",0,0
2020-11-27,"10-19","WI",0,0
2020-11-27,"20-29","WI",14,0
2020-11-27,"30-39","WI",27,0
2020-11-27,"40-49","WI",62,1
2020-11-27,"50-59","WI",177,1
2020-11-27,"60-69","WI",448,4
2020-11-27,"70-79","WI",828,3
2020-11-27,"80-89","WI",1019,6
2020-11-27,"90+","WI",682,2
2020-11-28,"0-9","WI",0,0
2020-11-28,"10-19","WI",0,0
2020-11-28,"20-29","WI",14,0
2020-11-28,"30-39","WI",27,0
2020-11-28,"40-49","WI",63,1
2020-11-28,"50-59","WI",179,2
2020-11-28,"60-69","WI",452,4
2020-11-28,"70-79","WI",830,2
2020-11-28,"80-89","WI",1024,5
2020-11-28,"90+","WI",696,14
2020-11-29,"0-9","WI",0,0
2020-11-29,"10-19","WI",0,0
2020-11-29,"20-29","WI",14,0
2020-11-29,"30-39","WI",27,0
2020-11-29,"40-49","WI",64,1
2020-11-29,"50-59","WI",181,2
2020-11-29,"60-69","WI",453,1
2020-11-29,"70-79","WI",836,6
2020-11-29,"80-89","WI",1034,10
2020-11-29,"90+","WI",698,2
2020-11-30,"0-9","WI",0,0
2020-11-30,"10-19","WI",0,0
2020-11-30,"20-29","WI",14,0
2020-11-30,"30-39","WI",28,1
2020-11-30,"40-49","WI",64,0
2020-11-30,"50-59","WI",181,0
2020-11-30,"60-69","WI",454,1
2020-11-30,"70-79","WI",837,1
2020-11-30,"80-89","WI",1036,2
2020-11-30,"90+","WI",699,1
2020-12-01,"0-9","WI",0,0
2020-12-01,"10-19","WI",0,0
2020-12-01,"20-29","WI",14,0
2020-12-01,"30-39","WI",28,0
2020-12-01,"40-49","WI",65,1
2020-12-01,"50-59","WI",189,8
2020-12-01,"60-69","WI",466,12
2020-12-01,"70-79","WI",861,24
2020-12-01,"80-89","WI",1070,34
2020-12-01,"90+","WI",727,28
2020-12-02,"0-9","WI",0,0
2020-12-02,"10-19","WI",0,0
2020-12-02,"20-29","WI",14,0
2020-12-02,"30-39","WI",28,0
2020-12-02,"40-49","WI",65,0
2020-12-02,"50-59","WI",191,2
2020-12-02,"60-69","WI",472,6
2020-12-02,"70-79","WI",884,23
2020-12-02,"80-89","WI",1095,25
2020-12-02,"90+","WI",753,26
2020-12-03,"0-9","WI",0,0
2020-12-03,"10-19","WI",0,0
2020-12-03,"20-29","WI",14,0
2020-12-03,"30-39","WI",29,1
2020-12-03,"40-49","WI",65,0
2020-12-03,"50-59","WI",195,4
2020-12-03,"60-69","WI",476,4
2020-12-03,"70-79","WI",902,18
2020-12-03,"80-89","WI",1121,26
2020-12-03,"90+","WI",760,7
2020-12-04,"0-9","WI",0,0
2020-12-04,"10-19","WI",0,0
2020-12-04,"20-29","WI",14,0
2020-12-04,"30-39","WI",30,1
2020-12-04,"40-49","WI",67,2
2020-12-04,"50-59","WI",202,7
2020-12-04,"60-69","WI",483,7
2020-12-04,"70-79","WI",917,15
2020-12-04,"80-89","WI",1136,15
2020-12-04,"90+","WI",776,16
2020-12-05,"0-9","WI",0,0
2020-12-05,"10-19","WI",0,0
2020-12-05,"20-29","WI",14,0
2020-12-05,"30-39","WI",30,0
2020-12-05,"40-49","WI",69,2
2020-12-05,"50-59","WI",202,0
2020-12-05,"60-69","WI",495,12
2020-12-05,"70-79","WI",931,14
2020-12-05,"80-89","WI",1168,32
2020-12-05,"90+","WI",793,17
2020-12-06,"0-9","WI",0,0
2020-12-06,"10-19","WI",0,0
2020-12-06,"20-29","WI",14,0
2020-12-06,"30-39","WI",30,0
2020-12-06,"40-49","WI",70,1
2020-12-06,"50-59","WI",202,0
2020-12-06,"60-69","WI",497,2
2020-12-06,"70-79","WI",937,6
2020-12-06,"80-89","WI",1170,2
2020-12-06,"90+","WI",799,6
2020-12-07,"0-9","WI",0,0
2020-12-07,"10-19","WI",0,0
2020-12-07,"20-29","WI",14,0
2020-12-07,"30-39","WI",30,0
2020-12-07,"40-49","WI",71,1
2020-12-07,"50-59","WI",202,0
2020-12-07,"60-69","WI",498,1
2020-12-07,"70-79","WI",942,5
2020-12-07,"80-89","WI",1176,6
2020-12-07,"90+","WI",805,6
2020-12-08,"0-9","WI",0,0
2020-12-08,"10-19","WI",0,0
2020-12-08,"20-29","WI",14,0
2020-12-08,"30-39","WI",30,0
2020-12-08,"40-49","WI",71,0
2020-12-08,"50-59","WI",209,7
2020-12-08,"60-69","WI",503,5
2020-12-08,"70-79","WI",959,17
2020-12-08,"80-89","WI",1198,22
2020-12-08,"90+","WI",822,17
2020-12-09,"0-9","WI",0,0
2020-12-09,"10-19","WI",0,0
2020-12-09,"20-29","WI",14,0
2020-12-09,"30-39","WI",30,0
2020-12-09,"40-49","WI",72,1
2020-12-09,"50-59","WI",213,4
2020-12-09,"60-69","WI",511,8
2020-12-09,"70-79","WI",979,20
2020-12-09,"80-89","WI",1230,32
2020-12-09,"90+","WI",838,16
2020-12-10,"0-9","WI",0,0
2020-12-10,"10-19","WI",0,0
2020-12-10,"20-29","WI",14,0
2020-12-10,"30-39","WI",30,0
2020-12-10,"40-49","WI",73,1
2020-12-10,"50-59","WI",217,4
2020-12-10,"60-69","WI",518,7
2020-12-10,"70-79","WI",993,14
2020-12-10,"80-89","WI",1249,19
2020-12-10,"90+","WI",850,12
2020-12-11,"0-9","WI",0,0
2020-12-11,"10-19","WI",0,0
2020-12-11,"20-29","WI",14,0
2020-12-11,"30-39","WI",30,0
2020-12-11,"40-49","WI",74,1
2020-12-11,"50-59","WI",220,3
2020-12-11,"60-69","WI",520,2
2020-12-11,"70-79","WI",1011,18
2020-12-11,"80-89","WI",1263,14
2020-12-11,"90+","WI",859,9
2020-12-12,"0-9","WI",0,0
2020-12-12,"10-19","WI",0,0
2020-12-12,"20-29","WI",15,1
2020-12-12,"30-39","WI",30,0
2020-12-12,"40-49","WI",74,0
2020-12-12,"50-59","WI",222,2
2020-12-12,"60-69","WI",522,2
2020-12-12,"70-79","WI",1023,12
2020-12-12,"80-89","WI",1280,17
2020-12-12,"90+","WI",875,16
2020-12-13,"0-9","WI",0,0
2020-12-13,"10-19","WI",0,0
2020-12-13,"20-29","WI",15,0
2020-12-13,"30-39","WI",30,0
2020-12-13,"40-49","WI",74,0
2020-12-13,"50-59","WI",222,0
2020-12-13,"60-69","WI",522,0
2020-12-13,"70-79","WI",1027,4
2020-12-13,"80-89","WI",1286,6
2020-12-13,"90+","WI",880,5
2020-12-14,"0-9","WI",0,0
2020-12-14,"10-19","WI",0,0
2020-12-14,"20-29","WI",15,0
2020-12-14,"30-39","WI",30,0
2020-12-14,"40-49","WI",74,0
2020-12-14,"50-59","WI",223,1
2020-12-14,"60-69","WI",525,3
2020-12-14,"70-79","WI",1031,4
2020-12-14,"80-89","WI",1288,2
2020-12-14,"90+","WI",882,2
2020-12-15,"0-9","WI",0,0
2020-12-15,"10-19","WI",1,1
2020-12-15,"20-29","WI",15,0
2020-12-15,"30-39","WI",30,0
2020-12-15,"40-49","WI",75,1
2020-12-15,"50-59","WI",225,2
2020-12-15,"60-69","WI",531,6
2020-12-15,"70-79","WI",1043,12
2020-12-15,"80-89","WI",1307,19
2020-12-15,"90+","WI",895,13
2020-12-16,"0-9","WI",0,0
2020-12-16,"10-19","WI",1,0
2020-12-16,"20-29","WI",15,0
2020-12-16,"30-39","WI",30,0
2020-12-16,"40-49","WI",75,0
2020-12-16,"50-59","WI",228,3
2020-12-16,"60-69","WI",538,7
2020-12-16,"70-79","WI",1059,16
2020-12-16,"80-89","WI",1338,31
2020-12-16,"90+","WI",912,17
2020-12-17,"0-9","WI",0,0
2020-12-17,"10-19","WI",1,0
2020-12-17,"20-29","WI",15,0
2020-12-17,"30-39","WI",30,0
2020-12-17,"40-49","WI",76,1
2020-12-17,"50-59","WI",235,7
2020-12-17,"60-69","WI",543,5
2020-12-17,"70-79","WI",1070,11
2020-12-17,"80-89","WI",1356,18
2020-12-17,"90+","WI",929,17
2020-12-18,"0-9","WI",0,0
2020-12-18,"10-19","WI",1,0
2020-12-18,"20-29","WI",15,0
2020-12-18,"30-39","WI",31,1
2020-12-18,"40-49","WI",76,0
2020-12-18,"50-59","WI",239,4
2020-12-18,"60-69","WI",549,6
2020-12-18,"70-79","WI",1085,15
2020-12-18,"80-89","WI",1372,16
2020-12-18,"90+","WI",947,18
2020-12-19,"0-9","WI",0,0
2020-12-19,"10-19","WI",1,0
2020-12-19,"20-29","WI",15,0
2020-12-19,"30-39","WI",32,1
2020-12-19,"40-49","WI",76,0
2020-12-19,"50-59","WI",242,3
2020-12-19,"60-69","WI",569,20
2020-12-19,"70-79","WI",1109,24
2020-12-19,"80-89","WI",1397,25
2020-12-19,"90+","WI",958,11
2020-12-20,"0-9","WI",0,0
2020-12-20,"10-19","WI",1,0
2020-12-20,"20-29","WI",15,0
2020-12-20,"30-39","WI",32,0
2020-12-20,"40-49","WI",76,0
2020-12-20,"50-59","WI",243,1
2020-12-20,"60-69","WI",571,2
2020-12-20,"70-79","WI",1115,6
2020-12-20,"80-89","WI",1404,7
2020-12-20,"90+","WI",960,2
2020-12-21,"0-9","WI",0,0
2020-12-21,"10-19","WI",1,0
2020-12-21,"20-29","WI",15,0
2020-12-21,"30-39","WI",32,0
2020-12-21,"40-49","WI",77,1
2020-12-21,"50-59","WI",243,0
2020-12-21,"60-69","WI",571,0
2020-12-21,"70-79","WI",1119,4
2020-12-21,"80-89","WI",1404,0
2020-12-21,"90+","WI",963,3
2020-12-22,"0-9","WI",0,0
2020-12-22,"10-19","WI",1,0
2020-12-22,"20-29","WI",15,0
2020-12-22,"30-39","WI",32,0
2020-12-22,"40-49","WI",80,3
2020-12-22,"50-59","WI",250,7
2020-12-22,"60-69","WI",588,17
2020-12-22,"70-79","WI",1150,31
2020-12-22,"80-89","WI",1439,35
2020-12-22,"90+","WI",990,27
2020-12-23,"0-9","WI",0,0
2020-12-23,"10-19","WI",1,0
2020-12-23,"20-29","WI",15,0
2020-12-23,"30-39","WI",33,1
2020-12-23,"40-49","WI",80,0
2020-12-23,"50-59","WI",253,3
2020-12-23,"60-69","WI",604,16
2020-12-23,"70-79","WI",1156,6
2020-12-23,"80-89","WI",1468,29
2020-12-23,"90+","WI",1004,14
2020-12-24,"0-9","WI",0,0
2020-12-24,"10-19","WI",1,0
2020-12-24,"20-29","WI",15,0
2020-12-24,"30-39","WI",33,0
2020-12-24,"40-49","WI",80,0
2020-12-24,"50-59","WI",256,3
2020-12-24,"60-69","WI",615,11
2020-12-24,"70-79","WI",1170,14
2020-12-24,"80-89","WI",1487,19
2020-12-24,"90+","WI",1016,12
2020-12-25,"0-9","WI",0,0
2020-12-25,"10-19","WI",1,0
2020-12-25,"20-29","WI",15,0
2020-12-25,"30-39","WI",34,1
2020-12-25,"40-49","WI",80,0
2020-12-25,"50-59","WI",256,0
2020-12-25,"60-69","WI",617,2
2020-12-25,"70-79","WI",1170,0
2020-12-25,"80-89","WI",1487,0
2020-12-25,"90+","WI",1018,2
2020-12-26,"0-9","WI",0,0
2020-12-26,"10-19","WI",1,0
2020-12-26,"20-29","WI",15,0
2020-12-26,"30-39","WI",34,0
2020-12-26,"40-49","WI",80,0
2020-12-26,"50-59","WI",256,0
2020-12-26,"60-69","WI",617,0
2020-12-26,"70-79","WI",1170,0
2020-12-26,"80-89","WI",1489,2
2020-12-26,"90+","WI",1020,2
2020-12-27,"0-9","WI",0,0
2020-12-27,"10-19","WI",1,0
2020-12-27,"20-29","WI",15,0
2020-12-27,"30-39","WI",34,0
2020-12-27,"40-49","WI",80,0
2020-12-27,"50-59","WI",256,0
2020-12-27,"60-69","WI",617,0
2020-12-27,"70-79","WI",1173,3
2020-12-27,"80-89","WI",1494,5
2020-12-27,"90+","WI",1021,1
2020-12-28,"0-9","WI",0,0
2020-12-28,"10-19","WI",2,1
2020-12-28,"20-29","WI",15,0
2020-12-28,"30-39","WI",34,0
2020-12-28,"40-49","WI",80,0
2020-12-28,"50-59","WI",256,0
2020-12-28,"60-69","WI",618,1
2020-12-28,"70-79","WI",1181,8
2020-12-28,"80-89","WI",1498,4
2020-12-28,"90+","WI",1026,5
2020-12-29,"0-9","WI",0,0
2020-12-29,"10-19","WI",2,0
2020-12-29,"20-29","WI",15,0
2020-12-29,"30-39","WI",34,0
2020-12-29,"40-49","WI",82,2
2020-12-29,"50-59","WI",263,7
2020-12-29,"60-69","WI",630,12
2020-12-29,"70-79","WI",1199,18
2020-12-29,"80-89","WI",1517,19
2020-12-29,"90+","WI",1041,15
2020-12-30,"0-9","WI",0,0
2020-12-30,"10-19","WI",2,0
2020-12-30,"20-29","WI",16,1
2020-12-30,"30-39","WI",35,1
2020-12-30,"40-49","WI",82,0
2020-12-30,"50-59","WI",266,3
2020-12-30,"60-69","WI",635,5
2020-12-30,"70-79","WI",1208,9
2020-12-30,"80-89","WI",1521,4
2020-12-30,"90+","WI",1053,12
2020-12-31,"0-9","WI",0,0
2020-12-31,"10-19","WI",2,0
2020-12-31,"20-29","WI",16,0
2020-12-31,"30-39","WI",37,2
2020-12-31,"40-49","WI",82,0
2020-12-31,"50-59","WI",268,2
2020-12-31,"60-69","WI",640,5
2020-12-31,"70-79","WI",1216,8
2020-12-31,"80-89","WI",1534,13
2020-12-31,"90+","WI",1064,11
2021-01-01,"0-9","WI",0,0
2021-01-01,"10-19","WI",2,0
2021-01-01,"20-29","WI",16,0
2021-01-01,"30-39","WI",37,0
2021-01-01,"40-49","WI",82,0
2021-01-01,"50-59","WI",268,0
2021-01-01,"60-69","WI",641,1
2021-01-01,"70-79","WI",1217,1
2021-01-01,"80-89","WI",1539,5
2021-01-01,"90+","WI",1067,3
2021-01-02,"0-9","WI",0,0
2021-01-02,"10-19","WI",2,0
2021-01-02,"20-29","WI",16,0
2021-01-02,"30-39","WI",37,0
2021-01-02,"40-49","WI",82,0
2021-01-02,"50-59","WI",268,0
2021-01-02,"60-69","WI",641,0
2021-01-02,"70-79","WI",1217,0
2021-01-02,"80-89","WI",1540,1
2021-01-02,"90+","WI",1067,0
2021-01-03,"0-9","WI",0,0
2021-01-03,"10-19","WI",2,0
2021-01-03,"20-29","WI",16,0
2021-01-03,"30-39","WI",37,0
2021-01-03,"40-49","WI",82,0
2021-01-03,"50-59","WI",269,1
2021-01-03,"60-69","WI",642,1
2021-01-03,"70-79","WI",1217,0
2021-01-03,"80-89","WI",1542,2
2021-01-03,"90+","WI",1068,1
2021-01-04,"0-9","WI",0,0
2021-01-04,"10-19","WI",2,0
2021-01-04,"20-29","WI",16,0
2021-01-04,"30-39","WI",37,0
2021-01-04,"40-49","WI",82,0
2021-01-04,"50-59","WI",269,0
2021-01-04,"60-69","WI",642,0
2021-01-04,"70-79","WI",1219,2
2021-01-04,"80-89","WI",1545,3
2021-01-04,"90+","WI",1072,4
2021-01-05,"0-9","WI",0,0
2021-01-05,"10-19","WI",2,0
2021-01-05,"20-29","WI",16,0
2021-01-05,"30-39","WI",37,0
2021-01-05,"40-49","WI",84,2
2021-01-05,"50-59","WI",278,9
2021-01-05,"60-69","WI",655,13
2021-01-05,"70-79","WI",1241,22
2021-01-05,"80-89","WI",1572,27
2021-01-05,"90+","WI",1094,22
2021-01-06,"0-9","WI",0,0
2021-01-06,"10-19","WI",2,0
2021-01-06,"20-29","WI",16,0
2021-01-06,"30-39","WI",37,0
2021-01-06,"40-49","WI",84,0
2021-01-06,"50-59","WI",281,3
2021-01-06,"60-69","WI",659,4
2021-01-06,"70-79","WI",1255,14
2021-01-06,"80-89","WI",1588,16
2021-01-06,"90+","WI",1117,23
2021-01-07,"0-9","WI",0,0
2021-01-07,"10-19","WI",2,0
2021-01-07,"20-29","WI",16,0
2021-01-07,"30-39","WI",37,0
2021-01-07,"40-49","WI",84,0
2021-01-07,"50-59","WI",283,2
2021-01-07,"60-69","WI",665,6
2021-01-07,"70-79","WI",1263,8
2021-01-07,"80-89","WI",1599,11
2021-01-07,"90+","WI",1130,13
2021-01-08,"0-9","WI",0,0
2021-01-08,"10-19","WI",2,0
2021-01-08,"20-29","WI",16,0
2021-01-08,"30-39","WI",37,0
2021-01-08,"40-49","WI",84,0
2021-01-08,"50-59","WI",284,1
2021-01-08,"60-69","WI",673,8
2021-01-08,"70-79","WI",1271,8
2021-01-08,"80-89","WI",1617,18
2021-01-08,"90+","WI",1135,5
2021-01-09,"0-9","WI",0,0
2021-01-09,"10-19","WI",2,0
2021-01-09,"20-29","WI",16,0
2021-01-09,"30-39","WI",37,0
2021-01-09,"40-49","WI",84,0
2021-01-09,"50-59","WI",286,2
2021-01-09,"60-69","WI",677,4
2021-01-09,"70-79","WI",1279,8
2021-01-09,"80-89","WI",1628,11
2021-01-09,"90+","WI",1146,11
2021-01-10,"0-9","WI",0,0
2021-01-10,"10-19","WI",2,0
2021-01-10,"20-29","WI",16,0
2021-01-10,"30-39","WI",37,0
2021-01-10,"40-49","WI",84,0
2021-01-10,"50-59","WI",287,1
2021-01-10,"60-69","WI",677,0
2021-01-10,"70-79","WI",1279,0
2021-01-10,"80-89","WI",1629,1
2021-01-10,"90+","WI",1146,0
2021-01-11,"0-9","WI",0,0
2021-01-11,"10-19","WI",2,0
2021-01-11,"20-29","WI",16,0
2021-01-11,"30-39","WI",37,0
2021-01-11,"40-49","WI",84,0
2021-01-11,"50-59","WI",287,0
2021-01-11,"60-69","WI",677,0
2021-01-11,"70-79","WI",1280,1
2021-01-11,"80-89","WI",1633,4
2021-01-11,"90+","WI",1146,0
2021-01-12,"0-9","WI",0,0
2021-01-12,"10-19","WI",2,0
2021-01-12,"20-29","WI",16,0
2021-01-12,"30-39","WI",38,1
2021-01-12,"40-49","WI",84,0
2021-01-12,"50-59","WI",288,1
2021-01-12,"60-69","WI",680,3
2021-01-12,"70-79","WI",1294,14
2021-01-12,"80-89","WI",1656,23
2021-01-12,"90+","WI",1153,7
2021-01-13,"0-9","WI",0,0
2021-01-13,"10-19","WI",2,0
2021-01-13,"20-29","WI",16,0
2021-01-13,"30-39","WI",38,0
2021-01-13,"40-49","WI",84,0
2021-01-13,"50-59","WI",289,1
2021-01-13,"60-69","WI",686,6
2021-01-13,"70-79","WI",1300,6
2021-01-13,"80-89","WI",1673,17
2021-01-13,"90+","WI",1160,7
2021-01-14,"0-9","WI",0,0
2021-01-14,"10-19","WI",2,0
2021-01-14,"20-29","WI",16,0
2021-01-14,"30-39","WI",38,0
2021-01-14,"40-49","WI",84,0
2021-01-14,"50-59","WI",293,4
2021-01-14,"60-69","WI",695,9
2021-01-14,"70-79","WI",1308,8
2021-01-14,"80-89","WI",1688,15
2021-01-14,"90+","WI",1166,6
2021-01-15,"0-9","WI",0,0
2021-01-15,"10-19","WI",2,0
2021-01-15,"20-29","WI",16,0
2021-01-15,"30-39","WI",38,0
2021-01-15,"40-49","WI",85,1
2021-01-15,"50-59","WI",295,2
2021-01-15,"60-69","WI",697,2
2021-01-15,"70-79","WI",1315,7
2021-01-15,"80-89","WI",1698,10
2021-01-15,"90+","WI",1176,10
2021-01-16,"0-9","WI",0,0
2021-01-16,"10-19","WI",2,0
2021-01-16,"20-29","WI",16,0
2021-01-16,"30-39","WI",38,0
2021-01-16,"40-49","WI",87,2
2021-01-16,"50-59","WI",304,9
2021-01-16,"60-69","WI",712,15
2021-01-16,"70-79","WI",1346,31
2021-01-16,"80-89","WI",1744,46
2021-01-16,"90+","WI",1201,25
2021-01-17,"0-9","WI",0,0
2021-01-17,"10-19","WI",2,0
2021-01-17,"20-29","WI",16,0
2021-01-17,"30-39","WI",38,0
2021-01-17,"40-49","WI",87,0
2021-01-17,"50-59","WI",304,0
2021-01-17,"60-69","WI",713,1
2021-01-17,"70-79","WI",1346,0
2021-01-17,"80-89","WI",1744,0
2021-01-17,"90+","WI",1201,0
2021-01-18,"0-9","WI",0,0
2021-01-18,"10-19","WI",2,0
2021-01-18,"20-29","WI",16,0
2021-01-18,"30-39","WI",38,0
2021-01-18,"40-49","WI",87,0
2021-01-18,"50-59","WI",304,0
2021-01-18,"60-69","WI",715,2
2021-01-18,"70-79","WI",1350,4
2021-01-18,"80-89","WI",1748,4
2021-01-18,"90+","WI",1210,9
2021-01-19,"0-9","WI",0,0
2021-01-19,"10-19","WI",2,0
2021-01-19,"20-29","WI",16,0
2021-01-19,"30-39","WI",38,0
2021-01-19,"40-49","WI",87,0
2021-01-19,"50-59","WI",305,1
2021-01-19,"60-69","WI",719,4
2021-01-19,"70-79","WI",1363,13
2021-01-19,"80-89","WI",1761,13
2021-01-19,"90+","WI",1221,11
2021-01-20,"0-9","WI",0,0
2021-01-20,"10-19","WI",2,0
2021-01-20,"20-29","WI",16,0
2021-01-20,"30-39","WI",38,0
2021-01-20,"40-49","WI",89,2
2021-01-20,"50-59","WI",306,1
2021-01-20,"60-69","WI",728,9
2021-01-20,"70-79","WI",1374,11
2021-01-20,"80-89","WI",1778,17
2021-01-20,"90+","WI",1231,10
2021-01-21,"0-9","WI",0,0
2021-01-21,"10-19","WI",2,0
2021-01-21,"20-29","WI",16,0
2021-01-21,"30-39","WI",38,0
2021-01-21,"40-49","WI",90,1
2021-01-21,"50-59","WI",306,0
2021-01-21,"60-69","WI",740,12
2021-01-21,"70-79","WI",1383,9
2021-01-21,"80-89","WI",1790,12
2021-01-21,"90+","WI",1242,11
2021-01-22,"0-9","WI",0,0
2021-01-22,"10-19","WI",2,0
2021-01-22,"20-29","WI",16,0
2021-01-22,"30-39","WI",38,0
2021-01-22,"40-49","WI",90,0
2021-01-22,"50-59","WI",307,1
2021-01-22,"60-69","WI",747,7
2021-01-22,"70-79","WI",1389,6
2021-01-22,"80-89","WI",1802,12
2021-01-22,"90+","WI",1252,10
2021-01-23,"0-9","WI",0,0
2021-01-23,"10-19","WI",2,0
2021-01-23,"20-29","WI",16,0
2021-01-23,"30-39","WI",38,0
2021-01-23,"40-49","WI",90,0
2021-01-23,"50-59","WI",308,1
2021-01-23,"60-69","WI",753,6
2021-01-23,"70-79","WI",1400,11
2021-01-23,"80-89","WI",1818,16
2021-01-23,"90+","WI",1260,8
2021-01-24,"0-9","WI",0,0
2021-01-24,"10-19","WI",2,0
2021-01-24,"20-29","WI",16,0
2021-01-24,"30-39","WI",38,0
2021-01-24,"40-49","WI",90,0
2021-01-24,"50-59","WI",309,1
2021-01-24,"60-69","WI",753,0
2021-01-24,"70-79","WI",1402,2
2021-01-24,"80-89","WI",1820,2
2021-01-24,"90+","WI",1261,1
2021-01-25,"0-9","WI",0,0
2021-01-25,"10-19","WI",2,0
2021-01-25,"20-29","WI",16,0
2021-01-25,"30-39","WI",38,0
2021-01-25,"40-49","WI",91,1
2021-01-25,"50-59","WI",309,0
2021-01-25,"60-69","WI",754,1
2021-01-25,"70-79","WI",1408,6
2021-01-25,"80-89","WI",1820,0
2021-01-25,"90+","WI",1261,0
2021-01-26,"0-9","WI",0,0
2021-01-26,"10-19","WI",2,0
2021-01-26,"20-29","WI",16,0
2021-01-26,"30-39","WI",40,2
2021-01-26,"40-49","WI",92,1
2021-01-26,"50-59","WI",309,0
2021-01-26,"60-69","WI",762,8
2021-01-26,"70-79","WI",1432,24
2021-01-26,"80-89","WI",1833,13
2021-01-26,"90+","WI",1267,6
2021-01-27,"0-9","WI",0,0
2021-01-27,"10-19","WI",2,0
2021-01-27,"20-29","WI",16,0
2021-01-27,"30-39","WI",40,0
2021-01-27,"40-49","WI",95,3
2021-01-27,"50-59","WI",310,1
2021-01-27,"60-69","WI",765,3
2021-01-27,"70-79","WI",1439,7
2021-01-27,"80-89","WI",1847,14
2021-01-27,"90+","WI",1273,6
2021-01-28,"0-9","WI",0,0
2021-01-28,"10-19","WI",2,0
2021-01-28,"20-29","WI",17,1
2021-01-28,"30-39","WI",40,0
2021-01-28,"40-49","WI",95,0
2021-01-28,"50-59","WI",312,2
2021-01-28,"60-69","WI",767,2
2021-01-28,"70-79","WI",1448,9
2021-01-28,"80-89","WI",1852,5
2021-01-28,"90+","WI",1278,5
2021-01-29,"0-9","WI",0,0
2021-01-29,"10-19","WI",2,0
2021-01-29,"20-29","WI",17,0
2021-01-29,"30-39","WI",40,0
2021-01-29,"40-49","WI",95,0
2021-01-29,"50-59","WI",314,2
2021-01-29,"60-69","WI",772,5
2021-01-29,"70-79","WI",1461,13
2021-01-29,"80-89","WI",1871,19
2021-01-29,"90+","WI",1288,10
2021-01-30,"0-9","WI",0,0
2021-01-30,"10-19","WI",2,0
2021-01-30,"20-29","WI",17,0
2021-01-30,"30-39","WI",41,1
2021-01-30,"40-49","WI",95,0
2021-01-30,"50-59","WI",316,2
2021-01-30,"60-69","WI",776,4
2021-01-30,"70-79","WI",1467,6
2021-01-30,"80-89","WI",1882,11
2021-01-30,"90+","WI",1297,9
2021-01-31,"0-9","WI",0,0
2021-01-31,"10-19","WI",2,0
2021-01-31,"20-29","WI",17,0
2021-01-31,"30-39","WI",41,0
2021-01-31,"40-49","WI",95,0
2021-01-31,"50-59","WI",316,0
2021-01-31,"60-69","WI",776,0
2021-01-31,"70-79","WI",1469,2
2021-01-31,"80-89","WI",1882,0
2021-01-31,"90+","WI",1298,1
2021-02-01,"0-9","WI",0,0
2021-02-01,"10-19","WI",2,0
2021-02-01,"20-29","WI",17,0
2021-02-01,"30-39","WI",41,0
2021-02-01,"40-49","WI",95,0
2021-02-01,"50-59","WI",316,0
2021-02-01,"60-69","WI",776,0
2021-02-01,"70-79","WI",1469,0
2021-02-01,"80-89","WI",1882,0
2021-02-01,"90+","WI",1299,1
2021-02-02,"0-9","WI",0,0
2021-02-02,"10-19","WI",2,0
2021-02-02,"20-29","WI",17,0
2021-02-02,"30-39","WI",42,1
2021-02-02,"40-49","WI",97,2
2021-02-02,"50-59","WI",316,0
2021-02-02,"60-69","WI",783,7
2021-02-02,"70-79","WI",1477,8
2021-02-02,"80-89","WI",1893,11
2021-02-02,"90+","WI",1310,11
2021-02-03,"0-9","WI",0,0
2021-02-03,"10-19","WI",2,0
2021-02-03,"20-29","WI",17,0
2021-02-03,"30-39","WI",42,0
2021-02-03,"40-49","WI",97,0
2021-02-03,"50-59","WI",317,1
2021-02-03,"60-69","WI",785,2
2021-02-03,"70-79","WI",1479,2
2021-02-03,"80-89","WI",1899,6
2021-02-03,"90+","WI",1313,3
2021-02-04,"0-9","WI",0,0
2021-02-04,"10-19","WI",2,0
2021-02-04,"20-29","WI",18,1
2021-02-04,"30-39","WI",42,0
2021-02-04,"40-49","WI",97,0
2021-02-04,"50-59","WI",319,2
2021-02-04,"60-69","WI",794,9
2021-02-04,"70-79","WI",1484,5
2021-02-04,"80-89","WI",1916,17
2021-02-04,"90+","WI",1320,7
2021-02-05,"0-9","WI",0,0
2021-02-05,"10-19","WI",2,0
2021-02-05,"20-29","WI",18,0
2021-02-05,"30-39","WI",42,0
2021-02-05,"40-49","WI",100,3
2021-02-05,"50-59","WI",320,1
2021-02-05,"60-69","WI",794,0
2021-02-05,"70-79","WI",1492,8
2021-02-05,"80-89","WI",1925,9
2021-02-05,"90+","WI",1327,7
2021-02-06,"0-9","WI",0,0
2021-02-06,"10-19","WI",2,0
2021-02-06,"20-29","WI",18,0
2021-02-06,"30-39","WI",42,0
2021-02-06,"40-49","WI",100,0
2021-02-06,"50-59","WI",321,1
2021-02-06,"60-69","WI",797,3
2021-02-06,"70-79","WI",1502,10
2021-02-06,"80-89","WI",1933,8
2021-02-06,"90+","WI",1337,10
2021-02-07,"0-9","WI",0,0
2021-02-07,"10-19","WI",2,0
2021-02-07,"20-29","WI",18,0
2021-02-07,"30-39","WI",42,0
2021-02-07,"40-49","WI",100,0
2021-02-07,"50-59","WI",322,1
2021-02-07,"60-69","WI",797,0
2021-02-07,"70-79","WI",1503,1
2021-02-07,"80-89","WI",1933,0
2021-02-07,"90+","WI",1337,0
2021-02-08,"0-9","WI",0,0
2021-02-08,"10-19","WI",2,0
2021-02-08,"20-29","WI",18,0
2021-02-08,"30-39","WI",42,0
2021-02-08,"40-49","WI",100,0
2021-02-08,"50-59","WI",322,0
2021-02-08,"60-69","WI",798,1
2021-02-08,"70-79","WI",1503,0
2021-02-08,"80-89","WI",1933,0
2021-02-08,"90+","WI",1337,0
2021-02-09,"0-9","WI",0,0
2021-02-09,"10-19","WI",2,0
2021-02-09,"20-29","WI",18,0
2021-02-09,"30-39","WI",42,0
2021-02-09,"40-49","WI",101,1
2021-02-09,"50-59","WI",323,1
2021-02-09,"60-69","WI",804,6
2021-02-09,"70-79","WI",1514,11
2021-02-09,"80-89","WI",1945,12
2021-02-09,"90+","WI",1345,8
2021-02-10,"0-9","WI",0,0
2021-02-10,"10-19","WI",2,0
2021-02-10,"20-29","WI",19,1
2021-02-10,"30-39","WI",42,0
2021-02-10,"40-49","WI",102,1
2021-02-10,"50-59","WI",323,0
2021-02-10,"60-69","WI",808,4
2021-02-10,"70-79","WI",1522,8
2021-02-10,"80-89","WI",1960,15
2021-02-10,"90+","WI",1351,6
2021-02-11,"0-9","WI",0,0
2021-02-11,"10-19","WI",2,0
2021-02-11,"20-29","WI",19,0
2021-02-11,"30-39","WI",42,0
2021-02-11,"40-49","WI",103,1
2021-02-11,"50-59","WI",323,0
2021-02-11,"60-69","WI",809,1
2021-02-11,"70-79","WI",1523,1
2021-02-11,"80-89","WI",1964,4
2021-02-11,"90+","WI",1355,4
2021-02-12,"0-9","WI",0,0
2021-02-12,"10-19","WI",2,0
2021-02-12,"20-29","WI",19,0
2021-02-12,"30-39","WI",42,0
2021-02-12,"40-49","WI",103,0
2021-02-12,"50-59","WI",323,0
2021-02-12,"60-69","WI",811,2
2021-02-12,"70-79","WI",1527,4
2021-02-12,"80-89","WI",1966,2
2021-02-12,"90+","WI",1358,3
2021-02-13,"0-9","WI",0,0
2021-02-13,"10-19","WI",2,0
2021-02-13,"20-29","WI",19,0
2021-02-13,"30-39","WI",42,0
2021-02-13,"40-49","WI",104,1
2021-02-13,"50-59","WI",323,0
2021-02-13,"60-69","WI",813,2
2021-02-13,"70-79","WI",1530,3
2021-02-13,"80-89","WI",1968,2
2021-02-13,"90+","WI",1360,2
2021-02-14,"0-9","WI",0,0
2021-02-14,"10-19","WI",2,0
2021-02-14,"20-29","WI",19,0
2021-02-14,"30-39","WI",42,0
2021-02-14,"40-49","WI",104,0
2021-02-14,"50-59","WI",323,0
2021-02-14,"60-69","WI",813,0
2021-02-14,"70-79","WI",1530,0
2021-02-14,"80-89","WI",1969,1
2021-02-14,"90+","WI",1360,0
2021-02-15,"0-9","WI",0,0
2021-02-15,"10-19","WI",2,0
2021-02-15,"20-29","WI",19,0
2021-02-15,"30-39","WI",42,0
2021-02-15,"40-49","WI",104,0
2021-02-15,"50-59","WI",324,1
2021-02-15,"60-69","WI",814,1
2021-02-15,"70-79","WI",1530,0
2021-02-15,"80-89","WI",1970,1
2021-02-15,"90+","WI",1361,1
2021-02-16,"0-9","WI",0,0
2021-02-16,"10-19","WI",2,0
2021-02-16,"20-29","WI",19,0
2021-02-16,"30-39","WI",43,1
2021-02-16,"40-49","WI",105,1
2021-02-16,"50-59","WI",325,1
2021-02-16,"60-69","WI",822,8
2021-02-16,"70-79","WI",1541,11
2021-02-16,"80-89","WI",1980,10
2021-02-16,"90+","WI",1367,6
