"age","date","cum.deaths","daily.deaths","code"
"0-9",2020-03-23,0,NA,"CO"
"10-19",2020-03-23,0,NA,"CO"
"20-29",2020-03-23,0,NA,"CO"
"30-39",2020-03-23,0,NA,"CO"
"40-49",2020-03-23,0,NA,"CO"
"50-59",2020-03-23,0,NA,"CO"
"60-69",2020-03-23,2,NA,"CO"
"70-79",2020-03-23,4,NA,"CO"
"80+",2020-03-23,1,NA,"CO"
"0-9",2020-03-24,0,0,"CO"
"10-19",2020-03-24,0,0,"CO"
"20-29",2020-03-24,0,0,"CO"
"30-39",2020-03-24,0,0,"CO"
"40-49",2020-03-24,0,0,"CO"
"50-59",2020-03-24,1,1,"CO"
"60-69",2020-03-24,2,0,"CO"
"70-79",2020-03-24,6,2,"CO"
"80+",2020-03-24,2,1,"CO"
"0-9",2020-03-25,0,0,"CO"
"10-19",2020-03-25,0,0,"CO"
"20-29",2020-03-25,0,0,"CO"
"30-39",2020-03-25,0,0,"CO"
"40-49",2020-03-25,1,1,"CO"
"50-59",2020-03-25,2,1,"CO"
"60-69",2020-03-25,3,1,"CO"
"70-79",2020-03-25,7,1,"CO"
"80+",2020-03-25,6,4,"CO"
"0-9",2020-03-26,0,0,"CO"
"10-19",2020-03-26,0,0,"CO"
"20-29",2020-03-26,0,0,"CO"
"30-39",2020-03-26,0,0,"CO"
"40-49",2020-03-26,1,0,"CO"
"50-59",2020-03-26,2,0,"CO"
"60-69",2020-03-26,3,0,"CO"
"70-79",2020-03-26,7,0,"CO"
"80+",2020-03-26,11,5,"CO"
"0-9",2020-03-27,0,0,"CO"
"10-19",2020-03-27,0,0,"CO"
"20-29",2020-03-27,0,0,"CO"
"30-39",2020-03-27,0,0,"CO"
"40-49",2020-03-27,1,0,"CO"
"50-59",2020-03-27,2,0,"CO"
"60-69",2020-03-27,4,1,"CO"
"70-79",2020-03-27,10,3,"CO"
"80+",2020-03-27,14,3,"CO"
"0-9",2020-03-28,0,0,"CO"
"10-19",2020-03-28,0,0,"CO"
"20-29",2020-03-28,0,0,"CO"
"30-39",2020-03-28,0,0,"CO"
"40-49",2020-03-28,2,1,"CO"
"50-59",2020-03-28,3,1,"CO"
"60-69",2020-03-28,4,0,"CO"
"70-79",2020-03-28,14,4,"CO"
"80+",2020-03-28,21,7,"CO"
"0-9",2020-03-29,0,0,"CO"
"10-19",2020-03-29,0,0,"CO"
"20-29",2020-03-29,0,0,"CO"
"30-39",2020-03-29,0,0,"CO"
"40-49",2020-03-29,2,0,"CO"
"50-59",2020-03-29,3,0,"CO"
"60-69",2020-03-29,5,1,"CO"
"70-79",2020-03-29,15,1,"CO"
"80+",2020-03-29,22,1,"CO"
"0-9",2020-03-30,0,0,"CO"
"10-19",2020-03-30,0,0,"CO"
"20-29",2020-03-30,0,0,"CO"
"30-39",2020-03-30,0,0,"CO"
"40-49",2020-03-30,2,0,"CO"
"50-59",2020-03-30,3,0,"CO"
"60-69",2020-03-30,5,0,"CO"
"70-79",2020-03-30,18,3,"CO"
"80+",2020-03-30,23,1,"CO"
"0-9",2020-03-31,0,0,"CO"
"10-19",2020-03-31,0,0,"CO"
"20-29",2020-03-31,0,0,"CO"
"30-39",2020-03-31,0,0,"CO"
"40-49",2020-03-31,2,0,"CO"
"50-59",2020-03-31,4,1,"CO"
"60-69",2020-03-31,5,0,"CO"
"70-79",2020-03-31,22,4,"CO"
"80+",2020-03-31,36,13,"CO"
"0-9",2020-04-01,0,0,"CO"
"10-19",2020-04-01,0,0,"CO"
"20-29",2020-04-01,0,0,"CO"
"30-39",2020-04-01,0,0,"CO"
"40-49",2020-04-01,2,0,"CO"
"50-59",2020-04-01,4,0,"CO"
"60-69",2020-04-01,7,2,"CO"
"70-79",2020-04-01,23,1,"CO"
"80+",2020-04-01,44,8,"CO"
"0-9",2020-04-02,0,0,"CO"
"10-19",2020-04-02,0,0,"CO"
"20-29",2020-04-02,0,0,"CO"
"30-39",2020-04-02,0,0,"CO"
"40-49",2020-04-02,3,1,"CO"
"50-59",2020-04-02,4,0,"CO"
"60-69",2020-04-02,9,2,"CO"
"70-79",2020-04-02,26,3,"CO"
"80+",2020-04-02,55,11,"CO"
"0-9",2020-04-03,0,0,"CO"
"10-19",2020-04-03,0,0,"CO"
"20-29",2020-04-03,0,0,"CO"
"30-39",2020-04-03,1,1,"CO"
"40-49",2020-04-03,4,1,"CO"
"50-59",2020-04-03,6,2,"CO"
"60-69",2020-04-03,11,2,"CO"
"70-79",2020-04-03,27,1,"CO"
"80+",2020-04-03,62,7,"CO"
"0-9",2020-04-04,0,0,"CO"
"10-19",2020-04-04,0,0,"CO"
"20-29",2020-04-04,0,0,"CO"
"30-39",2020-04-04,1,0,"CO"
"40-49",2020-04-04,4,0,"CO"
"50-59",2020-04-04,8,2,"CO"
"60-69",2020-04-04,12,1,"CO"
"70-79",2020-04-04,31,4,"CO"
"80+",2020-04-04,70,8,"CO"
"0-9",2020-04-05,0,0,"CO"
"10-19",2020-04-05,0,0,"CO"
"20-29",2020-04-05,0,0,"CO"
"30-39",2020-04-05,1,0,"CO"
"40-49",2020-04-05,5,1,"CO"
"50-59",2020-04-05,8,0,"CO"
"60-69",2020-04-05,14,2,"CO"
"70-79",2020-04-05,35,4,"CO"
"80+",2020-04-05,77,7,"CO"
"0-9",2020-04-06,0,0,"CO"
"10-19",2020-04-06,0,0,"CO"
"20-29",2020-04-06,0,0,"CO"
"30-39",2020-04-06,1,0,"CO"
"40-49",2020-04-06,5,0,"CO"
"50-59",2020-04-06,8,0,"CO"
"60-69",2020-04-06,14,0,"CO"
"70-79",2020-04-06,39,4,"CO"
"80+",2020-04-06,83,6,"CO"
"0-9",2020-04-07,0,0,"CO"
"10-19",2020-04-07,0,0,"CO"
"20-29",2020-04-07,0,0,"CO"
"30-39",2020-04-07,2,1,"CO"
"40-49",2020-04-07,7,2,"CO"
"50-59",2020-04-07,12,4,"CO"
"60-69",2020-04-07,18,4,"CO"
"70-79",2020-04-07,46,7,"CO"
"80+",2020-04-07,94,11,"CO"
"0-9",2020-04-08,0,0,"CO"
"10-19",2020-04-08,0,0,"CO"
"20-29",2020-04-08,1,1,"CO"
"30-39",2020-04-08,2,0,"CO"
"40-49",2020-04-08,7,0,"CO"
"50-59",2020-04-08,13,1,"CO"
"60-69",2020-04-08,20,2,"CO"
"70-79",2020-04-08,52,6,"CO"
"80+",2020-04-08,98,4,"CO"
"0-9",2020-04-09,0,0,"CO"
"10-19",2020-04-09,0,0,"CO"
"20-29",2020-04-09,1,0,"CO"
"30-39",2020-04-09,2,0,"CO"
"40-49",2020-04-09,9,2,"CO"
"50-59",2020-04-09,13,0,"CO"
"60-69",2020-04-09,22,2,"CO"
"70-79",2020-04-09,57,5,"CO"
"80+",2020-04-09,122,24,"CO"
"0-9",2020-04-10,0,0,"CO"
"10-19",2020-04-10,0,0,"CO"
"20-29",2020-04-10,2,1,"CO"
"30-39",2020-04-10,2,0,"CO"
"40-49",2020-04-10,11,2,"CO"
"50-59",2020-04-10,13,0,"CO"
"60-69",2020-04-10,25,3,"CO"
"70-79",2020-04-10,65,8,"CO"
"80+",2020-04-10,132,10,"CO"
"0-9",2020-04-11,0,0,"CO"
"10-19",2020-04-11,0,0,"CO"
"20-29",2020-04-11,2,0,"CO"
"30-39",2020-04-11,2,0,"CO"
"40-49",2020-04-11,11,0,"CO"
"50-59",2020-04-11,15,2,"CO"
"60-69",2020-04-11,30,5,"CO"
"70-79",2020-04-11,71,6,"CO"
"80+",2020-04-11,143,11,"CO"
"0-9",2020-04-12,0,0,"CO"
"10-19",2020-04-12,0,0,"CO"
"20-29",2020-04-12,2,0,"CO"
"30-39",2020-04-12,2,0,"CO"
"40-49",2020-04-12,11,0,"CO"
"50-59",2020-04-12,15,0,"CO"
"60-69",2020-04-12,34,4,"CO"
"70-79",2020-04-12,78,7,"CO"
"80+",2020-04-12,148,5,"CO"
"0-9",2020-04-13,0,0,"CO"
"10-19",2020-04-13,0,0,"CO"
"20-29",2020-04-13,2,0,"CO"
"30-39",2020-04-13,2,0,"CO"
"40-49",2020-04-13,12,1,"CO"
"50-59",2020-04-13,15,0,"CO"
"60-69",2020-04-13,38,4,"CO"
"70-79",2020-04-13,82,4,"CO"
"80+",2020-04-13,157,9,"CO"
"0-9",2020-04-14,0,0,"CO"
"10-19",2020-04-14,0,0,"CO"
"20-29",2020-04-14,2,0,"CO"
"30-39",2020-04-14,2,0,"CO"
"40-49",2020-04-14,12,0,"CO"
"50-59",2020-04-14,17,2,"CO"
"60-69",2020-04-14,40,2,"CO"
"70-79",2020-04-14,86,4,"CO"
"80+",2020-04-14,170,13,"CO"
"0-9",2020-04-15,0,0,"CO"
"10-19",2020-04-15,0,0,"CO"
"20-29",2020-04-15,3,1,"CO"
"30-39",2020-04-15,2,0,"CO"
"40-49",2020-04-15,13,1,"CO"
"50-59",2020-04-15,18,1,"CO"
"60-69",2020-04-15,43,3,"CO"
"70-79",2020-04-15,96,10,"CO"
"80+",2020-04-15,182,12,"CO"
"0-9",2020-04-16,0,0,"CO"
"10-19",2020-04-16,0,0,"CO"
"20-29",2020-04-16,3,0,"CO"
"30-39",2020-04-16,2,0,"CO"
"40-49",2020-04-16,14,1,"CO"
"50-59",2020-04-16,21,3,"CO"
"60-69",2020-04-16,47,4,"CO"
"70-79",2020-04-16,96,0,"CO"
"80+",2020-04-16,191,9,"CO"
"0-9",2020-04-17,0,0,"CO"
"10-19",2020-04-17,0,0,"CO"
"20-29",2020-04-17,3,0,"CO"
"30-39",2020-04-17,2,0,"CO"
"40-49",2020-04-17,14,0,"CO"
"50-59",2020-04-17,21,0,"CO"
"60-69",2020-04-17,54,7,"CO"
"70-79",2020-04-17,100,4,"CO"
"80+",2020-04-17,197,6,"CO"
"0-9",2020-04-18,0,0,"CO"
"10-19",2020-04-18,0,0,"CO"
"20-29",2020-04-18,3,0,"CO"
"30-39",2020-04-18,2,0,"CO"
"40-49",2020-04-18,14,0,"CO"
"50-59",2020-04-18,22,1,"CO"
"60-69",2020-04-18,56,2,"CO"
"70-79",2020-04-18,109,9,"CO"
"80+",2020-04-18,205,8,"CO"
"0-9",2020-04-19,0,0,"CO"
"10-19",2020-04-19,0,0,"CO"
"20-29",2020-04-19,3,0,"CO"
"30-39",2020-04-19,2,0,"CO"
"40-49",2020-04-19,14,0,"CO"
"50-59",2020-04-19,23,1,"CO"
"60-69",2020-04-19,56,0,"CO"
"70-79",2020-04-19,112,3,"CO"
"80+",2020-04-19,212,7,"CO"
"0-9",2020-04-20,0,0,"CO"
"10-19",2020-04-20,0,0,"CO"
"20-29",2020-04-20,4,1,"CO"
"30-39",2020-04-20,2,0,"CO"
"40-49",2020-04-20,15,1,"CO"
"50-59",2020-04-20,26,3,"CO"
"60-69",2020-04-20,59,3,"CO"
"70-79",2020-04-20,114,2,"CO"
"80+",2020-04-20,229,17,"CO"
"0-9",2020-04-21,0,0,"CO"
"10-19",2020-04-21,0,0,"CO"
"20-29",2020-04-21,4,0,"CO"
"30-39",2020-04-21,2,0,"CO"
"40-49",2020-04-21,15,0,"CO"
"50-59",2020-04-21,28,2,"CO"
"60-69",2020-04-21,65,6,"CO"
"70-79",2020-04-21,122,8,"CO"
"80+",2020-04-21,250,21,"CO"
"0-9",2020-04-22,0,0,"CO"
"10-19",2020-04-22,0,0,"CO"
"20-29",2020-04-22,4,0,"CO"
"30-39",2020-04-22,3,1,"CO"
"40-49",2020-04-22,16,1,"CO"
"50-59",2020-04-22,28,0,"CO"
"60-69",2020-04-22,66,1,"CO"
"70-79",2020-04-22,130,8,"CO"
"80+",2020-04-22,261,11,"CO"
"0-9",2020-04-23,0,0,"CO"
"10-19",2020-04-23,0,0,"CO"
"20-29",2020-04-23,4,0,"CO"
"30-39",2020-04-23,3,0,"CO"
"40-49",2020-04-23,17,1,"CO"
"50-59",2020-04-23,30,2,"CO"
"60-69",2020-04-23,74,8,"CO"
"70-79",2020-04-23,141,11,"CO"
"80+",2020-04-23,283,22,"CO"
"0-9",2020-04-24,0,0,"CO"
"10-19",2020-04-24,1,1,"CO"
"20-29",2020-04-24,4,0,"CO"
"30-39",2020-04-24,4,1,"CO"
"40-49",2020-04-24,20,3,"CO"
"50-59",2020-04-24,33,3,"CO"
"60-69",2020-04-24,82,8,"CO"
"70-79",2020-04-24,168,27,"CO"
"80+",2020-04-24,355,72,"CO"
"0-9",2020-04-25,0,0,"CO"
"10-19",2020-04-25,1,0,"CO"
"20-29",2020-04-25,4,0,"CO"
"30-39",2020-04-25,4,0,"CO"
"40-49",2020-04-25,20,0,"CO"
"50-59",2020-04-25,33,0,"CO"
"60-69",2020-04-25,86,4,"CO"
"70-79",2020-04-25,168,0,"CO"
"80+",2020-04-25,355,0,"CO"
"0-9",2020-04-26,0,0,"CO"
"10-19",2020-04-26,1,0,"CO"
"20-29",2020-04-26,4,0,"CO"
"30-39",2020-04-26,4,0,"CO"
"40-49",2020-04-26,20,0,"CO"
"50-59",2020-04-26,34,1,"CO"
"60-69",2020-04-26,88,2,"CO"
"70-79",2020-04-26,171,3,"CO"
"80+",2020-04-26,357,2,"CO"
"0-9",2020-04-27,0,0,"CO"
"10-19",2020-04-27,1,0,"CO"
"20-29",2020-04-27,4,0,"CO"
"30-39",2020-04-27,4,0,"CO"
"40-49",2020-04-27,20,0,"CO"
"50-59",2020-04-27,34,0,"CO"
"60-69",2020-04-27,92,4,"CO"
"70-79",2020-04-27,177,6,"CO"
"80+",2020-04-27,373,16,"CO"
"0-9",2020-04-28,0,0,"CO"
"10-19",2020-04-28,1,0,"CO"
"20-29",2020-04-28,4,0,"CO"
"30-39",2020-04-28,4,0,"CO"
"40-49",2020-04-28,21,1,"CO"
"50-59",2020-04-28,34,0,"CO"
"60-69",2020-04-28,97,5,"CO"
"70-79",2020-04-28,183,6,"CO"
"80+",2020-04-28,391,18,"CO"
"0-9",2020-04-29,0,0,"CO"
"10-19",2020-04-29,1,0,"CO"
"20-29",2020-04-29,4,0,"CO"
"30-39",2020-04-29,4,0,"CO"
"40-49",2020-04-29,21,0,"CO"
"50-59",2020-04-29,35,1,"CO"
"60-69",2020-04-29,99,2,"CO"
"70-79",2020-04-29,189,6,"CO"
"80+",2020-04-29,412,21,"CO"
"0-9",2020-04-30,0,0,"CO"
"10-19",2020-04-30,1,0,"CO"
"20-29",2020-04-30,4,0,"CO"
"30-39",2020-04-30,4,0,"CO"
"40-49",2020-04-30,21,0,"CO"
"50-59",2020-04-30,35,0,"CO"
"60-69",2020-04-30,102,3,"CO"
"70-79",2020-04-30,189,0,"CO"
"80+",2020-04-30,420,8,"CO"
"0-9",2020-05-01,0,0,"CO"
"10-19",2020-05-01,1,0,"CO"
"20-29",2020-05-01,4,0,"CO"
"30-39",2020-05-01,4,0,"CO"
"40-49",2020-05-01,21,0,"CO"
"50-59",2020-05-01,40,5,"CO"
"60-69",2020-05-01,107,5,"CO"
"70-79",2020-05-01,197,8,"CO"
"80+",2020-05-01,445,25,"CO"
"0-9",2020-05-02,0,0,"CO"
"10-19",2020-05-02,1,0,"CO"
"20-29",2020-05-02,5,1,"CO"
"30-39",2020-05-02,4,0,"CO"
"40-49",2020-05-02,21,0,"CO"
"50-59",2020-05-02,41,1,"CO"
"60-69",2020-05-02,108,1,"CO"
"70-79",2020-05-02,201,4,"CO"
"80+",2020-05-02,451,6,"CO"
"0-9",2020-05-03,0,0,"CO"
"10-19",2020-05-03,1,0,"CO"
"20-29",2020-05-03,5,0,"CO"
"30-39",2020-05-03,4,0,"CO"
"40-49",2020-05-03,21,0,"CO"
"50-59",2020-05-03,41,0,"CO"
"60-69",2020-05-03,109,1,"CO"
"70-79",2020-05-03,204,3,"CO"
"80+",2020-05-03,457,6,"CO"
"0-9",2020-05-04,0,0,"CO"
"10-19",2020-05-04,1,0,"CO"
"20-29",2020-05-04,5,0,"CO"
"30-39",2020-05-04,4,0,"CO"
"40-49",2020-05-04,22,1,"CO"
"50-59",2020-05-04,41,0,"CO"
"60-69",2020-05-04,109,0,"CO"
"70-79",2020-05-04,207,3,"CO"
"80+",2020-05-04,462,5,"CO"
"0-9",2020-05-05,0,0,"CO"
"10-19",2020-05-05,1,0,"CO"
"20-29",2020-05-05,5,0,"CO"
"30-39",2020-05-05,5,1,"CO"
"40-49",2020-05-05,23,1,"CO"
"50-59",2020-05-05,47,6,"CO"
"60-69",2020-05-05,117,8,"CO"
"70-79",2020-05-05,215,8,"CO"
"80+",2020-05-05,489,27,"CO"
"0-9",2020-05-06,0,0,"CO"
"10-19",2020-05-06,1,0,"CO"
"20-29",2020-05-06,5,0,"CO"
"30-39",2020-05-06,5,0,"CO"
"40-49",2020-05-06,23,0,"CO"
"50-59",2020-05-06,47,0,"CO"
"60-69",2020-05-06,121,4,"CO"
"70-79",2020-05-06,218,3,"CO"
"80+",2020-05-06,500,11,"CO"
"0-9",2020-05-07,0,0,"CO"
"10-19",2020-05-07,1,0,"CO"
"20-29",2020-05-07,5,0,"CO"
"30-39",2020-05-07,5,0,"CO"
"40-49",2020-05-07,24,1,"CO"
"50-59",2020-05-07,47,0,"CO"
"60-69",2020-05-07,125,4,"CO"
"70-79",2020-05-07,222,4,"CO"
"80+",2020-05-07,514,14,"CO"
"0-9",2020-05-08,0,0,"CO"
"10-19",2020-05-08,1,0,"CO"
"20-29",2020-05-08,5,0,"CO"
"30-39",2020-05-08,5,0,"CO"
"40-49",2020-05-08,24,0,"CO"
"50-59",2020-05-08,47,0,"CO"
"60-69",2020-05-08,129,4,"CO"
"70-79",2020-05-08,225,3,"CO"
"80+",2020-05-08,524,10,"CO"
"0-9",2020-05-09,0,0,"CO"
"10-19",2020-05-09,1,0,"CO"
"20-29",2020-05-09,5,0,"CO"
"30-39",2020-05-09,5,0,"CO"
"40-49",2020-05-09,25,1,"CO"
"50-59",2020-05-09,47,0,"CO"
"60-69",2020-05-09,131,2,"CO"
"70-79",2020-05-09,226,1,"CO"
"80+",2020-05-09,527,3,"CO"
"0-9",2020-05-10,0,0,"CO"
"10-19",2020-05-10,1,0,"CO"
"20-29",2020-05-10,5,0,"CO"
"30-39",2020-05-10,5,0,"CO"
"40-49",2020-05-10,25,0,"CO"
"50-59",2020-05-10,47,0,"CO"
"60-69",2020-05-10,131,0,"CO"
"70-79",2020-05-10,227,1,"CO"
"80+",2020-05-10,530,3,"CO"
"0-9",2020-05-11,0,0,"CO"
"10-19",2020-05-11,1,0,"CO"
"20-29",2020-05-11,5,0,"CO"
"30-39",2020-05-11,6,1,"CO"
"40-49",2020-05-11,26,1,"CO"
"50-59",2020-05-11,47,0,"CO"
"60-69",2020-05-11,134,3,"CO"
"70-79",2020-05-11,229,2,"CO"
"80+",2020-05-11,539,9,"CO"
"0-9",2020-05-12,0,0,"CO"
"10-19",2020-05-12,1,0,"CO"
"20-29",2020-05-12,6,1,"CO"
"30-39",2020-05-12,7,1,"CO"
"40-49",2020-05-12,26,0,"CO"
"50-59",2020-05-12,49,2,"CO"
"60-69",2020-05-12,135,1,"CO"
"70-79",2020-05-12,234,5,"CO"
"80+",2020-05-12,551,12,"CO"
"0-9",2020-05-13,0,0,"CO"
"10-19",2020-05-13,1,0,"CO"
"20-29",2020-05-13,6,0,"CO"
"30-39",2020-05-13,7,0,"CO"
"40-49",2020-05-13,27,1,"CO"
"50-59",2020-05-13,51,2,"CO"
"60-69",2020-05-13,142,7,"CO"
"70-79",2020-05-13,243,9,"CO"
"80+",2020-05-13,585,34,"CO"
"0-9",2020-05-14,0,0,"CO"
"10-19",2020-05-14,1,0,"CO"
"20-29",2020-05-14,6,0,"CO"
"30-39",2020-05-14,7,0,"CO"
"40-49",2020-05-14,28,1,"CO"
"50-59",2020-05-14,55,4,"CO"
"60-69",2020-05-14,146,4,"CO"
"70-79",2020-05-14,250,7,"CO"
"80+",2020-05-14,598,13,"CO"
"0-9",2020-05-15,0,0,"CO"
"10-19",2020-05-15,2,1,"CO"
"20-29",2020-05-15,7,1,"CO"
"30-39",2020-05-15,7,0,"CO"
"40-49",2020-05-15,30,2,"CO"
"50-59",2020-05-15,57,2,"CO"
"60-69",2020-05-15,154,8,"CO"
"70-79",2020-05-15,267,17,"CO"
"80+",2020-05-15,626,28,"CO"
"0-9",2020-05-16,0,0,"CO"
"10-19",2020-05-16,2,0,"CO"
"20-29",2020-05-16,7,0,"CO"
"30-39",2020-05-16,7,0,"CO"
"40-49",2020-05-16,31,1,"CO"
"50-59",2020-05-16,60,3,"CO"
"60-69",2020-05-16,158,4,"CO"
"70-79",2020-05-16,280,13,"CO"
"80+",2020-05-16,647,21,"CO"
"0-9",2020-05-17,0,0,"CO"
"10-19",2020-05-17,2,0,"CO"
"20-29",2020-05-17,7,0,"CO"
"30-39",2020-05-17,7,0,"CO"
"40-49",2020-05-17,31,0,"CO"
"50-59",2020-05-17,62,2,"CO"
"60-69",2020-05-17,163,5,"CO"
"70-79",2020-05-17,283,3,"CO"
"80+",2020-05-17,660,13,"CO"
"0-9",2020-05-18,0,0,"CO"
"10-19",2020-05-18,2,0,"CO"
"20-29",2020-05-18,7,0,"CO"
"30-39",2020-05-18,7,0,"CO"
"40-49",2020-05-18,31,0,"CO"
"50-59",2020-05-18,65,3,"CO"
"60-69",2020-05-18,164,1,"CO"
"70-79",2020-05-18,284,1,"CO"
"80+",2020-05-18,664,4,"CO"
"0-9",2020-05-19,0,0,"CO"
"10-19",2020-05-19,2,0,"CO"
"20-29",2020-05-19,7,0,"CO"
"30-39",2020-05-19,7,0,"CO"
"40-49",2020-05-19,31,0,"CO"
"50-59",2020-05-19,66,1,"CO"
"60-69",2020-05-19,167,3,"CO"
"70-79",2020-05-19,290,6,"CO"
"80+",2020-05-19,687,23,"CO"
"0-9",2020-05-20,0,0,"CO"
"10-19",2020-05-20,2,0,"CO"
"20-29",2020-05-20,7,0,"CO"
"30-39",2020-05-20,7,0,"CO"
"40-49",2020-05-20,31,0,"CO"
"50-59",2020-05-20,70,4,"CO"
"60-69",2020-05-20,170,3,"CO"
"70-79",2020-05-20,302,12,"CO"
"80+",2020-05-20,710,23,"CO"
"0-9",2020-05-21,0,0,"CO"
"10-19",2020-05-21,2,0,"CO"
"20-29",2020-05-21,7,0,"CO"
"30-39",2020-05-21,7,0,"CO"
"40-49",2020-05-21,33,2,"CO"
"50-59",2020-05-21,71,1,"CO"
"60-69",2020-05-21,170,0,"CO"
"70-79",2020-05-21,306,4,"CO"
"80+",2020-05-21,714,4,"CO"
"0-9",2020-05-22,0,0,"CO"
"10-19",2020-05-22,2,0,"CO"
"20-29",2020-05-22,7,0,"CO"
"30-39",2020-05-22,7,0,"CO"
"40-49",2020-05-22,33,0,"CO"
"50-59",2020-05-22,71,0,"CO"
"60-69",2020-05-22,171,1,"CO"
"70-79",2020-05-22,308,2,"CO"
"80+",2020-05-22,724,10,"CO"
"0-9",2020-05-23,0,0,"CO"
"10-19",2020-05-23,2,0,"CO"
"20-29",2020-05-23,8,1,"CO"
"30-39",2020-05-23,7,0,"CO"
"40-49",2020-05-23,33,0,"CO"
"50-59",2020-05-23,71,0,"CO"
"60-69",2020-05-23,171,0,"CO"
"70-79",2020-05-23,309,1,"CO"
"80+",2020-05-23,726,2,"CO"
"0-9",2020-05-24,0,0,"CO"
"10-19",2020-05-24,2,0,"CO"
"20-29",2020-05-24,8,0,"CO"
"30-39",2020-05-24,8,1,"CO"
"40-49",2020-05-24,33,0,"CO"
"50-59",2020-05-24,71,0,"CO"
"60-69",2020-05-24,171,0,"CO"
"70-79",2020-05-24,311,2,"CO"
"80+",2020-05-24,728,2,"CO"
"0-9",2020-05-25,0,0,"CO"
"10-19",2020-05-25,2,0,"CO"
"20-29",2020-05-25,8,0,"CO"
"30-39",2020-05-25,8,0,"CO"
"40-49",2020-05-25,33,0,"CO"
"50-59",2020-05-25,71,0,"CO"
"60-69",2020-05-25,171,0,"CO"
"70-79",2020-05-25,311,0,"CO"
"80+",2020-05-25,729,1,"CO"
"0-9",2020-05-26,0,0,"CO"
"10-19",2020-05-26,2,0,"CO"
"20-29",2020-05-26,8,0,"CO"
"30-39",2020-05-26,8,0,"CO"
"40-49",2020-05-26,34,1,"CO"
"50-59",2020-05-26,71,0,"CO"
"60-69",2020-05-26,174,3,"CO"
"70-79",2020-05-26,320,9,"CO"
"80+",2020-05-26,735,6,"CO"
"0-9",2020-05-27,0,0,"CO"
"10-19",2020-05-27,2,0,"CO"
"20-29",2020-05-27,9,1,"CO"
"30-39",2020-05-27,8,0,"CO"
"40-49",2020-05-27,36,2,"CO"
"50-59",2020-05-27,73,2,"CO"
"60-69",2020-05-27,179,5,"CO"
"70-79",2020-05-27,326,6,"CO"
"80+",2020-05-27,759,24,"CO"
"0-9",2020-05-28,0,0,"CO"
"10-19",2020-05-28,2,0,"CO"
"20-29",2020-05-28,9,0,"CO"
"30-39",2020-05-28,8,0,"CO"
"40-49",2020-05-28,36,0,"CO"
"50-59",2020-05-28,74,1,"CO"
"60-69",2020-05-28,179,0,"CO"
"70-79",2020-05-28,337,11,"CO"
"80+",2020-05-28,776,17,"CO"
"0-9",2020-05-29,0,0,"CO"
"10-19",2020-05-29,2,0,"CO"
"20-29",2020-05-29,9,0,"CO"
"30-39",2020-05-29,8,0,"CO"
"40-49",2020-05-29,36,0,"CO"
"50-59",2020-05-29,74,0,"CO"
"60-69",2020-05-29,179,0,"CO"
"70-79",2020-05-29,341,4,"CO"
"80+",2020-05-29,787,11,"CO"
"0-9",2020-05-30,0,0,"CO"
"10-19",2020-05-30,3,1,"CO"
"20-29",2020-05-30,9,0,"CO"
"30-39",2020-05-30,8,0,"CO"
"40-49",2020-05-30,36,0,"CO"
"50-59",2020-05-30,74,0,"CO"
"60-69",2020-05-30,180,1,"CO"
"70-79",2020-05-30,342,1,"CO"
"80+",2020-05-30,791,4,"CO"
"0-9",2020-05-31,0,0,"CO"
"10-19",2020-05-31,3,0,"CO"
"20-29",2020-05-31,9,0,"CO"
"30-39",2020-05-31,8,0,"CO"
"40-49",2020-05-31,36,0,"CO"
"50-59",2020-05-31,74,0,"CO"
"60-69",2020-05-31,181,1,"CO"
"70-79",2020-05-31,342,0,"CO"
"80+",2020-05-31,792,1,"CO"
"0-9",2020-06-01,0,0,"CO"
"10-19",2020-06-01,3,0,"CO"
"20-29",2020-06-01,9,0,"CO"
"30-39",2020-06-01,9,1,"CO"
"40-49",2020-06-01,37,1,"CO"
"50-59",2020-06-01,77,3,"CO"
"60-69",2020-06-01,182,1,"CO"
"70-79",2020-06-01,347,5,"CO"
"80+",2020-06-01,794,2,"CO"
"0-9",2020-06-02,0,0,"CO"
"10-19",2020-06-02,3,0,"CO"
"20-29",2020-06-02,9,0,"CO"
"30-39",2020-06-02,9,0,"CO"
"40-49",2020-06-02,37,0,"CO"
"50-59",2020-06-02,78,1,"CO"
"60-69",2020-06-02,184,2,"CO"
"70-79",2020-06-02,350,3,"CO"
"80+",2020-06-02,804,10,"CO"
"0-9",2020-06-03,0,0,"CO"
"10-19",2020-06-03,3,0,"CO"
"20-29",2020-06-03,9,0,"CO"
"30-39",2020-06-03,9,0,"CO"
"40-49",2020-06-03,37,0,"CO"
"50-59",2020-06-03,80,2,"CO"
"60-69",2020-06-03,188,4,"CO"
"70-79",2020-06-03,357,7,"CO"
"80+",2020-06-03,811,7,"CO"
"0-9",2020-06-04,0,0,"CO"
"10-19",2020-06-04,3,0,"CO"
"20-29",2020-06-04,9,0,"CO"
"30-39",2020-06-04,9,0,"CO"
"40-49",2020-06-04,38,1,"CO"
"50-59",2020-06-04,82,2,"CO"
"60-69",2020-06-04,191,3,"CO"
"70-79",2020-06-04,362,5,"CO"
"80+",2020-06-04,818,7,"CO"
"0-9",2020-06-05,0,0,"CO"
"10-19",2020-06-05,3,0,"CO"
"20-29",2020-06-05,9,0,"CO"
"30-39",2020-06-05,10,1,"CO"
"40-49",2020-06-05,40,2,"CO"
"50-59",2020-06-05,84,2,"CO"
"60-69",2020-06-05,193,2,"CO"
"70-79",2020-06-05,362,0,"CO"
"80+",2020-06-05,822,4,"CO"
"0-9",2020-06-06,0,0,"CO"
"10-19",2020-06-06,3,0,"CO"
"20-29",2020-06-06,9,0,"CO"
"30-39",2020-06-06,10,0,"CO"
"40-49",2020-06-06,40,0,"CO"
"50-59",2020-06-06,85,1,"CO"
"60-69",2020-06-06,193,0,"CO"
"70-79",2020-06-06,362,0,"CO"
"80+",2020-06-06,825,3,"CO"
"0-9",2020-06-07,0,0,"CO"
"10-19",2020-06-07,3,0,"CO"
"20-29",2020-06-07,9,0,"CO"
"30-39",2020-06-07,10,0,"CO"
"40-49",2020-06-07,40,0,"CO"
"50-59",2020-06-07,85,0,"CO"
"60-69",2020-06-07,193,0,"CO"
"70-79",2020-06-07,362,0,"CO"
"80+",2020-06-07,825,0,"CO"
"0-9",2020-06-08,0,0,"CO"
"10-19",2020-06-08,3,0,"CO"
"20-29",2020-06-08,9,0,"CO"
"30-39",2020-06-08,10,0,"CO"
"40-49",2020-06-08,42,2,"CO"
"50-59",2020-06-08,87,2,"CO"
"60-69",2020-06-08,196,3,"CO"
"70-79",2020-06-08,365,3,"CO"
"80+",2020-06-08,831,6,"CO"
"0-9",2020-06-09,0,0,"CO"
"10-19",2020-06-09,3,0,"CO"
"20-29",2020-06-09,9,0,"CO"
"30-39",2020-06-09,10,0,"CO"
"40-49",2020-06-09,43,1,"CO"
"50-59",2020-06-09,90,3,"CO"
"60-69",2020-06-09,197,1,"CO"
"70-79",2020-06-09,368,3,"CO"
"80+",2020-06-09,833,2,"CO"
"0-9",2020-06-10,0,0,"CO"
"10-19",2020-06-10,3,0,"CO"
"20-29",2020-06-10,9,0,"CO"
"30-39",2020-06-10,10,0,"CO"
"40-49",2020-06-10,43,0,"CO"
"50-59",2020-06-10,95,5,"CO"
"60-69",2020-06-10,199,2,"CO"
"70-79",2020-06-10,375,7,"CO"
"80+",2020-06-10,839,6,"CO"
"0-9",2020-06-11,0,0,"CO"
"10-19",2020-06-11,3,0,"CO"
"20-29",2020-06-11,9,0,"CO"
"30-39",2020-06-11,10,0,"CO"
"40-49",2020-06-11,43,0,"CO"
"50-59",2020-06-11,96,1,"CO"
"60-69",2020-06-11,203,4,"CO"
"70-79",2020-06-11,376,1,"CO"
"80+",2020-06-11,842,3,"CO"
"0-9",2020-06-12,0,0,"CO"
"10-19",2020-06-12,3,0,"CO"
"20-29",2020-06-12,9,0,"CO"
"30-39",2020-06-12,10,0,"CO"
"40-49",2020-06-12,43,0,"CO"
"50-59",2020-06-12,97,1,"CO"
"60-69",2020-06-12,205,2,"CO"
"70-79",2020-06-12,376,0,"CO"
"80+",2020-06-12,850,8,"CO"
"0-9",2020-06-13,0,0,"CO"
"10-19",2020-06-13,3,0,"CO"
"20-29",2020-06-13,9,0,"CO"
"30-39",2020-06-13,10,0,"CO"
"40-49",2020-06-13,43,0,"CO"
"50-59",2020-06-13,98,1,"CO"
"60-69",2020-06-13,205,0,"CO"
"70-79",2020-06-13,376,0,"CO"
"80+",2020-06-13,854,4,"CO"
"0-9",2020-06-14,0,0,"CO"
"10-19",2020-06-14,3,0,"CO"
"20-29",2020-06-14,9,0,"CO"
"30-39",2020-06-14,10,0,"CO"
"40-49",2020-06-14,43,0,"CO"
"50-59",2020-06-14,98,0,"CO"
"60-69",2020-06-14,205,0,"CO"
"70-79",2020-06-14,376,0,"CO"
"80+",2020-06-14,855,1,"CO"
"0-9",2020-06-15,0,0,"CO"
"10-19",2020-06-15,3,0,"CO"
"20-29",2020-06-15,9,0,"CO"
"30-39",2020-06-15,11,1,"CO"
"40-49",2020-06-15,43,0,"CO"
"50-59",2020-06-15,99,1,"CO"
"60-69",2020-06-15,207,2,"CO"
"70-79",2020-06-15,377,1,"CO"
"80+",2020-06-15,856,1,"CO"
"0-9",2020-06-16,0,0,"CO"
"10-19",2020-06-16,3,0,"CO"
"20-29",2020-06-16,9,0,"CO"
"30-39",2020-06-16,11,0,"CO"
"40-49",2020-06-16,43,0,"CO"
"50-59",2020-06-16,101,2,"CO"
"60-69",2020-06-16,207,0,"CO"
"70-79",2020-06-16,379,2,"CO"
"80+",2020-06-16,863,7,"CO"
"0-9",2020-06-17,0,0,"CO"
"10-19",2020-06-17,3,0,"CO"
"20-29",2020-06-17,9,0,"CO"
"30-39",2020-06-17,11,0,"CO"
"40-49",2020-06-17,43,0,"CO"
"50-59",2020-06-17,103,2,"CO"
"60-69",2020-06-17,208,1,"CO"
"70-79",2020-06-17,381,2,"CO"
"80+",2020-06-17,872,9,"CO"
"0-9",2020-06-18,0,0,"CO"
"10-19",2020-06-18,3,0,"CO"
"20-29",2020-06-18,9,0,"CO"
"30-39",2020-06-18,11,0,"CO"
"40-49",2020-06-18,43,0,"CO"
"50-59",2020-06-18,104,1,"CO"
"60-69",2020-06-18,209,1,"CO"
"70-79",2020-06-18,382,1,"CO"
"80+",2020-06-18,876,4,"CO"
"0-9",2020-06-19,0,0,"CO"
"10-19",2020-06-19,3,0,"CO"
"20-29",2020-06-19,9,0,"CO"
"30-39",2020-06-19,11,0,"CO"
"40-49",2020-06-19,44,1,"CO"
"50-59",2020-06-19,104,0,"CO"
"60-69",2020-06-19,210,1,"CO"
"70-79",2020-06-19,382,0,"CO"
"80+",2020-06-19,880,4,"CO"
"0-9",2020-06-20,0,0,"CO"
"10-19",2020-06-20,3,0,"CO"
"20-29",2020-06-20,9,0,"CO"
"30-39",2020-06-20,11,0,"CO"
"40-49",2020-06-20,44,0,"CO"
"50-59",2020-06-20,104,0,"CO"
"60-69",2020-06-20,210,0,"CO"
"70-79",2020-06-20,384,2,"CO"
"80+",2020-06-20,881,1,"CO"
"0-9",2020-06-21,0,0,"CO"
"10-19",2020-06-21,3,0,"CO"
"20-29",2020-06-21,9,0,"CO"
"30-39",2020-06-21,11,0,"CO"
"40-49",2020-06-21,44,0,"CO"
"50-59",2020-06-21,104,0,"CO"
"60-69",2020-06-21,210,0,"CO"
"70-79",2020-06-21,384,0,"CO"
"80+",2020-06-21,881,0,"CO"
"0-9",2020-06-22,0,0,"CO"
"10-19",2020-06-22,3,0,"CO"
"20-29",2020-06-22,9,0,"CO"
"30-39",2020-06-22,11,0,"CO"
"40-49",2020-06-22,44,0,"CO"
"50-59",2020-06-22,104,0,"CO"
"60-69",2020-06-22,211,1,"CO"
"70-79",2020-06-22,386,2,"CO"
"80+",2020-06-22,883,2,"CO"
"0-9",2020-06-23,0,0,"CO"
"10-19",2020-06-23,3,0,"CO"
"20-29",2020-06-23,9,0,"CO"
"30-39",2020-06-23,11,0,"CO"
"40-49",2020-06-23,44,0,"CO"
"50-59",2020-06-23,106,2,"CO"
"60-69",2020-06-23,211,0,"CO"
"70-79",2020-06-23,388,2,"CO"
"80+",2020-06-23,893,10,"CO"
"0-9",2020-06-24,0,0,"CO"
"10-19",2020-06-24,3,0,"CO"
"20-29",2020-06-24,9,0,"CO"
"30-39",2020-06-24,11,0,"CO"
"40-49",2020-06-24,44,0,"CO"
"50-59",2020-06-24,107,1,"CO"
"60-69",2020-06-24,211,0,"CO"
"70-79",2020-06-24,388,0,"CO"
"80+",2020-06-24,894,1,"CO"
"0-9",2020-06-25,0,0,"CO"
"10-19",2020-06-25,3,0,"CO"
"20-29",2020-06-25,9,0,"CO"
"30-39",2020-06-25,11,0,"CO"
"40-49",2020-06-25,44,0,"CO"
"50-59",2020-06-25,107,0,"CO"
"60-69",2020-06-25,213,2,"CO"
"70-79",2020-06-25,388,0,"CO"
"80+",2020-06-25,894,0,"CO"
"0-9",2020-06-26,0,0,"CO"
"10-19",2020-06-26,3,0,"CO"
"20-29",2020-06-26,9,0,"CO"
"30-39",2020-06-26,11,0,"CO"
"40-49",2020-06-26,44,0,"CO"
"50-59",2020-06-26,108,1,"CO"
"60-69",2020-06-26,213,0,"CO"
"70-79",2020-06-26,390,2,"CO"
"80+",2020-06-26,895,1,"CO"
"0-9",2020-06-27,0,0,"CO"
"10-19",2020-06-27,3,0,"CO"
"20-29",2020-06-27,9,0,"CO"
"30-39",2020-06-27,11,0,"CO"
"40-49",2020-06-27,44,0,"CO"
"50-59",2020-06-27,108,0,"CO"
"60-69",2020-06-27,213,0,"CO"
"70-79",2020-06-27,390,0,"CO"
"80+",2020-06-27,896,1,"CO"
"0-9",2020-06-28,0,0,"CO"
"10-19",2020-06-28,3,0,"CO"
"20-29",2020-06-28,9,0,"CO"
"30-39",2020-06-28,11,0,"CO"
"40-49",2020-06-28,44,0,"CO"
"50-59",2020-06-28,108,0,"CO"
"60-69",2020-06-28,214,1,"CO"
"70-79",2020-06-28,390,0,"CO"
"80+",2020-06-28,897,1,"CO"
"0-9",2020-06-29,0,0,"CO"
"10-19",2020-06-29,3,0,"CO"
"20-29",2020-06-29,9,0,"CO"
"30-39",2020-06-29,11,0,"CO"
"40-49",2020-06-29,44,0,"CO"
"50-59",2020-06-29,110,2,"CO"
"60-69",2020-06-29,214,0,"CO"
"70-79",2020-06-29,393,3,"CO"
"80+",2020-06-29,898,1,"CO"
"0-9",2020-06-30,0,0,"CO"
"10-19",2020-06-30,3,0,"CO"
"20-29",2020-06-30,9,0,"CO"
"30-39",2020-06-30,11,0,"CO"
"40-49",2020-06-30,44,0,"CO"
"50-59",2020-06-30,111,1,"CO"
"60-69",2020-06-30,216,2,"CO"
"70-79",2020-06-30,394,1,"CO"
"80+",2020-06-30,898,0,"CO"
"0-9",2020-07-01,0,0,"CO"
"10-19",2020-07-01,3,0,"CO"
"20-29",2020-07-01,10,1,"CO"
"30-39",2020-07-01,11,0,"CO"
"40-49",2020-07-01,44,0,"CO"
"50-59",2020-07-01,111,0,"CO"
"60-69",2020-07-01,216,0,"CO"
"70-79",2020-07-01,396,2,"CO"
"80+",2020-07-01,898,0,"CO"
"0-9",2020-07-02,0,0,"CO"
"10-19",2020-07-02,3,0,"CO"
"20-29",2020-07-02,10,0,"CO"
"30-39",2020-07-02,11,0,"CO"
"40-49",2020-07-02,44,0,"CO"
"50-59",2020-07-02,111,0,"CO"
"60-69",2020-07-02,217,1,"CO"
"70-79",2020-07-02,396,0,"CO"
"80+",2020-07-02,898,0,"CO"
"0-9",2020-07-03,0,0,"CO"
"10-19",2020-07-03,3,0,"CO"
"20-29",2020-07-03,10,0,"CO"
"30-39",2020-07-03,11,0,"CO"
"40-49",2020-07-03,44,0,"CO"
"50-59",2020-07-03,111,0,"CO"
"60-69",2020-07-03,217,0,"CO"
"70-79",2020-07-03,396,0,"CO"
"80+",2020-07-03,898,0,"CO"
"0-9",2020-07-04,0,0,"CO"
"10-19",2020-07-04,3,0,"CO"
"20-29",2020-07-04,10,0,"CO"
"30-39",2020-07-04,11,0,"CO"
"40-49",2020-07-04,44,0,"CO"
"50-59",2020-07-04,111,0,"CO"
"60-69",2020-07-04,217,0,"CO"
"70-79",2020-07-04,396,0,"CO"
"80+",2020-07-04,898,0,"CO"
"0-9",2020-07-05,0,0,"CO"
"10-19",2020-07-05,3,0,"CO"
"20-29",2020-07-05,10,0,"CO"
"30-39",2020-07-05,11,0,"CO"
"40-49",2020-07-05,44,0,"CO"
"50-59",2020-07-05,111,0,"CO"
"60-69",2020-07-05,217,0,"CO"
"70-79",2020-07-05,396,0,"CO"
"80+",2020-07-05,898,0,"CO"
"0-9",2020-07-06,0,0,"CO"
"10-19",2020-07-06,3,0,"CO"
"20-29",2020-07-06,10,0,"CO"
"30-39",2020-07-06,12,1,"CO"
"40-49",2020-07-06,44,0,"CO"
"50-59",2020-07-06,111,0,"CO"
"60-69",2020-07-06,217,0,"CO"
"70-79",2020-07-06,396,0,"CO"
"80+",2020-07-06,898,0,"CO"
"0-9",2020-07-07,0,0,"CO"
"10-19",2020-07-07,3,0,"CO"
"20-29",2020-07-07,10,0,"CO"
"30-39",2020-07-07,12,0,"CO"
"40-49",2020-07-07,45,1,"CO"
"50-59",2020-07-07,111,0,"CO"
"60-69",2020-07-07,217,0,"CO"
"70-79",2020-07-07,398,2,"CO"
"80+",2020-07-07,900,2,"CO"
"0-9",2020-07-08,0,0,"CO"
"10-19",2020-07-08,3,0,"CO"
"20-29",2020-07-08,10,0,"CO"
"30-39",2020-07-08,12,0,"CO"
"40-49",2020-07-08,45,0,"CO"
"50-59",2020-07-08,111,0,"CO"
"60-69",2020-07-08,217,0,"CO"
"70-79",2020-07-08,400,2,"CO"
"80+",2020-07-08,906,6,"CO"
"0-9",2020-07-09,0,0,"CO"
"10-19",2020-07-09,3,0,"CO"
"20-29",2020-07-09,10,0,"CO"
"30-39",2020-07-09,12,0,"CO"
"40-49",2020-07-09,46,1,"CO"
"50-59",2020-07-09,111,0,"CO"
"60-69",2020-07-09,217,0,"CO"
"70-79",2020-07-09,401,1,"CO"
"80+",2020-07-09,906,0,"CO"
"0-9",2020-07-10,0,0,"CO"
"10-19",2020-07-10,3,0,"CO"
"20-29",2020-07-10,10,0,"CO"
"30-39",2020-07-10,12,0,"CO"
"40-49",2020-07-10,47,1,"CO"
"50-59",2020-07-10,111,0,"CO"
"60-69",2020-07-10,221,4,"CO"
"70-79",2020-07-10,403,2,"CO"
"80+",2020-07-10,917,11,"CO"
"0-9",2020-07-11,0,0,"CO"
"10-19",2020-07-11,3,0,"CO"
"20-29",2020-07-11,10,0,"CO"
"30-39",2020-07-11,12,0,"CO"
"40-49",2020-07-11,47,0,"CO"
"50-59",2020-07-11,111,0,"CO"
"60-69",2020-07-11,221,0,"CO"
"70-79",2020-07-11,403,0,"CO"
"80+",2020-07-11,918,1,"CO"
"0-9",2020-07-12,0,0,"CO"
"10-19",2020-07-12,3,0,"CO"
"20-29",2020-07-12,10,0,"CO"
"30-39",2020-07-12,12,0,"CO"
"40-49",2020-07-12,47,0,"CO"
"50-59",2020-07-12,111,0,"CO"
"60-69",2020-07-12,221,0,"CO"
"70-79",2020-07-12,403,0,"CO"
"80+",2020-07-12,918,0,"CO"
"0-9",2020-07-13,0,0,"CO"
"10-19",2020-07-13,3,0,"CO"
"20-29",2020-07-13,10,0,"CO"
"30-39",2020-07-13,12,0,"CO"
"40-49",2020-07-13,47,0,"CO"
"50-59",2020-07-13,111,0,"CO"
"60-69",2020-07-13,221,0,"CO"
"70-79",2020-07-13,405,2,"CO"
"80+",2020-07-13,918,0,"CO"
"0-9",2020-07-14,0,0,"CO"
"10-19",2020-07-14,3,0,"CO"
"20-29",2020-07-14,11,1,"CO"
"30-39",2020-07-14,12,0,"CO"
"40-49",2020-07-14,47,0,"CO"
"50-59",2020-07-14,111,0,"CO"
"60-69",2020-07-14,223,2,"CO"
"70-79",2020-07-14,409,4,"CO"
"80+",2020-07-14,922,4,"CO"
"0-9",2020-07-15,0,0,"CO"
"10-19",2020-07-15,3,0,"CO"
"20-29",2020-07-15,11,0,"CO"
"30-39",2020-07-15,12,0,"CO"
"40-49",2020-07-15,47,0,"CO"
"50-59",2020-07-15,111,0,"CO"
"60-69",2020-07-15,224,1,"CO"
"70-79",2020-07-15,411,2,"CO"
"80+",2020-07-15,924,2,"CO"
"0-9",2020-07-16,0,0,"CO"
"10-19",2020-07-16,3,0,"CO"
"20-29",2020-07-16,11,0,"CO"
"30-39",2020-07-16,12,0,"CO"
"40-49",2020-07-16,47,0,"CO"
"50-59",2020-07-16,111,0,"CO"
"60-69",2020-07-16,224,0,"CO"
"70-79",2020-07-16,411,0,"CO"
"80+",2020-07-16,926,2,"CO"
"0-9",2020-07-17,0,0,"CO"
"10-19",2020-07-17,3,0,"CO"
"20-29",2020-07-17,11,0,"CO"
"30-39",2020-07-17,12,0,"CO"
"40-49",2020-07-17,48,1,"CO"
"50-59",2020-07-17,112,1,"CO"
"60-69",2020-07-17,226,2,"CO"
"70-79",2020-07-17,412,1,"CO"
"80+",2020-07-17,927,1,"CO"
"0-9",2020-07-18,0,0,"CO"
"10-19",2020-07-18,3,0,"CO"
"20-29",2020-07-18,11,0,"CO"
"30-39",2020-07-18,12,0,"CO"
"40-49",2020-07-18,48,0,"CO"
"50-59",2020-07-18,112,0,"CO"
"60-69",2020-07-18,226,0,"CO"
"70-79",2020-07-18,413,1,"CO"
"80+",2020-07-18,927,0,"CO"
"0-9",2020-07-19,0,0,"CO"
"10-19",2020-07-19,3,0,"CO"
"20-29",2020-07-19,11,0,"CO"
"30-39",2020-07-19,12,0,"CO"
"40-49",2020-07-19,48,0,"CO"
"50-59",2020-07-19,112,0,"CO"
"60-69",2020-07-19,226,0,"CO"
"70-79",2020-07-19,413,0,"CO"
"80+",2020-07-19,927,0,"CO"
"0-9",2020-07-20,0,0,"CO"
"10-19",2020-07-20,3,0,"CO"
"20-29",2020-07-20,11,0,"CO"
"30-39",2020-07-20,12,0,"CO"
"40-49",2020-07-20,48,0,"CO"
"50-59",2020-07-20,114,2,"CO"
"60-69",2020-07-20,226,0,"CO"
"70-79",2020-07-20,416,3,"CO"
"80+",2020-07-20,928,1,"CO"
"0-9",2020-07-21,0,0,"CO"
"10-19",2020-07-21,3,0,"CO"
"20-29",2020-07-21,11,0,"CO"
"30-39",2020-07-21,12,0,"CO"
"40-49",2020-07-21,48,0,"CO"
"50-59",2020-07-21,114,0,"CO"
"60-69",2020-07-21,226,0,"CO"
"70-79",2020-07-21,416,0,"CO"
"80+",2020-07-21,933,5,"CO"
"0-9",2020-07-22,0,0,"CO"
"10-19",2020-07-22,3,0,"CO"
"20-29",2020-07-22,11,0,"CO"
"30-39",2020-07-22,12,0,"CO"
"40-49",2020-07-22,49,1,"CO"
"50-59",2020-07-22,115,1,"CO"
"60-69",2020-07-22,227,1,"CO"
"70-79",2020-07-22,417,1,"CO"
"80+",2020-07-22,937,4,"CO"
"0-9",2020-07-23,0,0,"CO"
"10-19",2020-07-23,3,0,"CO"
"20-29",2020-07-23,12,1,"CO"
"30-39",2020-07-23,13,1,"CO"
"40-49",2020-07-23,49,0,"CO"
"50-59",2020-07-23,116,1,"CO"
"60-69",2020-07-23,227,0,"CO"
"70-79",2020-07-23,420,3,"CO"
"80+",2020-07-23,946,9,"CO"
"0-9",2020-07-24,0,0,"CO"
"10-19",2020-07-24,3,0,"CO"
"20-29",2020-07-24,12,0,"CO"
"30-39",2020-07-24,13,0,"CO"
"40-49",2020-07-24,49,0,"CO"
"50-59",2020-07-24,116,0,"CO"
"60-69",2020-07-24,227,0,"CO"
"70-79",2020-07-24,422,2,"CO"
"80+",2020-07-24,948,2,"CO"
"0-9",2020-07-25,0,0,"CO"
"10-19",2020-07-25,3,0,"CO"
"20-29",2020-07-25,12,0,"CO"
"30-39",2020-07-25,13,0,"CO"
"40-49",2020-07-25,49,0,"CO"
"50-59",2020-07-25,116,0,"CO"
"60-69",2020-07-25,227,0,"CO"
"70-79",2020-07-25,424,2,"CO"
"80+",2020-07-25,950,2,"CO"
"0-9",2020-07-26,0,0,"CO"
"10-19",2020-07-26,3,0,"CO"
"20-29",2020-07-26,12,0,"CO"
"30-39",2020-07-26,13,0,"CO"
"40-49",2020-07-26,49,0,"CO"
"50-59",2020-07-26,116,0,"CO"
"60-69",2020-07-26,227,0,"CO"
"70-79",2020-07-26,424,0,"CO"
"80+",2020-07-26,950,0,"CO"
"0-9",2020-07-27,0,0,"CO"
"10-19",2020-07-27,3,0,"CO"
"20-29",2020-07-27,12,0,"CO"
"30-39",2020-07-27,15,2,"CO"
"40-49",2020-07-27,49,0,"CO"
"50-59",2020-07-27,116,0,"CO"
"60-69",2020-07-27,228,1,"CO"
"70-79",2020-07-27,424,0,"CO"
"80+",2020-07-27,952,2,"CO"
"0-9",2020-07-28,0,0,"CO"
"10-19",2020-07-28,3,0,"CO"
"20-29",2020-07-28,12,0,"CO"
"30-39",2020-07-28,15,0,"CO"
"40-49",2020-07-28,50,1,"CO"
"50-59",2020-07-28,118,2,"CO"
"60-69",2020-07-28,230,2,"CO"
"70-79",2020-07-28,427,3,"CO"
"80+",2020-07-28,952,0,"CO"
"0-9",2020-07-29,0,0,"CO"
"10-19",2020-07-29,3,0,"CO"
"20-29",2020-07-29,12,0,"CO"
"30-39",2020-07-29,15,0,"CO"
"40-49",2020-07-29,50,0,"CO"
"50-59",2020-07-29,118,0,"CO"
"60-69",2020-07-29,233,3,"CO"
"70-79",2020-07-29,429,2,"CO"
"80+",2020-07-29,961,9,"CO"
"0-9",2020-07-30,0,0,"CO"
"10-19",2020-07-30,3,0,"CO"
"20-29",2020-07-30,12,0,"CO"
"30-39",2020-07-30,15,0,"CO"
"40-49",2020-07-30,50,0,"CO"
"50-59",2020-07-30,118,0,"CO"
"60-69",2020-07-30,233,0,"CO"
"70-79",2020-07-30,429,0,"CO"
"80+",2020-07-30,962,1,"CO"
"0-9",2020-07-31,0,0,"CO"
"10-19",2020-07-31,3,0,"CO"
"20-29",2020-07-31,12,0,"CO"
"30-39",2020-07-31,15,0,"CO"
"40-49",2020-07-31,51,1,"CO"
"50-59",2020-07-31,119,1,"CO"
"60-69",2020-07-31,235,2,"CO"
"70-79",2020-07-31,433,4,"CO"
"80+",2020-07-31,970,8,"CO"
"0-9",2020-08-01,0,0,"CO"
"10-19",2020-08-01,3,0,"CO"
"20-29",2020-08-01,12,0,"CO"
"30-39",2020-08-01,15,0,"CO"
"40-49",2020-08-01,51,0,"CO"
"50-59",2020-08-01,119,0,"CO"
"60-69",2020-08-01,237,2,"CO"
"70-79",2020-08-01,433,0,"CO"
"80+",2020-08-01,974,4,"CO"
"0-9",2020-08-02,0,0,"CO"
"10-19",2020-08-02,3,0,"CO"
"20-29",2020-08-02,12,0,"CO"
"30-39",2020-08-02,15,0,"CO"
"40-49",2020-08-02,51,0,"CO"
"50-59",2020-08-02,119,0,"CO"
"60-69",2020-08-02,237,0,"CO"
"70-79",2020-08-02,433,0,"CO"
"80+",2020-08-02,974,0,"CO"
"0-9",2020-08-03,0,0,"CO"
"10-19",2020-08-03,3,0,"CO"
"20-29",2020-08-03,12,0,"CO"
"30-39",2020-08-03,15,0,"CO"
"40-49",2020-08-03,51,0,"CO"
"50-59",2020-08-03,119,0,"CO"
"60-69",2020-08-03,237,0,"CO"
"70-79",2020-08-03,433,0,"CO"
"80+",2020-08-03,974,0,"CO"
"0-9",2020-08-04,0,0,"CO"
"10-19",2020-08-04,3,0,"CO"
"20-29",2020-08-04,12,0,"CO"
"30-39",2020-08-04,15,0,"CO"
"40-49",2020-08-04,51,0,"CO"
"50-59",2020-08-04,119,0,"CO"
"60-69",2020-08-04,237,0,"CO"
"70-79",2020-08-04,434,1,"CO"
"80+",2020-08-04,978,4,"CO"
"0-9",2020-08-05,0,0,"CO"
"10-19",2020-08-05,3,0,"CO"
"20-29",2020-08-05,12,0,"CO"
"30-39",2020-08-05,15,0,"CO"
"40-49",2020-08-05,51,0,"CO"
"50-59",2020-08-05,119,0,"CO"
"60-69",2020-08-05,238,1,"CO"
"70-79",2020-08-05,434,0,"CO"
"80+",2020-08-05,979,1,"CO"
"0-9",2020-08-06,0,0,"CO"
"10-19",2020-08-06,3,0,"CO"
"20-29",2020-08-06,12,0,"CO"
"30-39",2020-08-06,15,0,"CO"
"40-49",2020-08-06,51,0,"CO"
"50-59",2020-08-06,119,0,"CO"
"60-69",2020-08-06,238,0,"CO"
"70-79",2020-08-06,434,0,"CO"
"80+",2020-08-06,979,0,"CO"
"0-9",2020-08-07,0,0,"CO"
"10-19",2020-08-07,3,0,"CO"
"20-29",2020-08-07,12,0,"CO"
"30-39",2020-08-07,16,1,"CO"
"40-49",2020-08-07,51,0,"CO"
"50-59",2020-08-07,119,0,"CO"
"60-69",2020-08-07,238,0,"CO"
"70-79",2020-08-07,434,0,"CO"
"80+",2020-08-07,983,4,"CO"
"0-9",2020-08-08,0,0,"CO"
"10-19",2020-08-08,3,0,"CO"
"20-29",2020-08-08,12,0,"CO"
"30-39",2020-08-08,16,0,"CO"
"40-49",2020-08-08,51,0,"CO"
"50-59",2020-08-08,119,0,"CO"
"60-69",2020-08-08,238,0,"CO"
"70-79",2020-08-08,435,1,"CO"
"80+",2020-08-08,983,0,"CO"
"0-9",2020-08-09,0,0,"CO"
"10-19",2020-08-09,3,0,"CO"
"20-29",2020-08-09,12,0,"CO"
"30-39",2020-08-09,16,0,"CO"
"40-49",2020-08-09,51,0,"CO"
"50-59",2020-08-09,119,0,"CO"
"60-69",2020-08-09,238,0,"CO"
"70-79",2020-08-09,435,0,"CO"
"80+",2020-08-09,984,1,"CO"
"0-9",2020-08-10,0,0,"CO"
"10-19",2020-08-10,3,0,"CO"
"20-29",2020-08-10,12,0,"CO"
"30-39",2020-08-10,16,0,"CO"
"40-49",2020-08-10,52,1,"CO"
"50-59",2020-08-10,121,2,"CO"
"60-69",2020-08-10,238,0,"CO"
"70-79",2020-08-10,435,0,"CO"
"80+",2020-08-10,986,2,"CO"
"0-9",2020-08-11,0,0,"CO"
"10-19",2020-08-11,3,0,"CO"
"20-29",2020-08-11,12,0,"CO"
"30-39",2020-08-11,16,0,"CO"
"40-49",2020-08-11,52,0,"CO"
"50-59",2020-08-11,121,0,"CO"
"60-69",2020-08-11,238,0,"CO"
"70-79",2020-08-11,437,2,"CO"
"80+",2020-08-11,995,9,"CO"
"0-9",2020-08-12,0,0,"CO"
"10-19",2020-08-12,3,0,"CO"
"20-29",2020-08-12,12,0,"CO"
"30-39",2020-08-12,16,0,"CO"
"40-49",2020-08-12,53,1,"CO"
"50-59",2020-08-12,121,0,"CO"
"60-69",2020-08-12,238,0,"CO"
"70-79",2020-08-12,437,0,"CO"
"80+",2020-08-12,995,0,"CO"
"0-9",2020-08-13,0,0,"CO"
"10-19",2020-08-13,3,0,"CO"
"20-29",2020-08-13,12,0,"CO"
"30-39",2020-08-13,17,1,"CO"
"40-49",2020-08-13,53,0,"CO"
"50-59",2020-08-13,121,0,"CO"
"60-69",2020-08-13,238,0,"CO"
"70-79",2020-08-13,441,4,"CO"
"80+",2020-08-13,996,1,"CO"
"0-9",2020-08-14,0,0,"CO"
"10-19",2020-08-14,3,0,"CO"
"20-29",2020-08-14,12,0,"CO"
"30-39",2020-08-14,17,0,"CO"
"40-49",2020-08-14,53,0,"CO"
"50-59",2020-08-14,122,1,"CO"
"60-69",2020-08-14,239,1,"CO"
"70-79",2020-08-14,443,2,"CO"
"80+",2020-08-14,998,2,"CO"
"0-9",2020-08-15,0,0,"CO"
"10-19",2020-08-15,3,0,"CO"
"20-29",2020-08-15,13,1,"CO"
"30-39",2020-08-15,17,0,"CO"
"40-49",2020-08-15,53,0,"CO"
"50-59",2020-08-15,122,0,"CO"
"60-69",2020-08-15,239,0,"CO"
"70-79",2020-08-15,446,3,"CO"
"80+",2020-08-15,1002,4,"CO"
"0-9",2020-08-16,0,0,"CO"
"10-19",2020-08-16,3,0,"CO"
"20-29",2020-08-16,13,0,"CO"
"30-39",2020-08-16,17,0,"CO"
"40-49",2020-08-16,53,0,"CO"
"50-59",2020-08-16,122,0,"CO"
"60-69",2020-08-16,239,0,"CO"
"70-79",2020-08-16,446,0,"CO"
"80+",2020-08-16,1003,1,"CO"
"0-9",2020-08-17,0,0,"CO"
"10-19",2020-08-17,3,0,"CO"
"20-29",2020-08-17,13,0,"CO"
"30-39",2020-08-17,17,0,"CO"
"40-49",2020-08-17,53,0,"CO"
"50-59",2020-08-17,122,0,"CO"
"60-69",2020-08-17,239,0,"CO"
"70-79",2020-08-17,446,0,"CO"
"80+",2020-08-17,1003,0,"CO"
"0-9",2020-08-18,0,0,"CO"
"10-19",2020-08-18,3,0,"CO"
"20-29",2020-08-18,13,0,"CO"
"30-39",2020-08-18,17,0,"CO"
"40-49",2020-08-18,54,1,"CO"
"50-59",2020-08-18,122,0,"CO"
"60-69",2020-08-18,239,0,"CO"
"70-79",2020-08-18,446,0,"CO"
"80+",2020-08-18,1005,2,"CO"
"0-9",2020-08-19,0,0,"CO"
"10-19",2020-08-19,3,0,"CO"
"20-29",2020-08-19,13,0,"CO"
"30-39",2020-08-19,17,0,"CO"
"40-49",2020-08-19,54,0,"CO"
"50-59",2020-08-19,122,0,"CO"
"60-69",2020-08-19,240,1,"CO"
"70-79",2020-08-19,446,0,"CO"
"80+",2020-08-19,1005,0,"CO"
"0-9",2020-08-20,0,0,"CO"
"10-19",2020-08-20,3,0,"CO"
"20-29",2020-08-20,13,0,"CO"
"30-39",2020-08-20,17,0,"CO"
"40-49",2020-08-20,54,0,"CO"
"50-59",2020-08-20,122,0,"CO"
"60-69",2020-08-20,241,1,"CO"
"70-79",2020-08-20,446,0,"CO"
"80+",2020-08-20,1007,2,"CO"
"0-9",2020-08-21,0,0,"CO"
"0-9",2020-08-22,0,0,"CO"
"0-9",2020-08-23,0,0,"CO"
"0-9",2020-08-24,0,0,"CO"
"0-9",2020-08-25,0,0,"CO"
"0-9",2020-08-26,0,0,"CO"
"0-9",2020-08-27,0,0,"CO"
"0-9",2020-08-28,0,0,"CO"
"0-9",2020-08-29,0,0,"CO"
"10-19",2020-08-21,3,0,"CO"
"10-19",2020-08-22,3,0,"CO"
"10-19",2020-08-23,3,0,"CO"
"10-19",2020-08-24,3,0,"CO"
"10-19",2020-08-25,3,0,"CO"
"10-19",2020-08-26,3,0,"CO"
"10-19",2020-08-27,3,0,"CO"
"10-19",2020-08-28,3,0,"CO"
"10-19",2020-08-29,3,0,"CO"
"20-29",2020-08-21,13,0,"CO"
"20-29",2020-08-22,13,0,"CO"
"20-29",2020-08-23,13,0,"CO"
"20-29",2020-08-24,13,0,"CO"
"20-29",2020-08-25,13,0,"CO"
"20-29",2020-08-26,13,0,"CO"
"20-29",2020-08-27,13,0,"CO"
"20-29",2020-08-28,13,0,"CO"
"20-29",2020-08-29,13,0,"CO"
"30-39",2020-08-21,17,0,"CO"
"30-39",2020-08-22,17,0,"CO"
"30-39",2020-08-23,17,0,"CO"
"30-39",2020-08-24,17,0,"CO"
"30-39",2020-08-25,17,0,"CO"
"30-39",2020-08-26,17,0,"CO"
"30-39",2020-08-27,17,0,"CO"
"30-39",2020-08-28,17,0,"CO"
"30-39",2020-08-29,17,0,"CO"
"40-49",2020-08-21,54,0,"CO"
"40-49",2020-08-22,54,0,"CO"
"40-49",2020-08-23,54,0,"CO"
"40-49",2020-08-24,54,0,"CO"
"40-49",2020-08-25,54,0,"CO"
"40-49",2020-08-26,54,0,"CO"
"40-49",2020-08-27,54,0,"CO"
"40-49",2020-08-28,54,1,"CO"
"40-49",2020-08-29,54,1,"CO"
"50-59",2020-08-21,122,0,"CO"
"50-59",2020-08-22,122,0,"CO"
"50-59",2020-08-23,122,1,"CO"
"50-59",2020-08-24,122,1,"CO"
"50-59",2020-08-25,122,1,"CO"
"50-59",2020-08-26,122,1,"CO"
"50-59",2020-08-27,122,1,"CO"
"50-59",2020-08-28,122,1,"CO"
"50-59",2020-08-29,122,1,"CO"
"60-69",2020-08-21,241,0,"CO"
"60-69",2020-08-22,241,1,"CO"
"60-69",2020-08-23,241,1,"CO"
"60-69",2020-08-24,241,1,"CO"
"60-69",2020-08-25,241,1,"CO"
"60-69",2020-08-26,241,1,"CO"
"60-69",2020-08-27,241,1,"CO"
"60-69",2020-08-28,241,1,"CO"
"60-69",2020-08-29,241,1,"CO"
"70-79",2020-08-21,446,0,"CO"
"70-79",2020-08-22,446,0,"CO"
"70-79",2020-08-23,446,1,"CO"
"70-79",2020-08-24,446,1,"CO"
"70-79",2020-08-25,446,1,"CO"
"70-79",2020-08-26,446,1,"CO"
"70-79",2020-08-27,446,1,"CO"
"70-79",2020-08-28,446,1,"CO"
"70-79",2020-08-29,446,1,"CO"
"80+",2020-08-21,1008,1,"CO"
"80+",2020-08-22,1009,1,"CO"
"80+",2020-08-23,1010,1,"CO"
"80+",2020-08-24,1011,1,"CO"
"80+",2020-08-25,1012,2,"CO"
"80+",2020-08-26,1013,2,"CO"
"80+",2020-08-27,1014,2,"CO"
"80+",2020-08-28,1015,2,"CO"
"80+",2020-08-29,1016,2,"CO"
"0-9",2020-08-30,0,0,"CO"
"10-19",2020-08-30,3,0,"CO"
"20-29",2020-08-30,13,0,"CO"
"30-39",2020-08-30,17,0,"CO"
"40-49",2020-08-30,56,0,"CO"
"50-59",2020-08-30,129,0,"CO"
"60-69",2020-08-30,249,0,"CO"
"70-79",2020-08-30,453,0,"CO"
"80+",2020-08-30,1022,1,"CO"
"0-9",2020-08-31,0,0,"CO"
"10-19",2020-08-31,3,0,"CO"
"20-29",2020-08-31,13,0,"CO"
"30-39",2020-08-31,17,0,"CO"
"40-49",2020-08-31,56,0,"CO"
"50-59",2020-08-31,129,0,"CO"
"60-69",2020-08-31,249,0,"CO"
"70-79",2020-08-31,454,1,"CO"
"80+",2020-08-31,1024,2,"CO"
"0-9",2020-09-01,0,0,"CO"
"10-19",2020-09-01,3,0,"CO"
"20-29",2020-09-01,13,0,"CO"
"30-39",2020-09-01,17,0,"CO"
"40-49",2020-09-01,56,0,"CO"
"50-59",2020-09-01,129,0,"CO"
"60-69",2020-09-01,249,0,"CO"
"70-79",2020-09-01,454,0,"CO"
"80+",2020-09-01,1024,0,"CO"
"0-9",2020-09-02,0,0,"CO"
"10-19",2020-09-02,3,0,"CO"
"20-29",2020-09-02,13,0,"CO"
"30-39",2020-09-02,17,0,"CO"
"40-49",2020-09-02,56,0,"CO"
"50-59",2020-09-02,129,0,"CO"
"60-69",2020-09-02,250,1,"CO"
"70-79",2020-09-02,456,2,"CO"
"80+",2020-09-02,1027,3,"CO"
"0-9",2020-09-03,0,0,"CO"
"10-19",2020-09-03,3,0,"CO"
"20-29",2020-09-03,13,0,"CO"
"30-39",2020-09-03,17,0,"CO"
"40-49",2020-09-03,56,0,"CO"
"50-59",2020-09-03,130,1,"CO"
"60-69",2020-09-03,250,0,"CO"
"70-79",2020-09-03,458,2,"CO"
"80+",2020-09-03,1029,2,"CO"
"0-9",2020-09-04,0,0,"CO"
"10-19",2020-09-04,3,0,"CO"
"20-29",2020-09-04,13,0,"CO"
"30-39",2020-09-04,17,0,"CO"
"40-49",2020-09-04,56,0,"CO"
"50-59",2020-09-04,131,1,"CO"
"60-69",2020-09-04,250,0,"CO"
"70-79",2020-09-04,461,3,"CO"
"80+",2020-09-04,1033,4,"CO"
"0-9",2020-09-05,0,0,"CO"
"10-19",2020-09-05,3,0,"CO"
"20-29",2020-09-05,14,1,"CO"
"30-39",2020-09-05,17,0,"CO"
"40-49",2020-09-05,56,0,"CO"
"50-59",2020-09-05,132,1,"CO"
"60-69",2020-09-05,250,0,"CO"
"70-79",2020-09-05,462,1,"CO"
"80+",2020-09-05,1037,4,"CO"
"0-9",2020-09-06,0,0,"CO"
"10-19",2020-09-06,3,0,"CO"
"20-29",2020-09-06,15,1,"CO"
"30-39",2020-09-06,17,0,"CO"
"40-49",2020-09-06,56,0,"CO"
"50-59",2020-09-06,132,0,"CO"
"60-69",2020-09-06,250,0,"CO"
"70-79",2020-09-06,462,0,"CO"
"80+",2020-09-06,1037,0,"CO"
"0-9",2020-09-07,0,0,"CO"
"10-19",2020-09-07,3,0,"CO"
"20-29",2020-09-07,15,0,"CO"
"30-39",2020-09-07,17,0,"CO"
"40-49",2020-09-07,56,0,"CO"
"50-59",2020-09-07,132,0,"CO"
"60-69",2020-09-07,250,0,"CO"
"70-79",2020-09-07,462,0,"CO"
"80+",2020-09-07,1038,1,"CO"
"0-9",2020-09-08,0,0,"CO"
"10-19",2020-09-08,3,0,"CO"
"20-29",2020-09-08,15,0,"CO"
"30-39",2020-09-08,17,0,"CO"
"40-49",2020-09-08,56,0,"CO"
"50-59",2020-09-08,132,0,"CO"
"60-69",2020-09-08,250,0,"CO"
"70-79",2020-09-08,462,0,"CO"
"80+",2020-09-08,1038,0,"CO"
"0-9",2020-09-09,0,0,"CO"
"10-19",2020-09-09,3,0,"CO"
"20-29",2020-09-09,15,0,"CO"
"30-39",2020-09-09,17,0,"CO"
"40-49",2020-09-09,56,0,"CO"
"50-59",2020-09-09,133,1,"CO"
"60-69",2020-09-09,250,0,"CO"
"70-79",2020-09-09,462,0,"CO"
"80+",2020-09-09,1040,2,"CO"
"0-9",2020-09-10,0,0,"CO"
"10-19",2020-09-10,3,0,"CO"
"20-29",2020-09-10,15,0,"CO"
"30-39",2020-09-10,17,0,"CO"
"40-49",2020-09-10,56,0,"CO"
"50-59",2020-09-10,133,0,"CO"
"60-69",2020-09-10,250,0,"CO"
"70-79",2020-09-10,462,0,"CO"
"80+",2020-09-10,1043,3,"CO"
